sku,description,unit_price,category,image_url
10002,INFLATABLE POLITICAL GLOBE,0.85,General,https://api.openverse.org/v1/images/95ae6d34-5ea7-46ac-9ae3-bd585872c763/thumb/
10002R,ROBOT PENCIL SHARPNER,5.17,General,
10080,GROOVY CACTUS INFLATABLE,0.39,General,
10109,BENDY COLOUR PENCILS,0.42,General,
10120,DOGGY RUBBER,0.21,General,
10123C,HEARTS WRAPPING TAPE,0.65,General,
10123G,ARMY CAMO WRAPPING TAPE,0.65,General,
10124A,SPOTS ON RED BOOKCOVER TAPE,0.42,General,
10124G,ARMY CAMO BOOKCOVER TAPE,0.42,General,
10125,MINI FUNKY DESIGN TAPES,0.85,General,
10133,COLOURING PENCILS BROWN TUBE,0.83,General,
10134,COLOURING PENCILS BROWN TUBE,1.25,General,
10135,COLOURING PENCILS BROWN TUBE,1.25,General,
10138,ASSORTED COLOUR JUMBO PEN,0.42,General,
11001,ASSTD DESIGN RACING CAR PEN,1.69,General,
15030,FAN BLACK FRAME,0.29,General,https://api.openverse.org/v1/images/8ec53748-2acc-4984-8a6f-528cbb3fb3d9/thumb/
15034,PAPER POCKET TRAVELING FAN,0.14,General,https://api.openverse.org/v1/images/582db183-fd66-47f5-a685-7c461324fc0f/thumb/
15036,ASSORTED COLOURS SILK FAN,0.83,General,https://api.openverse.org/v1/images/582db183-fd66-47f5-a685-7c461324fc0f/thumb/
15039,SANDALWOOD FAN,0.85,General,https://api.openverse.org/v1/images/582db183-fd66-47f5-a685-7c461324fc0f/thumb/
15044A,PINK PAPER PARASOL,2.95,General,
15044B,BLUE PAPER PARASOL,2.95,General,
15044C,PURPLE PAPER PARASOL,2.95,General,
15044D,RED PAPER PARASOL,2.95,General,
15056BL,EDWARDIAN PARASOL BLACK,5.95,General,
15056N,EDWARDIAN PARASOL NATURAL,5.95,General,
15056P,EDWARDIAN PARASOL PINK,5.95,General,
15058A,BLUE POLKADOT GARDEN PARASOL,7.95,General,
15058B,PINK POLKADOT GARDEN PARASOL,7.95,General,
15058C,ICE CREAM DESIGN GARDEN PARASOL,7.95,General,
15059A,ENGLISH ROSE EDWARDIAN PARASOL,13.00,General,
15060B,FAIRY CAKE DESIGN UMBRELLA,3.75,General,
16008,SMALL FOLDING SCISSOR(POINTED EDGE),0.12,General,https://api.openverse.org/v1/images/a3d6b716-b188-48a4-a421-2e7d582c2d64/thumb/
16010,FOLDING CAMPING SCISSOR W/KNIF & S,0.12,General,
16011,ANIMAL STICKERS,0.21,General,https://api.openverse.org/v1/images/713edf7e-d3be-4993-b671-7372c1d675fa/thumb/
16012,FOOD/DRINK SPONGE STICKERS,0.21,General,https://api.openverse.org/v1/images/713edf7e-d3be-4993-b671-7372c1d675fa/thumb/
16014,SMALL CHINESE STYLE SCISSOR,0.42,General,
16015,MEDIUM CHINESE STYLE SCISSOR,0.50,General,
16016,LARGE CHINESE STYLE SCISSOR,0.85,General,
16020C,CLEAR STATIONERY BOX SET,0.85,General,https://api.openverse.org/v1/images/1190a5b6-5e15-4eb7-a0c8-ec57704d85aa/thumb/
16033,MINI HIGHLIGHTER PENS,0.12,General,
16043,POP ART PUSH DOWN RUBBER,0.42,General,
16044,POP-ART FLUORESCENT PENS,0.42,General,
16045,POPART WOODEN PENCILS ASST,0.04,General,https://api.openverse.org/v1/images/3f8abe21-618d-4850-83ff-8112a5c5d91a/thumb/
16046,TEATIME PEN CASE & PENS,0.85,General,
16047,POP ART PEN CASE & PENS,0.85,General,
16048,TEATIME ROUND PENCIL SHARPENER,0.12,General,
16049,TEATIME GEL PENS ASST,0.42,General,https://api.openverse.org/v1/images/3f8abe21-618d-4850-83ff-8112a5c5d91a/thumb/
16050,TEATIME PENCIL WITH RUBBER,0.40,General,
16051,TEATIME PENCIL W STAMP ASST,0.42,General,https://api.openverse.org/v1/images/3f8abe21-618d-4850-83ff-8112a5c5d91a/thumb/
16052,TEATIME PUSH DOWN RUBBER,0.42,General,
16053,POPART COL BALLPOINT PEN ASST,0.21,General,https://api.openverse.org/v1/images/3f8abe21-618d-4850-83ff-8112a5c5d91a/thumb/
16054,POPART RECT PENCIL SHARPENER ASST,0.12,General,https://api.openverse.org/v1/images/3f8abe21-618d-4850-83ff-8112a5c5d91a/thumb/
16119,FUNKY GIRL ADDRESS BOOK,1.25,General,https://api.openverse.org/v1/images/26966751-3191-41d5-b8f8-593822219640/thumb/
16151A,FLOWERS HANDBAG blue and orange,1.25,General,
16156L,"WRAP, CAROUSEL",0.42,General,https://api.openverse.org/v1/images/98db1f57-7ddd-44ee-96fe-3090c8790d85/thumb/
16156N,"WRAP, FRIENDSHIP ON GREEN",0.42,General,https://api.openverse.org/v1/images/0563f535-40f8-4c09-af13-8838843778a2/thumb/
16156S,WRAP PINK FAIRY CAKES,0.42,General,https://api.openverse.org/v1/images/e3f04f4d-9346-44e6-80a8-f160171979a3/thumb/
16161C,WRAP SPEED DEMONS,0.10,General,https://api.openverse.org/v1/images/a37010cb-b692-4016-9c17-489a34d463b3/thumb/
16161E,WRAP BOUDOIR,0.10,General,https://api.openverse.org/v1/images/2b435e88-1640-4eeb-9935-1f5cccbd5830/thumb/
16161G,WRAP BAD HAIR DAY,0.10,General,https://api.openverse.org/v1/images/08ce4817-a9d9-4624-ac37-ddea4f7d52b6/thumb/
16161M,WRAP  PINK FLOCK,0.42,General,https://api.openverse.org/v1/images/4128e2e3-36b2-4cd6-a822-2c412e298d41/thumb/
16161P,WRAP ENGLISH ROSE,0.42,General,https://api.openverse.org/v1/images/1f375716-64cb-4fea-942c-2c5a440cd9ed/thumb/
16161U,WRAP SUKI AND FRIENDS,0.42,General,https://api.openverse.org/v1/images/7275d520-2a10-4112-8cea-aea579f2e916/thumb/
16162L,THE KING GIFT BAG,0.65,General,https://api.openverse.org/v1/images/cb3e1d79-54b4-47d2-9678-84b342331819/thumb/
16162M,THE KING GIFT BAG 25x24x12cm,0.42,General,https://api.openverse.org/v1/images/cb3e1d79-54b4-47d2-9678-84b342331819/thumb/
16168M,FUNKY MONKEY GIFT BAG MEDIUM,0.42,General,https://api.openverse.org/v1/images/cb3e1d79-54b4-47d2-9678-84b342331819/thumb/
16168S,FUNKY MONKEY GIFT BAG SMALL,0.29,General,https://api.openverse.org/v1/images/cb3e1d79-54b4-47d2-9678-84b342331819/thumb/
16169A,WRAP CHRISTMAS DECOUPAGE,0.42,General,https://api.openverse.org/v1/images/f87339be-d0a3-4dd4-a91c-ed081f6bbd45/thumb/
16169C,WRAP BLUE REINDEER,0.42,General,
16169D,WRAP WINTER FOREST,0.42,General,https://api.openverse.org/v1/images/937a1001-5040-4f05-8c39-76cdd1d0c791/thumb/
16169E,WRAP 50'S  CHRISTMAS,0.42,General,https://api.openverse.org/v1/images/6dbda933-025f-41ea-8e49-85fe18db9274/thumb/
16169F,WRAP BLIZZARD,0.42,General,https://api.openverse.org/v1/images/88e5861e-1fa9-4df5-a31a-7bd1959dcb1b/thumb/
16169G,WRAP ROMANTIC DECOUPAGE,0.42,General,https://api.openverse.org/v1/images/f87339be-d0a3-4dd4-a91c-ed081f6bbd45/thumb/
16169K,WRAP FOLK ART,0.42,General,https://api.openverse.org/v1/images/f5ab3e3e-0c85-49d4-9a73-a044a9ff7096/thumb/
16169M,WRAP DAISY CARPET,0.42,General,https://api.openverse.org/v1/images/baecac7b-58fc-4dc9-beae-47d5287f50a8/thumb/
16169N,WRAP BLUE RUSSIAN FOLKART,0.42,General,https://api.openverse.org/v1/images/3aee11f6-bada-4ecd-b943-80f7691e2e8f/thumb/
16169P,WRAP GREEN RUSSIAN FOLKART,0.42,General,https://api.openverse.org/v1/images/3aee11f6-bada-4ecd-b943-80f7691e2e8f/thumb/
16192,PINK BALLET OPENING CUBE BOX,4.30,General,https://api.openverse.org/v1/images/1190a5b6-5e15-4eb7-a0c8-ec57704d85aa/thumb/
16201A,PASTEL PINK PHOTO ALBUM,1.95,General,https://api.openverse.org/v1/images/6e35d837-0ebb-4167-9c8a-97aa378bd99e/thumb/
16201B,PASTEL BLUE PHOTO ALBUM,3.43,General,https://api.openverse.org/v1/images/6e35d837-0ebb-4167-9c8a-97aa378bd99e/thumb/
16202A,PASTEL PINK PHOTO ALBUM,5.55,General,https://api.openverse.org/v1/images/6e35d837-0ebb-4167-9c8a-97aa378bd99e/thumb/
16202B,PASTEL BLUE PHOTO ALBUM,5.55,General,https://api.openverse.org/v1/images/6e35d837-0ebb-4167-9c8a-97aa378bd99e/thumb/
16202C,BEIGE PHOTO ALBUM,1.95,General,https://api.openverse.org/v1/images/6e35d837-0ebb-4167-9c8a-97aa378bd99e/thumb/
16202E,BLACK PHOTO ALBUM,1.95,General,https://api.openverse.org/v1/images/6e35d837-0ebb-4167-9c8a-97aa378bd99e/thumb/
16206B,RED PURSE WITH PINK HEART,1.25,General,https://api.openverse.org/v1/images/81ab0a1d-2964-4a2f-a4fe-7f105e59de40/thumb/
16207A,PINK STRAWBERRY HANDBAG,2.95,General,https://api.openverse.org/v1/images/ee400ae7-0790-45b3-a484-0ab01cd9f49b/thumb/
16207B,PINK HEART RED HANDBAG,2.51,General,https://api.openverse.org/v1/images/ee400ae7-0790-45b3-a484-0ab01cd9f49b/thumb/
16212,FUNKY GIRLZ ASST MAGNETIC MEMO PAD,0.65,General,
16215,FUNKY GIRLZ MAGNETIC TO DO LIST,0.65,General,
16216,LETTER SHAPE PENCIL SHARPENER,0.16,General,
16218,CARTOON  PENCIL SHARPENERS,0.16,General,
16219,HOUSE SHAPE PENCIL SHARPENER,0.21,General,
16225,RATTLE SNAKE EGGS,1.25,General,https://api.openverse.org/v1/images/9ad156e7-e62e-4afd-b52b-0b4ddfc52bb4/thumb/
16235,RECYCLED PENCIL WITH RABBIT ERASER,0.21,General,https://api.openverse.org/v1/images/b2a74c85-da13-4bc0-ab3d-f25df3d9f54c/thumb/
16236,KITTY PENCIL ERASERS,0.21,General,https://api.openverse.org/v1/images/b2a74c85-da13-4bc0-ab3d-f25df3d9f54c/thumb/
16237,SLEEPING CAT ERASERS,0.21,General,https://api.openverse.org/v1/images/b2a74c85-da13-4bc0-ab3d-f25df3d9f54c/thumb/
16238,PARTY TIME PENCIL ERASERS,0.21,General,https://api.openverse.org/v1/images/b2a74c85-da13-4bc0-ab3d-f25df3d9f54c/thumb/
16239,BALLERINA HEART DECORATION.,2.95,General,https://api.openverse.org/v1/images/e9d6182a-6d55-46e6-9bfc-a1084236113a/thumb/
16243B,BROWN COZY SQUARE PHOTO ALBUM,6.04,General,https://api.openverse.org/v1/images/6e35d837-0ebb-4167-9c8a-97aa378bd99e/thumb/
16244A,MAXWELL 2 TONE PINK 60 PAGE PHOTO A,4.21,General,
16244B,MAXWELL 2 TONE BLUE 60 PAGE PHOTO A,4.21,General,
16245A,PINK MINI STATIONERY SET W CASE,1.25,General,https://api.openverse.org/v1/images/65355e41-3c33-4970-856c-37b07597329e/thumb/
16248B,BLUE HOLE PUNCH,1.25,General,
16254,TRANSPARENT ACRYLIC TAPE DISPENSER,1.63,General,https://api.openverse.org/v1/images/e86ee604-f976-4d92-9acb-1a02c02dbcc8/thumb/
16256B,FLOWER PENCIL/RUBBER+5 MINI PENCILS,0.42,General,
16256C,HEARTS PENCIL/RUBBER+5 MINI PENCILS,0.42,General,
16258A,SWIRLY CIRCULAR RUBBERS IN BAG,0.42,General,https://api.openverse.org/v1/images/cb3e1d79-54b4-47d2-9678-84b342331819/thumb/
16258B,DAISY ERASERS IN BAG,0.42,General,https://api.openverse.org/v1/images/cb3e1d79-54b4-47d2-9678-84b342331819/thumb/
16259,PIECE OF CAMO STATIONERY SET,0.21,General,
17001,HEAVENS SCENT FRAGRANCE OILS ASSTD,0.29,General,https://api.openverse.org/v1/images/09428e73-eeb8-45e3-9b5b-4abef2e2582c/thumb/
17003,BROCADE RING PURSE,0.29,General,https://api.openverse.org/v1/images/81ab0a1d-2964-4a2f-a4fe-7f105e59de40/thumb/
17007B,S/3 POT POURI CUSHIONS BLUE COLOURS,2.10,General,https://api.openverse.org/v1/images/d2ee2733-1dcb-4688-878a-30c3ce79215f/thumb/
17011A,ORIGAMI VANILLA INCENSE+FLOWER,3.16,General,
17011B,ORIGAMI JASMINE INCENSE+FLOWER,1.20,General,
17011C,ORIGAMI LAVENDER INCENSE+FLOWER,2.48,General,
17011D,ORIGAMI ROSE INCENSE+FLOWER,1.38,General,
17011E,ORIGAMI OPIUM SCENT INCENSE+FLOWER,0.65,General,
17011F,ORIGAMI SANDLEWOOD INCENSE+FLOWER,2.10,General,
17012A,ORIGAMI VANILLA INCENSE/CANDLE SET,2.46,General,https://api.openverse.org/v1/images/08b80744-52cf-4b6f-98fb-c03218cfb7b2/thumb/
17012B,ORIGAMI JASMINE INCENSE/CANDLE SET,2.46,General,https://api.openverse.org/v1/images/08b80744-52cf-4b6f-98fb-c03218cfb7b2/thumb/
17012C,ORIGAMI LAVENDER INCENSE/CANDL SET,2.46,General,https://api.openverse.org/v1/images/08b80744-52cf-4b6f-98fb-c03218cfb7b2/thumb/
17012D,ORIGAMI ROSE INCENSE/CANDLE SET,2.46,General,https://api.openverse.org/v1/images/08b80744-52cf-4b6f-98fb-c03218cfb7b2/thumb/
17012E,ORIGAMI OPIUM INCENSE/CANDLE SET,2.51,General,https://api.openverse.org/v1/images/08b80744-52cf-4b6f-98fb-c03218cfb7b2/thumb/
17012F,ORIGAMI SANDLEWOOD INCENSE/CAND SET,2.46,General,https://api.openverse.org/v1/images/a11fb712-62d0-4d78-a531-a390f17f5c68/thumb/
17013B,ORIGAMI JASMINE INCENSE IN TUBE,1.27,General,
17013C,ORIGAMI LAVENDER INCENSE IN TUBE,0.42,General,
17013D,ORIGAMI ROSE INCENSE IN TUBE,1.65,General,
17013F,ORIGAMI SANDLEWOOD INCENSE IN TUBE,1.65,General,
17014A,ORIGAMI VANILLA INCENSE CONES,1.65,General,https://api.openverse.org/v1/images/93b84bed-9f9b-4481-b2b6-f6eb05c47ffe/thumb/
17014C,ORIGAMI LAVENDER INCENSE CONES,1.93,General,https://api.openverse.org/v1/images/93b84bed-9f9b-4481-b2b6-f6eb05c47ffe/thumb/
17014D,ORIGAMI ROSE INCENSE CONES,1.65,General,https://api.openverse.org/v1/images/93b84bed-9f9b-4481-b2b6-f6eb05c47ffe/thumb/
17014E,ORIGAMI OPIUM INCENSE CONES,1.65,General,https://api.openverse.org/v1/images/93b84bed-9f9b-4481-b2b6-f6eb05c47ffe/thumb/
17014F,ORIGAMI SANDLEWOOD INCENSE CONES,1.65,General,https://api.openverse.org/v1/images/93b84bed-9f9b-4481-b2b6-f6eb05c47ffe/thumb/
17021,NAMASTE SWAGAT INCENSE,0.30,General,
17027A,INCENSE BAZAAR CANNABIS,0.35,General,https://api.openverse.org/v1/images/e42174ae-3130-440e-9dc8-1cb177bcc755/thumb/
17028J,INCENSE BAZAAR PEACH,0.42,General,
17033,"BROCADE PURSE,SMALL ARCH BUTTON",0.29,General,https://api.openverse.org/v1/images/29ce4a76-f7e4-43cb-aaeb-d07c695ae167/thumb/
17038,PORCELAIN BUDAH INCENSE HOLDER,0.10,General,https://api.openverse.org/v1/images/dfed723f-0d7e-4814-900e-01daa1b92abc/thumb/
17039,INLAID WOOD INCENSE HOLDER,0.29,General,https://api.openverse.org/v1/images/dfed723f-0d7e-4814-900e-01daa1b92abc/thumb/
17061,ASSORTED SHAPED STENCIL FOR HENNA,0.04,General,
17084A,TRANQUILITY MASALA INCENSE,0.21,General,
17084G,MOON INCENSE,0.21,General,
17084J,LOVE POTION MASALA INCENSE,0.21,General,
17084N,FAIRY DREAMS INCENSE,0.42,General,
17084P,DRAGONS BLOOD INCENSE,0.42,General,
17084R,ASSORTED INCENSE PACK,0.21,General,
17090A,LAVENDER INCENSE 40 CONES IN TIN,1.25,General,https://api.openverse.org/v1/images/348bc62a-d0d7-4ac6-be4f-77ebbd27b328/thumb/
17090D,VANILLA INCENSE 40 CONES IN TIN,1.25,General,https://api.openverse.org/v1/images/348bc62a-d0d7-4ac6-be4f-77ebbd27b328/thumb/
17091A,LAVENDER INCENSE IN TIN,1.25,General,https://api.openverse.org/v1/images/348bc62a-d0d7-4ac6-be4f-77ebbd27b328/thumb/
17091B,JASMINE TEA INCENSE IN TIN,1.25,General,https://api.openverse.org/v1/images/348bc62a-d0d7-4ac6-be4f-77ebbd27b328/thumb/
17091F,SANDALWOOD INCENSE IN TIN,1.25,General,https://api.openverse.org/v1/images/348bc62a-d0d7-4ac6-be4f-77ebbd27b328/thumb/
17091J,VANILLA INCENSE IN TIN,0.38,General,https://api.openverse.org/v1/images/348bc62a-d0d7-4ac6-be4f-77ebbd27b328/thumb/
17096,ASSORTED LAQUERED INCENSE HOLDERS,0.42,General,
17107D,"FLOWER FAIRY,5 SUMMER B'DRAW LINERS",2.55,General,
17108D,FLOWER FAIRY SUMMER BOUQUET SACHET,0.42,General,
17109A,FLOWER FAIRY INCENSE LILY,1.69,General,
17109B,FLOWER FAIRY INCENSE LAVENDER,1.69,General,
17109C,FLOWER FAIRY INCENSE ROSE,1.69,General,https://api.openverse.org/v1/images/1f375716-64cb-4fea-942c-2c5a440cd9ed/thumb/
17109D,FLOWER FAIRY INCENSE BOUQUET,1.69,General,https://api.openverse.org/v1/images/06b1d6b3-21f1-4951-bab2-5c80966310af/thumb/
17129C,SKY BLUE COLOUR GLASS GEMS IN BAG,0.85,General,https://api.openverse.org/v1/images/cb3e1d79-54b4-47d2-9678-84b342331819/thumb/
17129D,CLEAR COLOUR GLASS GEMS IN BAG,0.85,General,https://api.openverse.org/v1/images/cb3e1d79-54b4-47d2-9678-84b342331819/thumb/
17129F,BLUE GLASS GEMS IN BAG,1.63,General,https://api.openverse.org/v1/images/cb3e1d79-54b4-47d2-9678-84b342331819/thumb/
17136A,BLUE STONES ON WIRE FOR CANDLE,0.08,General,https://api.openverse.org/v1/images/08b80744-52cf-4b6f-98fb-c03218cfb7b2/thumb/
17164B,ASS COL SMALL SAND GECKO P'WEIGHT,0.42,General,
17164D,ASS COL SMALL SAND FROG P'WEIGHT,0.42,General,
17165B,ASS COL LARGE SAND GECKO P'WEIGHT,1.05,General,
17165D,ASS COL LARGE SAND FROG P'WEIGHT,1.05,General,
17174,ASSTD RASTA KEY-CHAINS,0.42,General,https://api.openverse.org/v1/images/5d6db290-c92a-4ad0-9065-1e9354ad3ae8/thumb/
17178,FLAT PALM T-LIGHT HOLDER,1.25,General,https://api.openverse.org/v1/images/dfed723f-0d7e-4814-900e-01daa1b92abc/thumb/
17181,CIRCLE OF FRIENDS CANDLE HOLDER,5.06,General,https://api.openverse.org/v1/images/dfed723f-0d7e-4814-900e-01daa1b92abc/thumb/
17191A,ROSE FLOWER CANDLE+INCENSE 16X16CM,3.75,General,
18007,ESSENTIAL BALM 3.5g TIN IN ENVELOPE,0.18,General,https://api.openverse.org/v1/images/de5f4719-9693-48b0-ba2b-c2187181d3d9/thumb/
18010,ASSORTED FRAGRANCE BATH CONFETTI,0.42,General,https://api.openverse.org/v1/images/b9997205-91cb-4f1b-b005-810acce8871c/thumb/
18094C,WHITE AND BLUE CERAMIC OIL BURNER,2.46,General,https://api.openverse.org/v1/images/c81543ff-2ae3-4f67-a99a-c75ff4b6b675/thumb/
18096C,WHITE ROUND PORCELAIN TLIGHT HOLDER,2.55,General,https://api.openverse.org/v1/images/dfed723f-0d7e-4814-900e-01daa1b92abc/thumb/
18097A,PINK TALL PORCELAIN T-LIGHT HOLDER,2.55,General,https://api.openverse.org/v1/images/dfed723f-0d7e-4814-900e-01daa1b92abc/thumb/
18097B,BLUE TALL PORCELAIN T-LIGHT HOLDER,2.55,General,https://api.openverse.org/v1/images/dfed723f-0d7e-4814-900e-01daa1b92abc/thumb/
18097C,WHITE TALL PORCELAIN T-LIGHT HOLDER,2.55,General,https://api.openverse.org/v1/images/dfed723f-0d7e-4814-900e-01daa1b92abc/thumb/
18098A,PINK PORCELAIN B'FLY OIL BURNER,2.95,General,https://api.openverse.org/v1/images/c81543ff-2ae3-4f67-a99a-c75ff4b6b675/thumb/
18098B,BLUE PORCELAIN B'FLY OIL BURNER,2.95,General,https://api.openverse.org/v1/images/c81543ff-2ae3-4f67-a99a-c75ff4b6b675/thumb/
18098C,PORCELAIN BUTTERFLY OIL BURNER,2.95,General,https://api.openverse.org/v1/images/c81543ff-2ae3-4f67-a99a-c75ff4b6b675/thumb/
20615,BLUE POLKADOT PASSPORT COVER,2.10,General,https://api.openverse.org/v1/images/3cd7adbe-bdf7-4633-b108-e861b6827dec/thumb/
20616,CHERRY BLOSSOM PASSPORT COVER,1.66,General,https://api.openverse.org/v1/images/3cd7adbe-bdf7-4633-b108-e861b6827dec/thumb/
20617,FIRST CLASS PASSPORT COVER,2.10,General,https://api.openverse.org/v1/images/3cd7adbe-bdf7-4633-b108-e861b6827dec/thumb/
20618,QUEEN OF THE SKIES PASSPORT COVER,2.10,General,https://api.openverse.org/v1/images/3cd7adbe-bdf7-4633-b108-e861b6827dec/thumb/
20619,TROPICAL PASSPORT COVER,2.10,General,https://api.openverse.org/v1/images/3cd7adbe-bdf7-4633-b108-e861b6827dec/thumb/
20620,RED SPOTTY PASSPORT COVER,4.25,General,https://api.openverse.org/v1/images/3cd7adbe-bdf7-4633-b108-e861b6827dec/thumb/
20621,ECONOMY PASSPORT COVER,2.10,General,https://api.openverse.org/v1/images/3cd7adbe-bdf7-4633-b108-e861b6827dec/thumb/
20622,VIPPASSPORT COVER,2.10,General,https://api.openverse.org/v1/images/3cd7adbe-bdf7-4633-b108-e861b6827dec/thumb/
20652,BLUE POLKADOT LUGGAGE TAG,1.25,General,
20653,CHERRY BLOSSOM LUGGAGE TAG,1.25,General,
20654,FIRST CLASS LUGGAGE TAG,1.25,General,
20655,QUEEN OF SKIES LUGGAGE TAG,1.25,General,
20657,TROPICAL LUGGAGE TAG,1.25,General,
20658,RED SPOTTY LUGGAGE TAG,1.25,General,
20659,ECONOMY LUGGAGE TAG,1.25,General,
20660,VIP LUGGAGE TAG,1.25,General,
20661,BLUE SPOTTY PURSE,2.51,General,https://api.openverse.org/v1/images/81ab0a1d-2964-4a2f-a4fe-7f105e59de40/thumb/
20662,FIRST CLASS HOLIDAY PURSE,2.51,General,https://api.openverse.org/v1/images/81ab0a1d-2964-4a2f-a4fe-7f105e59de40/thumb/
20663,QUEEN OF THE SKIES HOLIDAY PURSE,2.51,General,https://api.openverse.org/v1/images/81ab0a1d-2964-4a2f-a4fe-7f105e59de40/thumb/
20664,TROPICAL HOLIDAY PURSE,2.95,General,https://api.openverse.org/v1/images/81ab0a1d-2964-4a2f-a4fe-7f105e59de40/thumb/
20665,RED RETROSPOT PURSE,2.95,General,https://api.openverse.org/v1/images/81ab0a1d-2964-4a2f-a4fe-7f105e59de40/thumb/
20666,ECONOMY HOLIDAY PURSE,2.51,General,https://api.openverse.org/v1/images/81ab0a1d-2964-4a2f-a4fe-7f105e59de40/thumb/
20667,CHERRY BLOSSOM PURSE,2.46,General,https://api.openverse.org/v1/images/81ab0a1d-2964-4a2f-a4fe-7f105e59de40/thumb/
20668,DISCO BALL CHRISTMAS DECORATION,0.12,General,https://api.openverse.org/v1/images/e9d6182a-6d55-46e6-9bfc-a1084236113a/thumb/
20669,RED HEART LUGGAGE TAG,1.25,General,
20670,VIP HOLIDAY PURSE,2.51,General,https://api.openverse.org/v1/images/81ab0a1d-2964-4a2f-a4fe-7f105e59de40/thumb/
20671,BLUE TEATIME PRINT BOWL,1.25,General,https://api.openverse.org/v1/images/dcf29c13-b3ea-4a75-91c9-6c5892fc52c7/thumb/
20672,PINK TEATIME PRINT BOWL,1.25,General,https://api.openverse.org/v1/images/dcf29c13-b3ea-4a75-91c9-6c5892fc52c7/thumb/
20673,STRAWBERRIES PRINT BOWL,1.25,General,https://api.openverse.org/v1/images/dcf29c13-b3ea-4a75-91c9-6c5892fc52c7/thumb/
20674,GREEN POLKADOT BOWL,1.25,General,https://api.openverse.org/v1/images/dcf29c13-b3ea-4a75-91c9-6c5892fc52c7/thumb/
20675,BLUE POLKADOT BOWL,1.25,General,https://api.openverse.org/v1/images/dcf29c13-b3ea-4a75-91c9-6c5892fc52c7/thumb/
20676,RED RETROSPOT BOWL,1.25,General,https://api.openverse.org/v1/images/dcf29c13-b3ea-4a75-91c9-6c5892fc52c7/thumb/
20677,PINK POLKADOT BOWL,1.25,General,https://api.openverse.org/v1/images/dcf29c13-b3ea-4a75-91c9-6c5892fc52c7/thumb/
20678,LARGE BLACK DIAMANTE HAIRSLIDE,1.65,General,https://api.openverse.org/v1/images/b58db34e-8442-4a07-ad6b-c3680049c0f3/thumb/
20679,EDWARDIAN PARASOL RED,5.95,General,
20680,PINK FLOWERS CHILDS UMBRELLA,3.25,General,
20681,PINK SPOTTY CHILDS UMBRELLA,3.25,General,
20682,RED RETROSPOT CHILDRENS UMBRELLA,3.25,General,
20683,RAIN GIRL CHILDS UMBRELLA,3.25,General,
20684,STRAWBERRY DREAM CHILDS UMBRELLA,3.25,General,
20685,DOORMAT RED RETROSPOT,7.95,General,https://api.openverse.org/v1/images/77d2d7ae-6377-4d7e-b089-818195d89c96/thumb/
20686,DOLLY MIXTURE CHILDREN'S UMBRELLA,3.25,General,
20688,BEAUTY SPEED EXPRESSO CUPS,5.95,General,https://api.openverse.org/v1/images/d199fcb5-c343-42bf-82a1-3b4b6f82c653/thumb/
20689,RETRO SISTERS EXPRESSO CUPS,5.95,General,https://api.openverse.org/v1/images/d199fcb5-c343-42bf-82a1-3b4b6f82c653/thumb/
20692,FLORAL ELEPHANT SOFT TOY,4.25,General,
20693,FLORAL DINOSAUR GREEN,4.25,General,https://api.openverse.org/v1/images/146a2019-cafb-406d-ae4d-2e8e91949745/thumb/
20694,FLORAL PINK MONSTER,3.75,General,
20695,FLORAL BLUE MONSTER,4.25,General,
20696,FLORAL SOFT CAR TOY,3.75,General,
20697,LITTLE GREEN MONSTER SOFT TOY,2.55,General,
20698,LITTLE PINK MONSTER SOFT TOY,2.55,General,
20699,MOUSEY LONG LEGS SOFT TOY,2.55,General,
20700,GREEN CAT FLORAL CUSHION COVER,4.13,General,https://api.openverse.org/v1/images/3cd7adbe-bdf7-4633-b108-e861b6827dec/thumb/
20701,PINK CAT FLORAL CUSHION COVER,4.13,General,https://api.openverse.org/v1/images/3cd7adbe-bdf7-4633-b108-e861b6827dec/thumb/
20702,PINK PADDED MOBILE,4.25,General,
20703,BLUE PADDED SOFT MOBILE,4.25,General,
20704,MR ROBOT SOFT TOY,6.95,General,
20705,MRS ROBOT SOFT TOY,6.95,General,
20707,CRAZY DAISY HEART DECORATION,0.83,General,https://api.openverse.org/v1/images/e9d6182a-6d55-46e6-9bfc-a1084236113a/thumb/
20711,JUMBO BAG TOYS,2.02,General,https://api.openverse.org/v1/images/cb3e1d79-54b4-47d2-9678-84b342331819/thumb/
20712,JUMBO BAG WOODLAND ANIMALS,2.08,General,https://api.openverse.org/v1/images/02e00a12-c1d2-4e99-b076-85d304faf263/thumb/
20713,JUMBO BAG OWLS,1.95,General,https://api.openverse.org/v1/images/cb3e1d79-54b4-47d2-9678-84b342331819/thumb/
20714,POSY SHOPPER BAG,0.87,General,https://api.openverse.org/v1/images/cb3e1d79-54b4-47d2-9678-84b342331819/thumb/
20715,LITTLE FLOWER SHOPPER BAG,1.06,General,https://api.openverse.org/v1/images/cb3e1d79-54b4-47d2-9678-84b342331819/thumb/
20716,PARTY FOOD SHOPPER BAG,1.25,General,https://api.openverse.org/v1/images/cb3e1d79-54b4-47d2-9678-84b342331819/thumb/
20717,STRAWBERRY SHOPPER BAG,1.25,General,https://api.openverse.org/v1/images/cb3e1d79-54b4-47d2-9678-84b342331819/thumb/
20718,RED RETROSPOT SHOPPER BAG,1.25,General,https://api.openverse.org/v1/images/cb3e1d79-54b4-47d2-9678-84b342331819/thumb/
20719,WOODLAND CHARLOTTE BAG,0.85,General,https://api.openverse.org/v1/images/cb3e1d79-54b4-47d2-9678-84b342331819/thumb/
20721,OWLS CHARLOTTE BAG,0.85,General,https://api.openverse.org/v1/images/cb3e1d79-54b4-47d2-9678-84b342331819/thumb/
20723,STRAWBERRY CHARLOTTE BAG,0.85,General,https://api.openverse.org/v1/images/cb3e1d79-54b4-47d2-9678-84b342331819/thumb/
20724,RED RETROSPOT CHARLOTTE BAG,0.85,General,https://api.openverse.org/v1/images/cb3e1d79-54b4-47d2-9678-84b342331819/thumb/
20725,LUNCH BAG RED RETROSPOT,1.65,General,https://api.openverse.org/v1/images/cb3e1d79-54b4-47d2-9678-84b342331819/thumb/
20726,LUNCH BAG WOODLAND,1.65,General,https://api.openverse.org/v1/images/cb3e1d79-54b4-47d2-9678-84b342331819/thumb/
20727,LUNCH BAG  BLACK SKULL.,1.65,General,https://api.openverse.org/v1/images/cb3e1d79-54b4-47d2-9678-84b342331819/thumb/
20728,LUNCH BAG CARS BLUE,1.65,General,https://api.openverse.org/v1/images/0d6afa92-6678-49b0-86df-37154a083a32/thumb/
20729,RED SPOTTY CANDY BAG,1.25,General,https://api.openverse.org/v1/images/cb3e1d79-54b4-47d2-9678-84b342331819/thumb/
20730,STRAWBERRY CANDY BAG,0.87,General,https://api.openverse.org/v1/images/cb3e1d79-54b4-47d2-9678-84b342331819/thumb/
20731,POSY CANDY BAG,1.25,General,https://api.openverse.org/v1/images/cb3e1d79-54b4-47d2-9678-84b342331819/thumb/
20733,GOLD MINI TAPE MEASURE,0.85,General,
20734,SILVER MINI TAPE MEASURE,0.85,General,
20735,BLACK MINI TAPE MEASURE,0.85,General,
20736,PINK MINI TAPE MEASURE,0.85,General,
20737,RED MINI TAPE MEASURE,1.70,General,
20738,GREEN MINI TAPE MEASURE,0.85,General,
20739,*USB Office Glitter Lamp,8.65,General,
20747,PICCADILLY TEA SET,14.95,General,
20748,KENSINGTON COFFEE SET,12.75,General,https://api.openverse.org/v1/images/d199fcb5-c343-42bf-82a1-3b4b6f82c653/thumb/
20749,ASSORTED COLOUR MINI CASES,7.95,General,https://api.openverse.org/v1/images/65355e41-3c33-4970-856c-37b07597329e/thumb/
20750,RED RETROSPOT MINI CASES,7.95,General,https://api.openverse.org/v1/images/65355e41-3c33-4970-856c-37b07597329e/thumb/
20751,FUNKY WASHING UP GLOVES ASSORTED,2.10,General,https://api.openverse.org/v1/images/829b34ac-e094-4745-ad21-86d40a4a70a0/thumb/
20752,BLUE POLKADOT WASHING UP GLOVES,2.10,General,https://api.openverse.org/v1/images/829b34ac-e094-4745-ad21-86d40a4a70a0/thumb/
20753,RETRO PINK SPOT WASHING UP GLOVES,2.10,General,https://api.openverse.org/v1/images/829b34ac-e094-4745-ad21-86d40a4a70a0/thumb/
20754,RETROSPOT RED WASHING UP GLOVES,2.10,General,https://api.openverse.org/v1/images/829b34ac-e094-4745-ad21-86d40a4a70a0/thumb/
20755,BLUE PAISLEY POCKET BOOK,0.85,General,https://api.openverse.org/v1/images/26966751-3191-41d5-b8f8-593822219640/thumb/
20756,GREEN FERN POCKET BOOK,0.85,General,https://api.openverse.org/v1/images/26966751-3191-41d5-b8f8-593822219640/thumb/
20757,RED DAISY POCKET BOOK,0.85,General,https://api.openverse.org/v1/images/26966751-3191-41d5-b8f8-593822219640/thumb/
20758,ABSTRACT CIRCLES POCKET BOOK,0.85,General,https://api.openverse.org/v1/images/26966751-3191-41d5-b8f8-593822219640/thumb/
20759,CHRYSANTHEMUM POCKET BOOK,0.85,General,https://api.openverse.org/v1/images/26966751-3191-41d5-b8f8-593822219640/thumb/
20760,GARDEN PATH POCKET BOOK,0.85,General,https://api.openverse.org/v1/images/26966751-3191-41d5-b8f8-593822219640/thumb/
20761,BLUE PAISLEY SKETCHBOOK,3.75,General,
20762,GREEN FERN SKETCHBOOK,3.75,General,
20763,DAISY SKETCHBOOK,3.75,General,
20764,ABSTRACT CIRCLES SKETCHBOOK,3.75,General,
20765,CHRYSANTHEMUM SKETCHBOOK,3.75,General,
20766,GARDEN PATH SKETCHBOOK,3.75,General,
20767,BLUE PAISLEY JOURNAL,2.55,General,
20768,GREEN FERN JOURNAL,2.55,General,
20769,DAISY JOURNAL,2.55,General,
20770,ABSTRACT CIRCLE JOURNAL,2.55,General,
20771,CHRYSANTHEMUM  JOURNAL,2.55,General,
20772,GARDEN PATH JOURNAL,2.55,General,
20773,BLUE PAISLEY NOTEBOOK,1.65,General,https://api.openverse.org/v1/images/bc534457-cd5d-4887-ad2c-f42c33344be5/thumb/
20774,GREEN FERN NOTEBOOK,1.65,General,https://api.openverse.org/v1/images/bc534457-cd5d-4887-ad2c-f42c33344be5/thumb/
20775,DAISY NOTEBOOK,1.65,General,https://api.openverse.org/v1/images/bc534457-cd5d-4887-ad2c-f42c33344be5/thumb/
20776,ABSTRACT CIRCLES NOTEBOOK,1.65,General,https://api.openverse.org/v1/images/bc534457-cd5d-4887-ad2c-f42c33344be5/thumb/
20777,CHRYSANTHEMUM NOTEBOOK,1.65,General,https://api.openverse.org/v1/images/bc534457-cd5d-4887-ad2c-f42c33344be5/thumb/
20778,GARDEN PATH NOTEBOOK,1.65,General,https://api.openverse.org/v1/images/bc534457-cd5d-4887-ad2c-f42c33344be5/thumb/
20780,BLACK EAR MUFF HEADPHONES,5.49,General,
20781,GOLD EAR MUFF HEADPHONES,5.49,General,
20782,CAMOUFLAGE EAR MUFF HEADPHONES,5.49,General,
20783,HEART EAR MUFF HEADPHONES,5.49,General,
20784,RED RETRO BAR STOOL,34.00,General,
20785,FUSCHIA RETRO BAR STOOL,34.00,General,
20786,BLACK RETRO BAR STOOL,34.00,General,
20787,BLUE RETRO BAR STOOL,34.00,General,
20791,BLUE TILED SET OF 3 DRAWERS,12.75,General,https://api.openverse.org/v1/images/52ce00df-859b-403a-a6fe-335ea584532e/thumb/
20793,BLUE TILED TRAY,6.75,General,https://api.openverse.org/v1/images/f2e4e7aa-e3d0-4c0d-b59a-e717dd128a65/thumb/
20794,BLUE  TILE HOOK,2.55,General,https://api.openverse.org/v1/images/1fc08491-7c6e-4183-be28-60a2ca87c2b7/thumb/
20795,LARGE BLUE PROVENCAL CERAMIC BALL,2.10,General,https://api.openverse.org/v1/images/971070ab-c6c2-40a3-89d2-1103bb39a07f/thumb/
20796,SMALL BLUE PROVENCAL CERAMIC BALL,1.65,General,https://api.openverse.org/v1/images/971070ab-c6c2-40a3-89d2-1103bb39a07f/thumb/
20798,CLEAR MILKSHAKE GLASS,2.10,General,
20799,PINK MILKSHAKE GLASS,3.16,General,
20800,LARGE GLASS SUNDAE DISH CLEAR,5.06,General,https://api.openverse.org/v1/images/66ad3579-39d1-4892-9d99-49bc106c7485/thumb/
20801,LARGE PINK GLASS SUNDAE DISH,2.46,General,https://api.openverse.org/v1/images/d84197b1-da39-46dd-9350-61826d77e124/thumb/
20802,SMALL GLASS SUNDAE DISH CLEAR,1.65,General,https://api.openverse.org/v1/images/66ad3579-39d1-4892-9d99-49bc106c7485/thumb/
20803,SMALL PINK GLASS SUNDAE DISH,1.65,General,https://api.openverse.org/v1/images/d84197b1-da39-46dd-9350-61826d77e124/thumb/
20804,GLASS CHICKEN BUTTER DISH,3.36,General,https://api.openverse.org/v1/images/d84197b1-da39-46dd-9350-61826d77e124/thumb/
20812,EMBOSSED FLOWER TRELLIS PHOTO FRAME,2.55,General,https://api.openverse.org/v1/images/8ec53748-2acc-4984-8a6f-528cbb3fb3d9/thumb/
20814,SILVER FINCH DECORATION,1.25,General,https://api.openverse.org/v1/images/e9d6182a-6d55-46e6-9bfc-a1084236113a/thumb/
20816,GOLD FLOWER CUSHION COVER,6.75,General,https://api.openverse.org/v1/images/3cd7adbe-bdf7-4633-b108-e861b6827dec/thumb/
20818,GOLD TEDDY BEAR,3.75,General,https://api.openverse.org/v1/images/0804295a-5526-4a49-b05d-599106ade818/thumb/
20819,SILVER TEDDY BEAR,3.75,General,https://api.openverse.org/v1/images/0804295a-5526-4a49-b05d-599106ade818/thumb/
20820,SILVER LOOKING MIRROR,4.95,General,https://api.openverse.org/v1/images/50a14bda-9275-4685-ae87-7dd051c3a213/thumb/
20821,GOLDIE LOOKING MIRROR,10.17,General,https://api.openverse.org/v1/images/50a14bda-9275-4685-ae87-7dd051c3a213/thumb/
20822,SILVER WINE GOBLET,4.65,General,https://api.openverse.org/v1/images/f9c7fb67-2d80-4524-bbde-929f3f61e638/thumb/
20823,GOLD WINE GOBLET,4.25,General,https://api.openverse.org/v1/images/f9c7fb67-2d80-4524-bbde-929f3f61e638/thumb/
20825,GOLD WINE GLASS,3.75,General,
20826,SILVER APERITIF GLASS,1.91,General,https://api.openverse.org/v1/images/da955844-95d6-45a6-be0f-83a894d4becd/thumb/
20827,GOLD APERITIF GLASS,2.12,General,https://api.openverse.org/v1/images/da955844-95d6-45a6-be0f-83a894d4becd/thumb/
20828,GLITTER BUTTERFLY CLIPS,2.55,General,https://api.openverse.org/v1/images/dfed723f-0d7e-4814-900e-01daa1b92abc/thumb/
20829,GLITTER HANGING BUTTERFLY STRING,2.10,General,
20830,SILVER PHOTO FRAME,2.10,General,https://api.openverse.org/v1/images/8ec53748-2acc-4984-8a6f-528cbb3fb3d9/thumb/
20831,GOLD PHOTO FRAME,2.10,General,https://api.openverse.org/v1/images/8ec53748-2acc-4984-8a6f-528cbb3fb3d9/thumb/
20832,RED FLOCK LOVE HEART PHOTO FRAME,0.85,General,https://api.openverse.org/v1/images/8ec53748-2acc-4984-8a6f-528cbb3fb3d9/thumb/
20833,SHAKER THROW  QUILTED,12.75,General,
20835,FRENCH LATTICE CUSHION COVER,0.83,General,https://api.openverse.org/v1/images/3cd7adbe-bdf7-4633-b108-e861b6827dec/thumb/
20836,FRENCH PAISLEY CUSHION COVER,0.83,General,https://api.openverse.org/v1/images/3cd7adbe-bdf7-4633-b108-e861b6827dec/thumb/
20837,FRENCH FLORAL CUSHION COVER,0.83,General,https://api.openverse.org/v1/images/3cd7adbe-bdf7-4633-b108-e861b6827dec/thumb/
20838,FRENCH LATTICE CUSHION COVER,0.85,General,https://api.openverse.org/v1/images/3cd7adbe-bdf7-4633-b108-e861b6827dec/thumb/
20839,FRENCH PAISLEY CUSHION COVER,2.95,General,https://api.openverse.org/v1/images/3cd7adbe-bdf7-4633-b108-e861b6827dec/thumb/
20840,FRENCH FLORAL CUSHION COVER,2.55,General,https://api.openverse.org/v1/images/3cd7adbe-bdf7-4633-b108-e861b6827dec/thumb/
20845,ZINC HEART LATTICE 2 WALL PLANTER,6.35,General,
20846,ZINC HEART LATTICE T-LIGHT HOLDER,1.25,General,https://api.openverse.org/v1/images/dfed723f-0d7e-4814-900e-01daa1b92abc/thumb/
20847,ZINC HEART LATTICE CHARGER LARGE,3.75,General,https://api.openverse.org/v1/images/9301c3f0-2ef7-489a-83ee-439dca26cf09/thumb/
20848,ZINC HEART LATTICE CHARGER SMALL,2.95,General,https://api.openverse.org/v1/images/9301c3f0-2ef7-489a-83ee-439dca26cf09/thumb/
20849,ZINC HEART LATTICE DOUBLE PLANTER,3.75,General,
20850,ZINC HEART LATTICE PLANTER BOWL,2.95,General,https://api.openverse.org/v1/images/dcf29c13-b3ea-4a75-91c9-6c5892fc52c7/thumb/
20851,ZINC HEART LATTICE TRAY OVAL,5.95,General,
20854,BLUE PATCH PURSE PINK HEART,1.65,General,https://api.openverse.org/v1/images/81ab0a1d-2964-4a2f-a4fe-7f105e59de40/thumb/
20855,PINK PATCH PURSE BLUE HEART,1.65,General,https://api.openverse.org/v1/images/81ab0a1d-2964-4a2f-a4fe-7f105e59de40/thumb/
20856,DENIM PATCH PURSE PINK BUTTERFLY,1.65,General,https://api.openverse.org/v1/images/edc6d028-8bf4-4f0b-b590-dcaace881890/thumb/
20857,BLUE ROSE PATCH PURSE PINK BUTTERFL,1.65,General,https://api.openverse.org/v1/images/1b432048-3906-48cd-8160-ccd656c25b6a/thumb/
20858,SILVER PURSE GOLD PINK BUTTERFLY,1.65,General,https://api.openverse.org/v1/images/edc6d028-8bf4-4f0b-b590-dcaace881890/thumb/
20860,GOLD COSMETICS BAG WITH BUTTERFLY,2.10,General,https://api.openverse.org/v1/images/edc6d028-8bf4-4f0b-b590-dcaace881890/thumb/
20861,GOLD COSMETIC BAG PINK STAR,2.10,General,https://api.openverse.org/v1/images/cb3e1d79-54b4-47d2-9678-84b342331819/thumb/
20862,PINK PATCH PENCIL CASE BLUE HEART,2.10,General,https://api.openverse.org/v1/images/65355e41-3c33-4970-856c-37b07597329e/thumb/
20863,BLUE PATCH PENCIL CASE PINK HEART,2.10,General,https://api.openverse.org/v1/images/65355e41-3c33-4970-856c-37b07597329e/thumb/
20864,DENIM PATCH PENCIL CASE BUTTERFLY,2.10,General,https://api.openverse.org/v1/images/edc6d028-8bf4-4f0b-b590-dcaace881890/thumb/
20865,PATCHWORK PENCIL CASE BUTTERFLY,2.10,General,https://api.openverse.org/v1/images/edc6d028-8bf4-4f0b-b590-dcaace881890/thumb/
20866,BLUE ROSE FABRIC MIRROR,1.25,General,https://api.openverse.org/v1/images/50a14bda-9275-4685-ae87-7dd051c3a213/thumb/
20867,PINK ROSE FABRIC MIRROR,1.25,General,https://api.openverse.org/v1/images/50a14bda-9275-4685-ae87-7dd051c3a213/thumb/
20868,SILVER FABRIC MIRROR,0.85,General,https://api.openverse.org/v1/images/50a14bda-9275-4685-ae87-7dd051c3a213/thumb/
20869,GOLD FABRIC MIRROR,0.85,General,https://api.openverse.org/v1/images/50a14bda-9275-4685-ae87-7dd051c3a213/thumb/
20870,OPULENT VELVET CANDLE IN BOX,2.10,General,https://api.openverse.org/v1/images/1190a5b6-5e15-4eb7-a0c8-ec57704d85aa/thumb/
20871,OPULENT VELVET SET/3 CANDLES,2.10,General,https://api.openverse.org/v1/images/08b80744-52cf-4b6f-98fb-c03218cfb7b2/thumb/
20877,MODERN CHRISTMAS BAUBLE CANDLE,0.42,General,https://api.openverse.org/v1/images/08b80744-52cf-4b6f-98fb-c03218cfb7b2/thumb/
20878,SET/9 CHRISTMAS T-LIGHTS SCENTED,1.25,General,
20879,TREE OF NOAH FESTIVE SCENTED CANDLE,0.65,General,https://api.openverse.org/v1/images/08b80744-52cf-4b6f-98fb-c03218cfb7b2/thumb/
20881,MODERN CHRISTMAS TREE CANDLE,0.85,General,https://api.openverse.org/v1/images/08b80744-52cf-4b6f-98fb-c03218cfb7b2/thumb/
20882,MODERN CHRISTMAS TREE CANDLE,2.95,General,https://api.openverse.org/v1/images/08b80744-52cf-4b6f-98fb-c03218cfb7b2/thumb/
20884,MODERN CHRISTMAS TREE CANDLE,2.10,General,https://api.openverse.org/v1/images/08b80744-52cf-4b6f-98fb-c03218cfb7b2/thumb/
20885,BOX OF 3 PEBBLE CANDLES,2.95,General,https://api.openverse.org/v1/images/08b80744-52cf-4b6f-98fb-c03218cfb7b2/thumb/
20886,BOX OF 9 PEBBLE CANDLES,1.95,General,https://api.openverse.org/v1/images/08b80744-52cf-4b6f-98fb-c03218cfb7b2/thumb/
20887,BOX OF 6 PEBBLE CANDLES,5.62,General,https://api.openverse.org/v1/images/08b80744-52cf-4b6f-98fb-c03218cfb7b2/thumb/
20888,SET 3 JARDIN DE FEMME SCENT CANDLES,3.75,General,https://api.openverse.org/v1/images/08b80744-52cf-4b6f-98fb-c03218cfb7b2/thumb/
20889,JARDIN DE FEMME SCENTED CANDLE,2.95,General,https://api.openverse.org/v1/images/08b80744-52cf-4b6f-98fb-c03218cfb7b2/thumb/
20890,SMALL GLASS ROSE SCENTED CANDLE,2.02,General,https://api.openverse.org/v1/images/08b80744-52cf-4b6f-98fb-c03218cfb7b2/thumb/
20891,LARGE GLASS ROSE SCENTED CANDLE,7.95,General,https://api.openverse.org/v1/images/08b80744-52cf-4b6f-98fb-c03218cfb7b2/thumb/
20892,SET/3 TALL GLASS CANDLE HOLDER PINK,12.75,General,https://api.openverse.org/v1/images/dfed723f-0d7e-4814-900e-01daa1b92abc/thumb/
20893,HANGING BAUBLE T-LIGHT HOLDER SMALL,2.55,General,https://api.openverse.org/v1/images/dfed723f-0d7e-4814-900e-01daa1b92abc/thumb/
20894,HANGING BAUBLE T-LIGHT HOLDER LARGE,2.95,General,https://api.openverse.org/v1/images/dfed723f-0d7e-4814-900e-01daa1b92abc/thumb/
20895,VINTAGE NOTEBOOK FRENCH LETTER,2.95,General,
20896,VINTAGE NOTEBOOK PINK FLOWER,2.95,General,https://api.openverse.org/v1/images/bc534457-cd5d-4887-ad2c-f42c33344be5/thumb/
20897,VINTAGE NOTEBOOK PARIS DAYS,2.95,General,https://api.openverse.org/v1/images/08ce4817-a9d9-4624-ac37-ddea4f7d52b6/thumb/
20898,VINTAGE NOTEBOOK TRAVELOGUE,2.95,General,
20899,VINTAGE NOTEBOOK RED ROSE,2.95,General,https://api.openverse.org/v1/images/1f375716-64cb-4fea-942c-2c5a440cd9ed/thumb/
20901,VINTAGE KEEPSAKE BOX PINK FLOWER,12.72,General,https://api.openverse.org/v1/images/1190a5b6-5e15-4eb7-a0c8-ec57704d85aa/thumb/
20902,VINTAGE KEEPSAKE BOX PARIS DAYS,12.72,General,https://api.openverse.org/v1/images/08ce4817-a9d9-4624-ac37-ddea4f7d52b6/thumb/
20903,VINTAGE KEEPSAKE BOX TRAVELOGUE,6.35,General,
20905,VINTAGE KEEPSAKE BOX BEAUTY GIRL,6.35,General,https://api.openverse.org/v1/images/42478b17-1ad0-447a-ac75-3dfa6b7e5e18/thumb/
20906,VINTAGE NOTEBOOK BEAUTY GIRL,2.95,General,https://api.openverse.org/v1/images/42478b17-1ad0-447a-ac75-3dfa6b7e5e18/thumb/
20910,VINTAGE PHOTO ALBUM PARIS DAYS,6.35,General,https://api.openverse.org/v1/images/08ce4817-a9d9-4624-ac37-ddea4f7d52b6/thumb/
20913,SET/5 BLUE SPOTTY LID GLASS BOWLS,2.95,General,https://api.openverse.org/v1/images/dcf29c13-b3ea-4a75-91c9-6c5892fc52c7/thumb/
20914,SET/5 RED RETROSPOT LID GLASS BOWLS,2.95,General,https://api.openverse.org/v1/images/dcf29c13-b3ea-4a75-91c9-6c5892fc52c7/thumb/
20931,BLUE POT PLANT CANDLE,3.75,General,https://api.openverse.org/v1/images/08b80744-52cf-4b6f-98fb-c03218cfb7b2/thumb/
20932,PINK POT PLANT CANDLE,3.75,General,https://api.openverse.org/v1/images/08b80744-52cf-4b6f-98fb-c03218cfb7b2/thumb/
20933,YELLOW POT PLANT CANDLE,3.75,General,https://api.openverse.org/v1/images/08b80744-52cf-4b6f-98fb-c03218cfb7b2/thumb/
20934,SET/3 POT PLANT CANDLES,5.45,General,https://api.openverse.org/v1/images/08b80744-52cf-4b6f-98fb-c03218cfb7b2/thumb/
20935,ROUND CACTUS CANDLE,2.95,General,https://api.openverse.org/v1/images/08b80744-52cf-4b6f-98fb-c03218cfb7b2/thumb/
20936,FORKED CACTUS CANDLE,2.95,General,https://api.openverse.org/v1/images/08b80744-52cf-4b6f-98fb-c03218cfb7b2/thumb/
20939,ORANGE CANDLE,0.85,General,https://api.openverse.org/v1/images/08b80744-52cf-4b6f-98fb-c03218cfb7b2/thumb/
20940,SET/6 GARDEN GNOME T-LIGHT CANDLES,2.95,General,https://api.openverse.org/v1/images/08b80744-52cf-4b6f-98fb-c03218cfb7b2/thumb/
20941,FROG CANDLE,1.25,General,https://api.openverse.org/v1/images/08b80744-52cf-4b6f-98fb-c03218cfb7b2/thumb/
20942,SET/6 GINGERBREAD TREE T-LIGHTS,1.25,General,https://api.openverse.org/v1/images/765d9a44-9ba5-4ac3-bde1-9dc9a7eb2770/thumb/
20943,SET/6 GINGERBREAD STAR T-LIGHTS,1.25,General,https://api.openverse.org/v1/images/765d9a44-9ba5-4ac3-bde1-9dc9a7eb2770/thumb/
20950,SET/6  ANGEL T-LIGHTS WHITE/GOLD,0.42,General,https://api.openverse.org/v1/images/765d9a44-9ba5-4ac3-bde1-9dc9a7eb2770/thumb/
20952,PORCELAIN CHERUB BELL SMALL,0.42,General,https://api.openverse.org/v1/images/b1ed4d2d-f256-4dca-b12f-cc11d1fca2a5/thumb/
20953,PORCELAIN CHERUB BELL LARGE,1.65,General,https://api.openverse.org/v1/images/b1ed4d2d-f256-4dca-b12f-cc11d1fca2a5/thumb/
20954,*USB Office Mirror Ball,8.47,General,https://api.openverse.org/v1/images/971070ab-c6c2-40a3-89d2-1103bb39a07f/thumb/
20956,PORCELAIN T-LIGHT HOLDERS ASSORTED,1.25,General,
20957,PORCELAIN HANGING BELL SMALL,1.45,General,https://api.openverse.org/v1/images/b1ed4d2d-f256-4dca-b12f-cc11d1fca2a5/thumb/
20958,PORCELAIN HANGING BELL LARGE,1.95,General,https://api.openverse.org/v1/images/b1ed4d2d-f256-4dca-b12f-cc11d1fca2a5/thumb/
20960,WATERMELON BATH SPONGE,1.25,General,
20961,STRAWBERRY BATH SPONGE,1.25,General,
20963,APPLE BATH SPONGE,1.25,General,
20964,POLYESTER FILLER PAD 60x40cm,2.55,General,
20966,SANDWICH BATH SPONGE,1.25,General,
20967,GREY FLORAL FELTCRAFT SHOULDER BAG,3.75,General,https://api.openverse.org/v1/images/cb3e1d79-54b4-47d2-9678-84b342331819/thumb/
20968,GREEN FLORAL FELTCRAFT SHOULDER BAG,3.75,General,https://api.openverse.org/v1/images/cb3e1d79-54b4-47d2-9678-84b342331819/thumb/
20969,RED FLORAL FELTCRAFT SHOULDER BAG,3.75,General,https://api.openverse.org/v1/images/cb3e1d79-54b4-47d2-9678-84b342331819/thumb/
20970,PINK FLORAL FELTCRAFT SHOULDER BAG,3.75,General,https://api.openverse.org/v1/images/cb3e1d79-54b4-47d2-9678-84b342331819/thumb/
20971,PINK BLUE FELT CRAFT TRINKET BOX,1.25,General,https://api.openverse.org/v1/images/1190a5b6-5e15-4eb7-a0c8-ec57704d85aa/thumb/
20972,PINK CREAM FELT CRAFT TRINKET BOX,1.25,General,https://api.openverse.org/v1/images/1190a5b6-5e15-4eb7-a0c8-ec57704d85aa/thumb/
20973,12 PENCIL SMALL TUBE WOODLAND,0.65,General,
20974,12 PENCILS SMALL TUBE SKULL,0.65,General,
20975,12 PENCILS SMALL TUBE RED RETROSPOT,0.65,General,
20976,12 PENCILS SMALL TUBE POSY,0.65,General,
20977,36 PENCILS TUBE WOODLAND,1.25,General,
20978,36 PENCILS TUBE SKULLS,1.25,General,
20979,36 PENCILS TUBE RED RETROSPOT,1.25,General,
20980,36 PENCILS TUBE POSY,1.25,General,
20981,12 PENCILS TALL TUBE WOODLAND,0.85,General,
20982,12 PENCILS TALL TUBE SKULLS,0.85,General,
20983,12 PENCILS TALL TUBE RED RETROSPOT,0.85,General,
20984,12 PENCILS TALL TUBE POSY,0.29,General,
20985,HEART CALCULATOR,1.25,General,https://api.openverse.org/v1/images/60eb32c0-6342-4e6f-bc94-d605df49b89c/thumb/
20986,BLUE CALCULATOR RULER,1.25,General,
20987,GEISHA GIRL CHOPSTICKS SET/5,1.95,General,https://api.openverse.org/v1/images/2cb6fa5d-96e6-4d25-91eb-397987449ab0/thumb/
20988,TRELLIS FLOWER CHOPSTICKS SET/5,1.95,General,https://api.openverse.org/v1/images/2cb6fa5d-96e6-4d25-91eb-397987449ab0/thumb/
20989,URBAN CHIC CHOPSTICKS SET/5,1.95,General,https://api.openverse.org/v1/images/2cb6fa5d-96e6-4d25-91eb-397987449ab0/thumb/
20990,SPRING FLOWER CHOPSTICKS SET/5,1.95,General,https://api.openverse.org/v1/images/2cb6fa5d-96e6-4d25-91eb-397987449ab0/thumb/
20991,JAZZ HEARTS MAGNETIC MEMO PAD,0.97,General,
20992,JAZZ HEARTS PURSE NOTEBOOK,0.83,General,https://api.openverse.org/v1/images/bc534457-cd5d-4887-ad2c-f42c33344be5/thumb/
20993,JAZZ HEARTS MEMO PAD,0.85,General,
20994,JAZZ HEARTS SPIRAL NOTEPAD,0.85,General,
20996,JAZZ HEARTS ADDRESS BOOK,0.42,General,https://api.openverse.org/v1/images/26966751-3191-41d5-b8f8-593822219640/thumb/
20997,ROSE DU SUD CUSHION COVER,4.21,General,https://api.openverse.org/v1/images/3cd7adbe-bdf7-4633-b108-e861b6827dec/thumb/
20998,ROSE DU SUD OVEN GLOVE,2.95,General,https://api.openverse.org/v1/images/829b34ac-e094-4745-ad21-86d40a4a70a0/thumb/
21000,ROSE DU SUD COSMETICS BAG,3.36,General,https://api.openverse.org/v1/images/cb3e1d79-54b4-47d2-9678-84b342331819/thumb/
21001,ROSE DU SUD WASHBAG,4.21,General,
21002,ROSE DU SUD DRAWSTRING BAG,3.36,General,https://api.openverse.org/v1/images/cb3e1d79-54b4-47d2-9678-84b342331819/thumb/
21003,ROSE DU SUD CUSHION COVER,5.79,General,https://api.openverse.org/v1/images/3cd7adbe-bdf7-4633-b108-e861b6827dec/thumb/
21004,ROSE DU SUD CHILDS APRON,4.25,General,https://api.openverse.org/v1/images/c6658085-7d85-432e-900b-1093e7336428/thumb/
21007,ETCHED GLASS DROPLET DECORATION,0.38,General,https://api.openverse.org/v1/images/e9d6182a-6d55-46e6-9bfc-a1084236113a/thumb/
21008,ETCHED GLASS HEART TREE DECORATION,2.51,General,https://api.openverse.org/v1/images/e9d6182a-6d55-46e6-9bfc-a1084236113a/thumb/
21009,ETCHED GLASS STAR TREE DECORATION,1.25,General,https://api.openverse.org/v1/images/e9d6182a-6d55-46e6-9bfc-a1084236113a/thumb/
21010,ETCHED GLASS BIRD TREE DECORATION,1.25,General,https://api.openverse.org/v1/images/e9d6182a-6d55-46e6-9bfc-a1084236113a/thumb/
21011,GLITTER SNOW PEAR TREE DECORATION,1.45,General,https://api.openverse.org/v1/images/e9d6182a-6d55-46e6-9bfc-a1084236113a/thumb/
21012,ANTIQUE ALL GLASS CANDLESTICK,2.46,General,https://api.openverse.org/v1/images/03bbd939-550b-4492-92d3-0d9bff87f8ff/thumb/
21014,SWISS CHALET TREE DECORATION,0.85,General,https://api.openverse.org/v1/images/e9d6182a-6d55-46e6-9bfc-a1084236113a/thumb/
21015,DARK BIRD HOUSE TREE DECORATION,0.83,General,https://api.openverse.org/v1/images/e9d6182a-6d55-46e6-9bfc-a1084236113a/thumb/
21016,LIGHT BIRD HOUSE TREE DECORATION,0.85,General,https://api.openverse.org/v1/images/e9d6182a-6d55-46e6-9bfc-a1084236113a/thumb/
21017,RED BIRD HOUSE TREE DECORATION,1.06,General,https://api.openverse.org/v1/images/e9d6182a-6d55-46e6-9bfc-a1084236113a/thumb/
21018,BIRD BOX CHRISTMAS TREE DECORATION,0.85,General,https://api.openverse.org/v1/images/e9d6182a-6d55-46e6-9bfc-a1084236113a/thumb/
21025,SPACE FROG,1.25,General,https://api.openverse.org/v1/images/a0c70269-027f-4080-887c-6ff104379fff/thumb/
21026,SPACE OWL,1.25,General,
21027,NINJA RABBIT PINK,1.25,General,
21028,NINJA RABBIT BLACK,1.25,General,
21030,SPACE CADET RED,1.25,General,https://api.openverse.org/v1/images/28712310-21cc-4b49-a453-55140af07089/thumb/
21031,SPACE CADET BLACK,1.25,General,https://api.openverse.org/v1/images/28712310-21cc-4b49-a453-55140af07089/thumb/
21032,SPACE CADET WHITE,1.25,General,https://api.openverse.org/v1/images/28712310-21cc-4b49-a453-55140af07089/thumb/
21033,JUMBO BAG CHARLIE AND LOLA TOYS,2.95,General,
21034,REX CASH+CARRY JUMBO SHOPPER,0.95,General,
21035,SET/2 RED RETROSPOT TEA TOWELS,3.25,General,
21036,SET/2 TEA TOWELS MODERN VINTAGE,2.55,General,
21038,SET/4 MODERN VINTAGE COTTON NAPKINS,2.95,General,
21039,RED RETROSPOT SHOPPING BAG,2.55,General,https://api.openverse.org/v1/images/cb3e1d79-54b4-47d2-9678-84b342331819/thumb/
21040,MODERN VINTAGE COTTON SHOPPING BAG,2.55,General,https://api.openverse.org/v1/images/cb3e1d79-54b4-47d2-9678-84b342331819/thumb/
21041,RED RETROSPOT OVEN GLOVE DOUBLE,2.95,General,https://api.openverse.org/v1/images/2299ec19-2fe6-48d6-8ee0-f2d443636c40/thumb/
21042,RED RETROSPOT APRON,5.95,General,https://api.openverse.org/v1/images/c6658085-7d85-432e-900b-1093e7336428/thumb/
21043,APRON MODERN VINTAGE COTTON,4.13,General,https://api.openverse.org/v1/images/b2978289-872b-41d4-af0f-dc2195b58604/thumb/
21051,RIBBONS PURSE,2.10,General,https://api.openverse.org/v1/images/81ab0a1d-2964-4a2f-a4fe-7f105e59de40/thumb/
21054,NURSE'S BAG SOFT TOY,8.95,General,
21055,TOOL BOX SOFT TOY,8.95,General,
21056,DOCTOR'S BAG SOFT TOY,8.95,General,
21058,PARTY INVITES WOODLAND,0.85,General,
21059,PARTY INVITES DINOSAURS,0.85,General,https://api.openverse.org/v1/images/146a2019-cafb-406d-ae4d-2e8e91949745/thumb/
21060,PARTY INVITES BALLOON GIRL,0.85,General,https://api.openverse.org/v1/images/42478b17-1ad0-447a-ac75-3dfa6b7e5e18/thumb/
21061,PARTY INVITES FOOTBALL,0.85,General,https://api.openverse.org/v1/images/7ba872ad-2c27-4d3d-abaa-26ce49a65b2d/thumb/
21062,PARTY INVITES SPACEMAN,0.85,General,
21063,PARTY INVITES JAZZ HEARTS,0.85,General,
21064,BOOM BOX SPEAKER BOYS,5.95,General,https://api.openverse.org/v1/images/ccece5b9-0cba-4d56-9eb5-5df60468b16c/thumb/
21065,BOOM BOX SPEAKER GIRLS,4.21,General,https://api.openverse.org/v1/images/42478b17-1ad0-447a-ac75-3dfa6b7e5e18/thumb/
21066,VINTAGE RED MUG,1.25,General,https://api.openverse.org/v1/images/5f490aab-714a-4ab0-ba1c-65035a8ab4fb/thumb/
21067,VINTAGE RED TEATIME MUG,1.25,General,https://api.openverse.org/v1/images/5f490aab-714a-4ab0-ba1c-65035a8ab4fb/thumb/
21068,VINTAGE BILLBOARD LOVE/HATE MUG,1.25,General,https://api.openverse.org/v1/images/5f490aab-714a-4ab0-ba1c-65035a8ab4fb/thumb/
21069,VINTAGE BILLBOARD TEA MUG,1.25,General,https://api.openverse.org/v1/images/5f490aab-714a-4ab0-ba1c-65035a8ab4fb/thumb/
21070,VINTAGE BILLBOARD MUG,1.25,General,https://api.openverse.org/v1/images/5f490aab-714a-4ab0-ba1c-65035a8ab4fb/thumb/
21071,VINTAGE BILLBOARD DRINK ME MUG,1.25,General,https://api.openverse.org/v1/images/5f490aab-714a-4ab0-ba1c-65035a8ab4fb/thumb/
21076,SET/20 COLLAGE PAPER NAPKIN,0.85,General,
21077,SET/20 WOODLAND PAPER NAPKINS,0.85,General,
21078,SET/20 STRAWBERRY PAPER NAPKINS,0.85,General,
21080,SET/20 RED RETROSPOT PAPER NAPKINS,0.85,General,https://api.openverse.org/v1/images/76cc4295-9513-4f2c-82b3-47717c8ead0f/thumb/
21081,SET/20 POSIES PAPER NAPKINS,0.85,General,
21082,SET/20 FRUIT SALAD PAPER NAPKINS,0.85,General,
21084,SET/6 COLLAGE PAPER CUPS,0.65,General,https://api.openverse.org/v1/images/d199fcb5-c343-42bf-82a1-3b4b6f82c653/thumb/
21085,SET/6 WOODLAND PAPER CUPS,0.65,General,https://api.openverse.org/v1/images/d199fcb5-c343-42bf-82a1-3b4b6f82c653/thumb/
21086,SET/6 RED SPOTTY PAPER CUPS,0.65,General,https://api.openverse.org/v1/images/d199fcb5-c343-42bf-82a1-3b4b6f82c653/thumb/
21087,SET/6 POSIES PAPER CUPS,0.65,General,https://api.openverse.org/v1/images/d199fcb5-c343-42bf-82a1-3b4b6f82c653/thumb/
21088,SET/6 FRUIT SALAD PAPER CUPS,0.19,General,https://api.openverse.org/v1/images/d199fcb5-c343-42bf-82a1-3b4b6f82c653/thumb/
21089,SET/6 GREEN SPRING PAPER CUPS,0.19,General,https://api.openverse.org/v1/images/d199fcb5-c343-42bf-82a1-3b4b6f82c653/thumb/
21090,SET/6 COLLAGE PAPER PLATES,0.83,General,
21091,SET/6 WOODLAND PAPER PLATES,0.85,General,
21092,SET/6 STRAWBERRY PAPER PLATES,0.85,General,
21094,SET/6 RED SPOTTY PAPER PLATES,0.85,General,https://upload.wikimedia.org/wikipedia/commons/4/41/Paper_Plate.jpg
21095,SET/6 POSIES PAPER PLATES,0.85,General,
21096,SET/6 FRUIT SALAD  PAPER PLATES,0.83,General,
21097,SET/6 GREEN SPRING  PAPER PLATE,0.85,General,https://api.openverse.org/v1/images/c81a5b8f-093c-46bd-8753-50cdb2af7378/thumb/
21098,CHRISTMAS TOILET ROLL,1.25,General,
21099,SET/6 STRAWBERRY PAPER CUPS,0.65,General,https://api.openverse.org/v1/images/d199fcb5-c343-42bf-82a1-3b4b6f82c653/thumb/
21100,CHARLIE AND LOLA CHARLOTTE BAG,1.65,General,https://api.openverse.org/v1/images/cb3e1d79-54b4-47d2-9678-84b342331819/thumb/
21102,"CANDLE IN JAR COLLAGE , VANILLA",2.55,General,
21106,CREAM SLICE FLANNEL CHOCOLATE SPOT,2.95,General,
21107,CREAM SLICE FLANNEL PINK SPOT,2.95,General,
21108,FAIRY CAKE FLANNEL ASSORTED COLOUR,2.55,General,https://api.openverse.org/v1/images/d2ee2733-1dcb-4688-878a-30c3ce79215f/thumb/
21109,"LARGE CAKE TOWEL, CHOCOLATE SPOTS",6.75,General,
21110,LARGE CAKE TOWEL PINK SPOTS,6.75,General,
21111,"SWISS ROLL TOWEL, CHOCOLATE  SPOTS",2.95,General,
21112,"SWISS ROLL TOWEL, PINK  SPOTS",2.95,General,
21114,LAVENDER SCENTED FABRIC HEART,1.25,General,
21115,ROSE CARAVAN DOORSTOP,6.75,General,https://api.openverse.org/v1/images/edd89cc9-1a79-4f0a-aaad-a735de7ce10b/thumb/
21116,OWL DOORSTOP,8.29,General,https://api.openverse.org/v1/images/edd89cc9-1a79-4f0a-aaad-a735de7ce10b/thumb/
21117,BLOND DOLL DOORSTOP,1.25,General,https://api.openverse.org/v1/images/edd89cc9-1a79-4f0a-aaad-a735de7ce10b/thumb/
21118,SHOPPING BAG DOORSTOP,1.25,General,https://api.openverse.org/v1/images/edd89cc9-1a79-4f0a-aaad-a735de7ce10b/thumb/
21119,Glow In The Dark Shot Glasses,13.57,General,https://api.openverse.org/v1/images/34ed04b6-47dd-4c59-9dc0-16d1ba594364/thumb/
21120,*Boombox Ipod Classic,16.98,General,https://api.openverse.org/v1/images/ca0f77db-3c2c-4865-8bae-226eb7ed17ac/thumb/
21121,SET/10 RED POLKADOT PARTY CANDLES,1.25,General,https://api.openverse.org/v1/images/08b80744-52cf-4b6f-98fb-c03218cfb7b2/thumb/
21122,SET/10 PINK POLKADOT PARTY CANDLES,1.25,General,https://api.openverse.org/v1/images/08b80744-52cf-4b6f-98fb-c03218cfb7b2/thumb/
21123,SET/10 IVORY POLKADOT PARTY CANDLES,1.25,General,https://api.openverse.org/v1/images/08b80744-52cf-4b6f-98fb-c03218cfb7b2/thumb/
21124,SET/10 BLUE SPOTTY PARTY CANDLES,1.25,General,https://api.openverse.org/v1/images/08b80744-52cf-4b6f-98fb-c03218cfb7b2/thumb/
21125,SET 6 FOOTBALL CELEBRATION CANDLES,1.25,General,https://api.openverse.org/v1/images/08b80744-52cf-4b6f-98fb-c03218cfb7b2/thumb/
21126,SET OF 6 GIRLS CELEBRATION CANDLES,1.25,General,https://api.openverse.org/v1/images/08b80744-52cf-4b6f-98fb-c03218cfb7b2/thumb/
21127,COLOURFUL FISHING GNOME,5.95,General,https://api.openverse.org/v1/images/59d438d0-857d-426e-8e31-2fdf1c3f27e9/thumb/
21128,GOLD FISHING GNOME,12.46,General,https://api.openverse.org/v1/images/59d438d0-857d-426e-8e31-2fdf1c3f27e9/thumb/
21129,SILVER FISHING GNOME,6.95,General,https://api.openverse.org/v1/images/59d438d0-857d-426e-8e31-2fdf1c3f27e9/thumb/
21130,COLOURFUL STANDING GNOME,3.45,General,https://api.openverse.org/v1/images/59d438d0-857d-426e-8e31-2fdf1c3f27e9/thumb/
21131,GOLD STANDING GNOME,4.25,General,https://api.openverse.org/v1/images/59d438d0-857d-426e-8e31-2fdf1c3f27e9/thumb/
21132,SILVER STANDING GNOME,4.25,General,https://api.openverse.org/v1/images/59d438d0-857d-426e-8e31-2fdf1c3f27e9/thumb/
21133,PAINTED BIRD ASSORTED CHRISTMAS,1.69,General,https://api.openverse.org/v1/images/c4d08a5b-c8a4-4b40-92f2-7fe03892dcbd/thumb/
21134,VICTORIAN METAL POSTCARD CHRISTMAS,1.65,General,
21135,VICTORIAN  METAL POSTCARD SPRING,1.69,General,
21136,PAINTED METAL PEARS ASSORTED,1.69,General,
21137,BLACK RECORD COVER FRAME,3.75,General,https://api.openverse.org/v1/images/8ec53748-2acc-4984-8a6f-528cbb3fb3d9/thumb/
21143,ANTIQUE GLASS HEART DECORATION,1.95,General,https://api.openverse.org/v1/images/e9d6182a-6d55-46e6-9bfc-a1084236113a/thumb/
21144,PINK POODLE HANGING DECORATION,0.38,General,https://api.openverse.org/v1/images/e9d6182a-6d55-46e6-9bfc-a1084236113a/thumb/
21145,ANTIQUE GLASS PLACE SETTING,1.25,General,
21146,ANTIQUE GLASS RIDGED HANGING BALL,1.95,General,https://api.openverse.org/v1/images/971070ab-c6c2-40a3-89d2-1103bb39a07f/thumb/
21147,JINGLE BELLS TREE DECORATION,2.10,General,https://api.openverse.org/v1/images/e9d6182a-6d55-46e6-9bfc-a1084236113a/thumb/
21153,RED SPOTTY TABLECLOTH,10.65,General,
21154,RED RETROSPOT OVEN GLOVE,1.25,General,https://api.openverse.org/v1/images/829b34ac-e094-4745-ad21-86d40a4a70a0/thumb/
21155,RED RETROSPOT PEG BAG,2.55,General,https://api.openverse.org/v1/images/cb3e1d79-54b4-47d2-9678-84b342331819/thumb/
21156,RETROSPOT CHILDRENS APRON,1.95,General,https://api.openverse.org/v1/images/c6658085-7d85-432e-900b-1093e7336428/thumb/
21157,RED SPOTTY WASHBAG,2.10,General,
21158,MOODY GIRL DOOR HANGER,1.45,General,https://api.openverse.org/v1/images/b984bec7-0df5-47f0-b8d7-d6c67685f1e1/thumb/
21159,MOODY BOY  DOOR HANGER,1.45,General,https://api.openverse.org/v1/images/b984bec7-0df5-47f0-b8d7-d6c67685f1e1/thumb/
21160,KEEP OUT GIRLS DOOR HANGER,1.45,General,https://api.openverse.org/v1/images/b984bec7-0df5-47f0-b8d7-d6c67685f1e1/thumb/
21161,KEEP OUT BOYS DOOR HANGER,1.45,General,https://api.openverse.org/v1/images/b984bec7-0df5-47f0-b8d7-d6c67685f1e1/thumb/
21162,TOXIC AREA  DOOR HANGER,1.45,General,https://api.openverse.org/v1/images/b984bec7-0df5-47f0-b8d7-d6c67685f1e1/thumb/
21163,DO NOT TOUCH MY STUFF DOOR HANGER,1.45,General,https://api.openverse.org/v1/images/b984bec7-0df5-47f0-b8d7-d6c67685f1e1/thumb/
21164,HOME SWEET HOME METAL SIGN,2.95,General,https://api.openverse.org/v1/images/4b56ac14-c109-43db-a3b8-6f8491648aef/thumb/
21165,BEWARE OF THE CAT METAL SIGN,1.69,General,https://api.openverse.org/v1/images/4b56ac14-c109-43db-a3b8-6f8491648aef/thumb/
21166,COOK WITH WINE METAL SIGN,1.95,General,https://api.openverse.org/v1/images/4b56ac14-c109-43db-a3b8-6f8491648aef/thumb/
21167,WHITE SAGE INCENSE,0.42,General,
21169,YOU'RE CONFUSING ME METAL SIGN,1.69,General,https://api.openverse.org/v1/images/4b56ac14-c109-43db-a3b8-6f8491648aef/thumb/
21171,BATHROOM METAL SIGN,1.45,General,https://api.openverse.org/v1/images/4b56ac14-c109-43db-a3b8-6f8491648aef/thumb/
21172,PARTY METAL SIGN,1.45,General,https://api.openverse.org/v1/images/4b56ac14-c109-43db-a3b8-6f8491648aef/thumb/
21173,LOO ROLL  METAL SIGN,1.65,General,https://api.openverse.org/v1/images/4b56ac14-c109-43db-a3b8-6f8491648aef/thumb/
21174,POTTERING IN THE SHED METAL SIGN,2.08,General,https://api.openverse.org/v1/images/4b56ac14-c109-43db-a3b8-6f8491648aef/thumb/
21175,GIN + TONIC DIET METAL SIGN,2.10,General,https://api.openverse.org/v1/images/4b56ac14-c109-43db-a3b8-6f8491648aef/thumb/
21179,NO JUNK MAIL METAL SIGN,1.25,General,https://api.openverse.org/v1/images/4b56ac14-c109-43db-a3b8-6f8491648aef/thumb/
21181,PLEASE ONE PERSON METAL SIGN,2.10,General,https://api.openverse.org/v1/images/4b56ac14-c109-43db-a3b8-6f8491648aef/thumb/
21185,HOME SWEET HOME  BLACKBOARD,6.35,General,https://api.openverse.org/v1/images/e11fbd8f-5c1a-4e18-9d38-7870bfd7007a/thumb/
21186,WHITE DOVE HONEYCOMB PAPER GARLAND,1.65,General,https://api.openverse.org/v1/images/a97911af-e24d-4823-8bd3-92fd3af7c472/thumb/
21187,WHITE BELL HONEYCOMB PAPER GARLAND,1.65,General,https://api.openverse.org/v1/images/a97911af-e24d-4823-8bd3-92fd3af7c472/thumb/
21188,3D HEARTS  HONEYCOMB PAPER GARLAND,2.95,General,https://api.openverse.org/v1/images/a97911af-e24d-4823-8bd3-92fd3af7c472/thumb/
21189,WHITE HONEYCOMB PAPER GARLAND,1.65,General,https://api.openverse.org/v1/images/a97911af-e24d-4823-8bd3-92fd3af7c472/thumb/
21190,PINK HEARTS PAPER GARLAND,1.65,General,https://api.openverse.org/v1/images/a97911af-e24d-4823-8bd3-92fd3af7c472/thumb/
21191,LARGE WHITE HONEYCOMB PAPER BELL,2.10,General,https://api.openverse.org/v1/images/b1ed4d2d-f256-4dca-b12f-cc11d1fca2a5/thumb/
21192,WHITE BELL HONEYCOMB PAPER,1.65,General,
21193,WHITE HONEYCOMB PAPER FAN,2.10,General,https://api.openverse.org/v1/images/582db183-fd66-47f5-a685-7c461324fc0f/thumb/
21194,PINK  HONEYCOMB PAPER FAN,2.10,General,https://api.openverse.org/v1/images/582db183-fd66-47f5-a685-7c461324fc0f/thumb/
21195,PINK  HONEYCOMB PAPER BALL,2.10,General,https://api.openverse.org/v1/images/971070ab-c6c2-40a3-89d2-1103bb39a07f/thumb/
21196,ROUND WHITE CONFETTI IN TUBE,1.65,General,
21197,MULTICOLOUR  CONFETTI IN TUBE,1.65,General,
21198,WHITE HEART CONFETTI IN TUBE,1.65,General,
21199,PINK  HEART CONFETTI IN TUBE,1.65,General,
21200,MULTICOLOUR HONEYCOMB PAPER GARLAND,1.65,General,https://api.openverse.org/v1/images/a97911af-e24d-4823-8bd3-92fd3af7c472/thumb/
21201,TROPICAL  HONEYCOMB PAPER GARLAND,2.55,General,https://api.openverse.org/v1/images/a97911af-e24d-4823-8bd3-92fd3af7c472/thumb/
21202,DOLLY HONEYCOMB GARLAND,1.65,General,https://api.openverse.org/v1/images/a97911af-e24d-4823-8bd3-92fd3af7c472/thumb/
21203,BUTTERFLIES  HONEYCOMB GARLAND,1.65,General,https://api.openverse.org/v1/images/a97911af-e24d-4823-8bd3-92fd3af7c472/thumb/
21204,DAISIES  HONEYCOMB GARLAND,1.65,General,https://api.openverse.org/v1/images/a97911af-e24d-4823-8bd3-92fd3af7c472/thumb/
21205,MULTICOLOUR 3D BALLS GARLAND,2.55,General,https://api.openverse.org/v1/images/a97911af-e24d-4823-8bd3-92fd3af7c472/thumb/
21206,STRAWBERRY HONEYCOMB  GARLAND,1.65,General,https://api.openverse.org/v1/images/a97911af-e24d-4823-8bd3-92fd3af7c472/thumb/
21207,SKULL AND CROSSBONES  GARLAND,1.65,General,https://api.openverse.org/v1/images/a97911af-e24d-4823-8bd3-92fd3af7c472/thumb/
21208,PASTEL COLOUR HONEYCOMB FAN,1.65,General,https://api.openverse.org/v1/images/582db183-fd66-47f5-a685-7c461324fc0f/thumb/
21209,MULTICOLOUR HONEYCOMB FAN,1.65,General,https://api.openverse.org/v1/images/582db183-fd66-47f5-a685-7c461324fc0f/thumb/
21210,SET OF 72 RETROSPOT PAPER  DOILIES,1.45,General,https://api.openverse.org/v1/images/b5abaf15-1d5a-4fb1-800c-fc9de7255200/thumb/
21211,SET OF 72 SKULL PAPER  DOILIES,1.45,General,https://api.openverse.org/v1/images/b5abaf15-1d5a-4fb1-800c-fc9de7255200/thumb/
21212,PACK OF 72 RETROSPOT CAKE CASES,0.55,General,https://api.openverse.org/v1/images/65355e41-3c33-4970-856c-37b07597329e/thumb/
21213,PACK OF 72 SKULL CAKE CASES,0.55,General,https://api.openverse.org/v1/images/65355e41-3c33-4970-856c-37b07597329e/thumb/
21214,SET OF 72 IVORY PAPER DOILIES,1.45,General,https://api.openverse.org/v1/images/b5abaf15-1d5a-4fb1-800c-fc9de7255200/thumb/
21215,IVORY PAPER CUP CAKE CASES,0.55,General,https://api.openverse.org/v1/images/65355e41-3c33-4970-856c-37b07597329e/thumb/
21216,"SET 3 RETROSPOT TEA,COFFEE,SUGAR",4.95,General,
21217,RED RETROSPOT ROUND CAKE TINS,9.95,General,
21218,RED SPOTTY BISCUIT TIN,3.75,General,https://api.openverse.org/v1/images/348bc62a-d0d7-4ac6-be4f-77ebbd27b328/thumb/
21219,SET/4 BADGES BALLOON GIRL,1.25,General,https://api.openverse.org/v1/images/42478b17-1ad0-447a-ac75-3dfa6b7e5e18/thumb/
21220,SET/4 BADGES DOGS,1.25,General,https://api.openverse.org/v1/images/dcef0b54-2338-4141-9be0-1b5bb50fa729/thumb/
21221,SET/4 BADGES CUTE CREATURES,1.25,General,https://api.openverse.org/v1/images/7b28aa9c-0046-4a70-9083-b005ef8be459/thumb/
21222,SET/4 BADGES BEETLES,1.25,General,https://api.openverse.org/v1/images/703c89ca-b9ea-4fa8-a549-31c97f49325b/thumb/
21223,SET/4 BADGES WOODLAND ANIMAL,1.25,General,https://api.openverse.org/v1/images/02e00a12-c1d2-4e99-b076-85d304faf263/thumb/
21224,SET/4 SKULL BADGES,1.25,General,https://api.openverse.org/v1/images/d288de7f-321a-43d6-93ed-8dbeeebf25bc/thumb/
21225,POCKET MIRROR BUTTERFLY,1.25,General,https://api.openverse.org/v1/images/edc6d028-8bf4-4f0b-b590-dcaace881890/thumb/
21226,POCKET MIRROR WOODLAND,1.25,General,
21228,"POCKET MIRROR ""GLAMOROUS""",1.25,General,https://api.openverse.org/v1/images/c1a152e7-2213-4639-96e5-51db56ea4724/thumb/
21231,SWEETHEART CERAMIC TRINKET BOX,1.25,General,https://api.openverse.org/v1/images/1190a5b6-5e15-4eb7-a0c8-ec57704d85aa/thumb/
21232,STRAWBERRY CERAMIC TRINKET BOX,1.25,General,https://api.openverse.org/v1/images/1190a5b6-5e15-4eb7-a0c8-ec57704d85aa/thumb/
21238,RED RETROSPOT CUP,0.85,General,https://api.openverse.org/v1/images/d199fcb5-c343-42bf-82a1-3b4b6f82c653/thumb/
21239,PINK  POLKADOT CUP,0.85,General,https://api.openverse.org/v1/images/d199fcb5-c343-42bf-82a1-3b4b6f82c653/thumb/
21240,BLUE POLKADOT CUP,0.85,General,https://api.openverse.org/v1/images/d199fcb5-c343-42bf-82a1-3b4b6f82c653/thumb/
21241,GREEN SPOTTY CUP,0.85,General,https://api.openverse.org/v1/images/d199fcb5-c343-42bf-82a1-3b4b6f82c653/thumb/
21242,RED RETROSPOT PLATE,1.69,General,https://api.openverse.org/v1/images/c81a5b8f-093c-46bd-8753-50cdb2af7378/thumb/
21243,PINK  POLKADOT PLATE,1.69,General,https://api.openverse.org/v1/images/c81a5b8f-093c-46bd-8753-50cdb2af7378/thumb/
21244,BLUE POLKADOT PLATE,1.69,General,https://api.openverse.org/v1/images/c81a5b8f-093c-46bd-8753-50cdb2af7378/thumb/
21245,GREEN POLKADOT PLATE,1.69,General,https://api.openverse.org/v1/images/c81a5b8f-093c-46bd-8753-50cdb2af7378/thumb/
21246,RED RETROSPOT BIG BOWL,4.95,General,https://api.openverse.org/v1/images/dcf29c13-b3ea-4a75-91c9-6c5892fc52c7/thumb/
21247,SET OF RED SALAD SERVERS,1.49,General,
21248,DOOR HANGER  MUM + DADS ROOM,1.45,General,
21249,WOODLAND  HEIGHT CHART STICKERS,2.95,General,https://api.openverse.org/v1/images/713edf7e-d3be-4993-b671-7372c1d675fa/thumb/
21250,SET OF SKULL WALL STICKERS,2.95,General,https://api.openverse.org/v1/images/713edf7e-d3be-4993-b671-7372c1d675fa/thumb/
21251,DINOSAUR HEIGHT CHART STICKER SET,2.95,General,
21252,SET OF MEADOW  FLOWER STICKERS,2.95,General,https://api.openverse.org/v1/images/713edf7e-d3be-4993-b671-7372c1d675fa/thumb/
21253,SET OF PICTURE FRAME  STICKERS,5.79,General,https://api.openverse.org/v1/images/713edf7e-d3be-4993-b671-7372c1d675fa/thumb/
21255,"FRENCH BOTTLE , LAVENDER",1.65,General,
21256,"FRENCH BOTTLE, BRASSERIE DES ARTIST",1.65,General,https://api.openverse.org/v1/images/41341092-947e-4675-941f-7c28082ec07e/thumb/
21257,VICTORIAN SEWING BOX MEDIUM,7.95,General,https://api.openverse.org/v1/images/1190a5b6-5e15-4eb7-a0c8-ec57704d85aa/thumb/
21258,VICTORIAN SEWING BOX LARGE,12.75,General,https://api.openverse.org/v1/images/1190a5b6-5e15-4eb7-a0c8-ec57704d85aa/thumb/
21259,VICTORIAN SEWING BOX SMALL,5.95,General,https://api.openverse.org/v1/images/1190a5b6-5e15-4eb7-a0c8-ec57704d85aa/thumb/
21260,FIRST AID TIN,3.25,General,https://api.openverse.org/v1/images/348bc62a-d0d7-4ac6-be4f-77ebbd27b328/thumb/
21261,GREEN GOOSE FEATHER CHRISTMAS TREE,7.46,General,https://api.openverse.org/v1/images/d224c01b-ea04-4ba0-abfa-30a0b719aa66/thumb/
21262,WHITE GOOSE FEATHER CHRISTMAS TREE,2.95,General,https://api.openverse.org/v1/images/d224c01b-ea04-4ba0-abfa-30a0b719aa66/thumb/
21263,GREEN GOOSE FEATHER TREE 60CM,1.95,General,https://api.openverse.org/v1/images/d224c01b-ea04-4ba0-abfa-30a0b719aa66/thumb/
21264,WHITE GOOSE FEATHER TREE 60CM,1.95,General,https://api.openverse.org/v1/images/d224c01b-ea04-4ba0-abfa-30a0b719aa66/thumb/
21265,PINK GOOSE FEATHER TREE 60CM,1.95,General,https://api.openverse.org/v1/images/d224c01b-ea04-4ba0-abfa-30a0b719aa66/thumb/
21266,VINTAGE SILVER TINSEL REEL,4.30,General,
21267,VINTAGE PINK TINSEL REEL,4.30,General,
21268,VINTAGE BLUE TINSEL REEL,0.42,General,
21269,ANTIQUE CREAM CUTLERY SHELF,8.50,General,
21270,ANTIQUE CREAM CUTLERY CUPBOARD,12.75,General,https://api.openverse.org/v1/images/7d6fefd6-77a8-4467-96ad-5e666a307c2b/thumb/
21272,SALLE DE BAIN HOOK,1.25,General,https://api.openverse.org/v1/images/1fc08491-7c6e-4183-be28-60a2ca87c2b7/thumb/
21274,EMBOSSED HEART 3 DRAWER SHELF,12.75,General,
21275,ZINC TOP  2 DOOR WOODEN SHELF,16.95,General,
21276,TWO EMBOSSED HEART MINI DRAWERS,1.95,General,https://api.openverse.org/v1/images/52ce00df-859b-403a-a6fe-335ea584532e/thumb/
21277,FRENCH STYLE EMBOSSED HEART CABINET,21.95,General,https://api.openverse.org/v1/images/f4f13708-64ca-4b70-b384-0e3d34fd567f/thumb/
21278,VINTAGE KITCHEN PRINT PUDDINGS,2.55,General,
21279,VINTAGE KITCHEN PRINT FRUITS,2.55,General,https://api.openverse.org/v1/images/c0afdc6f-83b1-4080-8ce0-3fa25e8b8af4/thumb/
21280,VINTAGE KITCHEN PRINT VEGETABLES,2.55,General,
21281,VINTAGE KITCHEN PRINT SEAFOOD,2.55,General,
21282,NATURAL BARK CANDLE LARGE,4.25,General,https://api.openverse.org/v1/images/08b80744-52cf-4b6f-98fb-c03218cfb7b2/thumb/
21283,NATURAL BARK CANDLE SMALL,3.25,General,https://api.openverse.org/v1/images/08b80744-52cf-4b6f-98fb-c03218cfb7b2/thumb/
21284,RETROSPOT CANDLE  SMALL,1.69,General,https://api.openverse.org/v1/images/08b80744-52cf-4b6f-98fb-c03218cfb7b2/thumb/
21285,RETROSPOT CANDLE  MEDIUM,2.10,General,https://api.openverse.org/v1/images/08b80744-52cf-4b6f-98fb-c03218cfb7b2/thumb/
21286,RETROSPOT CANDLE  LARGE,2.55,General,https://api.openverse.org/v1/images/08b80744-52cf-4b6f-98fb-c03218cfb7b2/thumb/
21287,SCENTED VELVET LOUNGE CANDLE,0.38,General,https://api.openverse.org/v1/images/08b80744-52cf-4b6f-98fb-c03218cfb7b2/thumb/
21288,STRIPEY CHOCOLATE NESTING BOXES,2.95,General,https://api.openverse.org/v1/images/1190a5b6-5e15-4eb7-a0c8-ec57704d85aa/thumb/
21289,LARGE STRIPES CHOCOLATE GIFT BAG,1.25,General,https://api.openverse.org/v1/images/cb3e1d79-54b4-47d2-9678-84b342331819/thumb/
21290,LARGE SPOTTY CHOCOLATE GIFT BAG,1.25,General,https://api.openverse.org/v1/images/cb3e1d79-54b4-47d2-9678-84b342331819/thumb/
21291,SMALL POLKADOT CHOCOLATE GIFT BAG,0.85,General,https://api.openverse.org/v1/images/cb3e1d79-54b4-47d2-9678-84b342331819/thumb/
21292,SMALL STRIPES CHOCOLATE GIFT BAG,0.85,General,https://api.openverse.org/v1/images/cb3e1d79-54b4-47d2-9678-84b342331819/thumb/
21293,MIRRORED DOVE WALL DECORATION,3.36,General,https://api.openverse.org/v1/images/e9d6182a-6d55-46e6-9bfc-a1084236113a/thumb/
21294,ETCHED GLASS COASTER,1.25,General,
21298,EDWARDIAN 2 DRAWER WALL CABINET,12.75,General,https://api.openverse.org/v1/images/f4f13708-64ca-4b70-b384-0e3d34fd567f/thumb/
21299,EDWARDIAN TOILET ROLL UNIT,12.75,General,
21300,ANTIQUE EDWARDIAN DRESSER,12.75,General,https://api.openverse.org/v1/images/fee2234a-f85a-4a35-a0e6-f1448da6b5c8/thumb/
21303,FILIGREE WALL MIRROR  ANTIQUE WHITE,16.95,General,https://api.openverse.org/v1/images/50a14bda-9275-4685-ae87-7dd051c3a213/thumb/
21304,ARCHED GREY MIRROR,12.75,General,https://api.openverse.org/v1/images/50a14bda-9275-4685-ae87-7dd051c3a213/thumb/
21306,SET/4 DAISY MIRROR MAGNETS,2.10,General,https://api.openverse.org/v1/images/c1db1cee-90fe-4859-bbfc-8ab207962756/thumb/
21307,SET/4 BUTTERFLY MIRROR MAGNETS,2.10,General,https://api.openverse.org/v1/images/c1db1cee-90fe-4859-bbfc-8ab207962756/thumb/
21308,LOUVRE VANITY MIRROR,12.65,General,https://api.openverse.org/v1/images/50a14bda-9275-4685-ae87-7dd051c3a213/thumb/
21309,LOUVRE CHALKBOARD,9.95,General,https://api.openverse.org/v1/images/f7850acf-1863-4735-87bf-2124b08734d7/thumb/
21310,CAPIZ CHANDELIER,29.95,General,https://api.openverse.org/v1/images/1920cf3d-2b8d-4a71-989f-5ab38d84391d/thumb/
21311,SET/4 BIRD MIRROR MAGNETS,2.10,General,https://api.openverse.org/v1/images/c1db1cee-90fe-4859-bbfc-8ab207962756/thumb/
21312,LARGE CHUNKY GLASS ROMAN BOWL,6.75,General,https://api.openverse.org/v1/images/dcf29c13-b3ea-4a75-91c9-6c5892fc52c7/thumb/
21313,GLASS HEART T-LIGHT HOLDER,0.85,General,https://api.openverse.org/v1/images/dfed723f-0d7e-4814-900e-01daa1b92abc/thumb/
21314,SMALL GLASS HEART TRINKET POT,2.10,General,
21316,SMALL CHUNKY GLASS ROMAN  BOWL,2.95,General,https://api.openverse.org/v1/images/dcf29c13-b3ea-4a75-91c9-6c5892fc52c7/thumb/
21317,GLASS SPHERE CANDLE STAND MEDIUM,5.45,General,https://api.openverse.org/v1/images/1c805922-fd5f-49af-9cb5-f438ca31390b/thumb/
21318,GLASS CHALICE BLUE SMALL,1.65,General,https://api.openverse.org/v1/images/ea481bf9-320f-43cf-a644-97bbd2b42e2c/thumb/
21319,GLASS CHALICE GREEN  SMALL,1.65,General,https://api.openverse.org/v1/images/ea481bf9-320f-43cf-a644-97bbd2b42e2c/thumb/
21320,GLASS CHALICE GREEN  LARGE,2.55,General,https://api.openverse.org/v1/images/ea481bf9-320f-43cf-a644-97bbd2b42e2c/thumb/
21321,GLASS CHALICE BLUE  LARGE,2.55,General,https://api.openverse.org/v1/images/ea481bf9-320f-43cf-a644-97bbd2b42e2c/thumb/
21322,GLASS SPHERE CANDLE STAND LARGE,6.65,General,https://api.openverse.org/v1/images/1c805922-fd5f-49af-9cb5-f438ca31390b/thumb/
21323,HANGING MEDINA LANTERN LARGE,4.25,General,
21324,HANGING MEDINA LANTERN SMALL,2.95,General,
21326,AGED GLASS SILVER T-LIGHT HOLDER,0.65,General,https://api.openverse.org/v1/images/dfed723f-0d7e-4814-900e-01daa1b92abc/thumb/
21327,SKULLS WRITING SET,1.65,General,
21328,BALLOONS  WRITING SET,1.65,General,
21329,DINOSAURS  WRITING SET,1.65,General,
21330,WOODLAND ANIMAL  WRITING SET,1.65,General,
21331,MOROCCAN BEATEN METAL DISH LARGE,12.75,General,https://api.openverse.org/v1/images/d84197b1-da39-46dd-9350-61826d77e124/thumb/
21332,MOROCCAN BEATEN METAL MIRROR,12.75,General,https://api.openverse.org/v1/images/50a14bda-9275-4685-ae87-7dd051c3a213/thumb/
21333,CLASSIC WHITE FRAME,2.95,General,https://api.openverse.org/v1/images/8ec53748-2acc-4984-8a6f-528cbb3fb3d9/thumb/
21335,LIBRARY LAMP,21.95,General,
21336,GOLD WASHBAG,2.95,General,
21337,SILVER WASHBAG,2.95,General,
21338,MARAKESH LANTERN SMALL,5.95,General,
21339,MARAKESH LANTERN LARGE,19.95,General,
21340,CLASSIC METAL BIRDCAGE PLANT HOLDER,12.75,General,https://api.openverse.org/v1/images/dfed723f-0d7e-4814-900e-01daa1b92abc/thumb/
21341,KASBAH LANTERN WITH GLASS,4.65,General,
21343,GOLD JEWELERY BOX,3.95,General,https://api.openverse.org/v1/images/1190a5b6-5e15-4eb7-a0c8-ec57704d85aa/thumb/
21344,MOROCCAN BEATEN METAL DISH,9.95,General,https://api.openverse.org/v1/images/d84197b1-da39-46dd-9350-61826d77e124/thumb/
21347,GOTHIC CARRIAGE LANTERN,5.95,General,
21348,PINK SPOTS CHOCOLATE NESTING BOXES,2.95,General,https://api.openverse.org/v1/images/1190a5b6-5e15-4eb7-a0c8-ec57704d85aa/thumb/
21349,IVY HEART WREATH,6.75,General,
21350,GINGHAM HEART WREATH,2.95,General,
21351,CINAMMON & ORANGE WREATH,6.75,General,
21352,EUCALYPTUS & PINECONE  WREATH,5.91,General,
21353,SILVER SLEIGHBELL  WREATH,7.95,General,
21354,TOAST ITS - BEST MUM,1.25,General,
21355,TOAST ITS - I LOVE YOU,1.25,General,
21356,TOAST ITS - FAIRY FLOWER,1.25,General,https://api.openverse.org/v1/images/a57f4802-23be-49ce-b22f-efd61f5f7d96/thumb/
21357,TOAST ITS - DINOSAUR,1.25,General,https://api.openverse.org/v1/images/146a2019-cafb-406d-ae4d-2e8e91949745/thumb/
21358,TOAST ITS - HAPPY BIRTHDAY,1.25,General,https://api.openverse.org/v1/images/6b0aa342-64cb-4ce1-bb05-afa0f5b864a2/thumb/
21359,RELAX LARGE WOOD LETTERS,15.95,General,
21360,JOY LARGE WOOD LETTERS,9.95,General,
21361,LOVE LARGE WOOD LETTERS,12.75,General,
21363,HOME SMALL WOOD LETTERS,4.95,General,
21364,PEACE SMALL WOOD LETTERS,6.75,General,
21365,MIRRORED WALL ART STARS,2.95,General,
21366,MIRRORED WALL ART PHOTO FRAMES,4.25,General,https://api.openverse.org/v1/images/8ec53748-2acc-4984-8a6f-528cbb3fb3d9/thumb/
21367,MIRRORED WALL ART GENTS,2.55,General,https://api.openverse.org/v1/images/99a922b6-ff31-4223-9f2d-51185d46f16a/thumb/
21368,MIRRORED WALL ART LADIES,0.75,General,
21369,MIRRORED WALL ART SPLODGES,2.50,General,
21370,MIRRORED WALL ART FOXY,6.35,General,https://api.openverse.org/v1/images/3daa541f-b686-4d07-8a36-5f47e042c698/thumb/
21371,MIRRORED WALL ART POPPIES,2.55,General,
21372,MIRRORED WALL ART TABLE LAMP,2.95,General,
21373,MIRRORED WALL ART SNOWFLAKES,0.75,General,
21374,MIRRORED WALL ART SKULLS,1.25,General,
21375,LARGE CAMPHOR WOOD FIELD MUSHROOM,10.79,General,
21376,LARGE  TALL CAMPHOR WOOD TOADSTOOL,5.45,General,
21377,SMALL CAMPHOR WOOD FIELD  MUSHROOM,3.29,General,
21378,SMALL TALL CAMPHOR WOOD TOADSTOOL,1.65,General,
21379,CAMPHOR WOOD PORTOBELLO MUSHROOM,2.46,General,
21380,WOODEN HAPPY BIRTHDAY GARLAND,2.95,General,https://api.openverse.org/v1/images/a97911af-e24d-4823-8bd3-92fd3af7c472/thumb/
21381,MINI WOODEN HAPPY BIRTHDAY GARLAND,1.69,General,https://api.openverse.org/v1/images/a97911af-e24d-4823-8bd3-92fd3af7c472/thumb/
21382,SET/4 SPRING FLOWER DECORATION,1.63,General,https://api.openverse.org/v1/images/e9d6182a-6d55-46e6-9bfc-a1084236113a/thumb/
21383,PACK OF 12 STICKY BUNNIES,0.65,General,https://api.openverse.org/v1/images/874159dc-219d-4c09-8f30-f4075070f063/thumb/
21384,IVORY HANGING DECORATION  BUTTERFLY,0.85,General,https://api.openverse.org/v1/images/edc6d028-8bf4-4f0b-b590-dcaace881890/thumb/
21385,IVORY HANGING DECORATION  HEART,0.85,General,https://api.openverse.org/v1/images/e9d6182a-6d55-46e6-9bfc-a1084236113a/thumb/
21386,IVORY HANGING DECORATION  EGG,0.85,General,https://api.openverse.org/v1/images/9ad156e7-e62e-4afd-b52b-0b4ddfc52bb4/thumb/
21387,IVORY HANGING DECORATION  RABBIT,0.85,General,
21388,IVORY HANGING DECORATION  CHICKEN,0.85,General,https://api.openverse.org/v1/images/c3f0d714-4e42-4809-9475-480fba3a5077/thumb/
21389,IVORY HANGING DECORATION  BIRD,0.85,General,https://api.openverse.org/v1/images/c4d08a5b-c8a4-4b40-92f2-7fe03892dcbd/thumb/
21390,FILIGRIS HEART WITH BUTTERFLY,1.25,General,https://api.openverse.org/v1/images/edc6d028-8bf4-4f0b-b590-dcaace881890/thumb/
21391,FRENCH LAVENDER SCENT HEART,2.10,General,
21392,RED SPOTTY PUDDING BOWL,2.10,General,https://api.openverse.org/v1/images/dcf29c13-b3ea-4a75-91c9-6c5892fc52c7/thumb/
21393,BLUE  SPOTTY PUDDING BOWL,2.10,General,https://api.openverse.org/v1/images/dcf29c13-b3ea-4a75-91c9-6c5892fc52c7/thumb/
21394,RED POLKADOT BEAKER,0.39,General,https://api.openverse.org/v1/images/80fe1b58-6844-489e-8ee8-d538318dd5e5/thumb/
21395,BLUE POLKADOT BEAKER,0.39,General,https://api.openverse.org/v1/images/80fe1b58-6844-489e-8ee8-d538318dd5e5/thumb/
21396,RED SPOTTY EGG CUP,1.25,General,https://api.openverse.org/v1/images/d199fcb5-c343-42bf-82a1-3b4b6f82c653/thumb/
21397,BLUE  SPOTTY EGG CUP,1.25,General,https://api.openverse.org/v1/images/d199fcb5-c343-42bf-82a1-3b4b6f82c653/thumb/
21398,RED POLKADOT COFFEE  MUG,2.10,General,https://api.openverse.org/v1/images/5f490aab-714a-4ab0-ba1c-65035a8ab4fb/thumb/
21399,BLUE POLKADOT COFFEE MUG,1.63,General,https://api.openverse.org/v1/images/5f490aab-714a-4ab0-ba1c-65035a8ab4fb/thumb/
21400,RED PUDDING SPOON,0.42,General,
21401,BLUE PUDDING SPOON,0.42,General,
21402,RED  EGG  SPOON,0.42,General,
21403,BLUE EGG  SPOON,0.42,General,
21406,SPOTTY CAT DOORSTOP,8.65,General,https://api.openverse.org/v1/images/edd89cc9-1a79-4f0a-aaad-a735de7ce10b/thumb/
21407,BROWN CHECK CAT DOORSTOP,4.25,General,https://api.openverse.org/v1/images/edd89cc9-1a79-4f0a-aaad-a735de7ce10b/thumb/
21408,SPOTTY PINK DUCK DOORSTOP,4.25,General,https://api.openverse.org/v1/images/edd89cc9-1a79-4f0a-aaad-a735de7ce10b/thumb/
21409,SPOTTY COCKEREL DOORSTOP,4.25,General,https://api.openverse.org/v1/images/edd89cc9-1a79-4f0a-aaad-a735de7ce10b/thumb/
21410,COUNTRY COTTAGE  DOORSTOP GREEN,4.25,General,https://api.openverse.org/v1/images/edd89cc9-1a79-4f0a-aaad-a735de7ce10b/thumb/
21411,GINGHAM HEART  DOORSTOP RED,4.25,General,https://api.openverse.org/v1/images/edd89cc9-1a79-4f0a-aaad-a735de7ce10b/thumb/
21412,VINTAGE GOLD TINSEL REEL,0.42,General,
21413,PERIWINKLE T-LIGHT HOLDER,1.25,General,https://api.openverse.org/v1/images/dfed723f-0d7e-4814-900e-01daa1b92abc/thumb/
21414,SCALLOP SHELL SOAP DISH,2.10,General,https://api.openverse.org/v1/images/d84197b1-da39-46dd-9350-61826d77e124/thumb/
21415,CLAM SHELL SMALL,2.10,General,
21416,CLAM SHELL LARGE,3.75,General,
21417,COCKLE SHELL DISH,2.10,General,https://api.openverse.org/v1/images/d84197b1-da39-46dd-9350-61826d77e124/thumb/
21418,STARFISH SOAP DISH,2.55,General,https://api.openverse.org/v1/images/d84197b1-da39-46dd-9350-61826d77e124/thumb/
21419,CONCH SHELL,3.75,General,
21420,OYSTER TRINKET BOX,3.25,General,https://api.openverse.org/v1/images/1190a5b6-5e15-4eb7-a0c8-ec57704d85aa/thumb/
21421,PORCELAIN ROSE LARGE,1.25,General,https://api.openverse.org/v1/images/1f375716-64cb-4fea-942c-2c5a440cd9ed/thumb/
21422,PORCELAIN ROSE SMALL,0.85,General,https://api.openverse.org/v1/images/1f375716-64cb-4fea-942c-2c5a440cd9ed/thumb/
21424,WOODLAND STORAGE BOX LARGE,5.91,General,https://api.openverse.org/v1/images/1190a5b6-5e15-4eb7-a0c8-ec57704d85aa/thumb/
21425,SKULLS STORAGE BOX LARGE,2.95,General,https://api.openverse.org/v1/images/1190a5b6-5e15-4eb7-a0c8-ec57704d85aa/thumb/
21426,WOODLAND STORAGE BOX SMALL,2.10,General,https://api.openverse.org/v1/images/1190a5b6-5e15-4eb7-a0c8-ec57704d85aa/thumb/
21427,SKULLS STORAGE BOX SMALL,2.10,General,https://api.openverse.org/v1/images/1190a5b6-5e15-4eb7-a0c8-ec57704d85aa/thumb/
21428,SET3 BOOK BOX GREEN GINGHAM FLOWER,4.25,General,https://api.openverse.org/v1/images/6760dd66-c96f-4e74-ba1f-1e6edee77d72/thumb/
21429,RED GINGHAM ROSE JEWELLERY BOX,1.65,General,https://api.openverse.org/v1/images/1190a5b6-5e15-4eb7-a0c8-ec57704d85aa/thumb/
21430,SET/3 RED GINGHAM ROSE STORAGE BOX,3.75,General,https://api.openverse.org/v1/images/1190a5b6-5e15-4eb7-a0c8-ec57704d85aa/thumb/
21431,GREEN GINGHAM FLOWER JEWELLERY BOX,1.65,General,https://api.openverse.org/v1/images/1190a5b6-5e15-4eb7-a0c8-ec57704d85aa/thumb/
21432,SET OF 3 CASES WOODLAND DESIGN,5.95,General,
21437,24 HANGING EASTER EGGS FLORAL TUB,3.75,General,
21438,TUB 24 HANGING EASTER EGGS SPOTTY,3.75,General,https://api.openverse.org/v1/images/9ad156e7-e62e-4afd-b52b-0b4ddfc52bb4/thumb/
21439,BASKET OF TOADSTOOLS,1.25,General,
21440,12 MINI TOADSTOOL PEGS,1.25,General,
21441,BLUE BIRDHOUSE DECORATION,0.85,General,https://api.openverse.org/v1/images/e9d6182a-6d55-46e6-9bfc-a1084236113a/thumb/
21442,GREEN BIRDHOUSE DECORATION,0.85,General,https://api.openverse.org/v1/images/e9d6182a-6d55-46e6-9bfc-a1084236113a/thumb/
21443,OLIVE CHALET BIRDFEEDER,3.75,General,https://api.openverse.org/v1/images/4e329769-119b-4d47-92ef-490b3b4f7048/thumb/
21444,BLUE CHALET BIRDFEEDER,3.75,General,https://api.openverse.org/v1/images/4e329769-119b-4d47-92ef-490b3b4f7048/thumb/
21445,12 PINK ROSE PEG PLACE SETTINGS,1.25,General,
21446,12 RED ROSE PEG PLACE SETTINGS,1.25,General,
21447,12 IVORY ROSE PEG PLACE SETTINGS,1.25,General,
21448,12 DAISY PEGS IN WOOD BOX,1.65,General,https://api.openverse.org/v1/images/1190a5b6-5e15-4eb7-a0c8-ec57704d85aa/thumb/
21450,DISTRESSED CANDLE STICK WHITE,5.95,General,
21452,TOADSTOOL MONEY BOX,2.95,General,https://api.openverse.org/v1/images/1190a5b6-5e15-4eb7-a0c8-ec57704d85aa/thumb/
21454,PAINTED PINK RABBIT,0.85,General,
21455,PAINTED YELLOW WOODEN DAISY,0.85,General,https://api.openverse.org/v1/images/58cf07e2-849a-4e12-a222-284f63fda360/thumb/
21456,2 PICTURE BOOK EGGS EASTER CHICKS,1.25,General,https://api.openverse.org/v1/images/c1ba6e52-97fb-4d2f-85bd-d14d405247b0/thumb/
21457,2 PICTURE BOOK EGGS EASTER DUCKS,1.25,General,https://api.openverse.org/v1/images/adf62fcf-7dc4-4731-addb-d2eea43c801c/thumb/
21458,2 PICTURE BOOK EGGS EASTER BUNNY,1.25,General,https://api.openverse.org/v1/images/874159dc-219d-4c09-8f30-f4075070f063/thumb/
21459,YELLOW EASTER EGG HUNT START POST,1.95,General,
21460,GREEN EASTER EGG HUNT START POST,1.95,General,
21461,BLUE EASTER EGG HUNT START POST,1.95,General,
21462,"NURSERY A,B,C PAINTED LETTERS",6.75,General,
21463,MIRRORED DISCO BALL,5.95,General,https://api.openverse.org/v1/images/971070ab-c6c2-40a3-89d2-1103bb39a07f/thumb/
21464,DISCO BALL ROTATOR BATTERY OPERATED,4.25,General,
21465,PINK FLOWER CROCHET FOOD COVER,3.75,General,https://api.openverse.org/v1/images/3cd7adbe-bdf7-4633-b108-e861b6827dec/thumb/
21466,RED FLOWER CROCHET FOOD COVER,3.75,General,https://api.openverse.org/v1/images/3cd7adbe-bdf7-4633-b108-e861b6827dec/thumb/
21467,CHERRY CROCHET FOOD COVER,3.75,General,https://api.openverse.org/v1/images/3cd7adbe-bdf7-4633-b108-e861b6827dec/thumb/
21468,BUTTERFLY CROCHET FOOD COVER,3.75,General,https://api.openverse.org/v1/images/3cd7adbe-bdf7-4633-b108-e861b6827dec/thumb/
21469,POLKA DOT RAFFIA FOOD COVER,3.75,General,https://api.openverse.org/v1/images/3cd7adbe-bdf7-4633-b108-e861b6827dec/thumb/
21470,FLOWER VINE RAFFIA FOOD COVER,3.75,General,https://api.openverse.org/v1/images/3cd7adbe-bdf7-4633-b108-e861b6827dec/thumb/
21471,STRAWBERRY RAFFIA FOOD COVER,3.75,General,https://api.openverse.org/v1/images/3cd7adbe-bdf7-4633-b108-e861b6827dec/thumb/
21472,LADYBIRD + BEE RAFFIA FOOD COVER,3.75,General,https://api.openverse.org/v1/images/3cd7adbe-bdf7-4633-b108-e861b6827dec/thumb/
21473,SWEETHEART CREAM STEEL TABLE RECT,19.95,General,
21474,SWEETHEART CREAM STEEL FOLDIN BENCH,19.95,General,https://api.openverse.org/v1/images/31059029-3875-49ef-9bce-97abcea0ff92/thumb/
21475,SWEETHEART CREAM STEEL FOLDIN CHAIR,14.95,General,https://api.openverse.org/v1/images/4726baf8-1d66-4e42-9ca2-90391f430a03/thumb/
21476,STEEL SWEETHEART ROUND TABLE CREAM,14.95,General,
21477,STRING OF 20 ROSE LIGHTS,12.75,General,https://api.openverse.org/v1/images/765d9a44-9ba5-4ac3-bde1-9dc9a7eb2770/thumb/
21478,SILVER SKULL HOT WATER BOTTLE,3.75,General,https://api.openverse.org/v1/images/6ec63ef0-d09a-4044-8a62-246a1c6f58b4/thumb/
21479,WHITE SKULL HOT WATER BOTTLE,3.75,General,https://api.openverse.org/v1/images/6ec63ef0-d09a-4044-8a62-246a1c6f58b4/thumb/
21480,PINK STRIPE HOT WATER BOTTLE,2.95,General,https://api.openverse.org/v1/images/6ec63ef0-d09a-4044-8a62-246a1c6f58b4/thumb/
21481,FAWN BLUE HOT WATER BOTTLE,2.95,General,https://api.openverse.org/v1/images/6ec63ef0-d09a-4044-8a62-246a1c6f58b4/thumb/
21482,MUSHROOM BLUE HOT WATER BOTTLE,2.95,General,https://api.openverse.org/v1/images/6ec63ef0-d09a-4044-8a62-246a1c6f58b4/thumb/
21484,CHICK GREY HOT WATER BOTTLE,3.45,General,https://api.openverse.org/v1/images/6ec63ef0-d09a-4044-8a62-246a1c6f58b4/thumb/
21485,RETROSPOT HEART HOT WATER BOTTLE,4.95,General,https://api.openverse.org/v1/images/6ec63ef0-d09a-4044-8a62-246a1c6f58b4/thumb/
21486,PINK HEART DOTS HOT WATER BOTTLE,3.75,General,https://api.openverse.org/v1/images/6ec63ef0-d09a-4044-8a62-246a1c6f58b4/thumb/
21488,RED WHITE SCARF  HOT WATER BOTTLE,3.95,General,https://api.openverse.org/v1/images/6ec63ef0-d09a-4044-8a62-246a1c6f58b4/thumb/
21489,BLUE WHITE SCARF HOT WATER BOTTLE,3.95,General,https://api.openverse.org/v1/images/6ec63ef0-d09a-4044-8a62-246a1c6f58b4/thumb/
21490,SET OF THREE 50'S GIFT WRAPS,1.95,General,
21491,SET OF THREE VINTAGE GIFT WRAPS,1.95,General,
21493,VINTAGE DESIGN GIFT TAGS,0.85,General,
21494,ROTATING LEAVES T-LIGHT HOLDER,1.66,General,https://api.openverse.org/v1/images/dfed723f-0d7e-4814-900e-01daa1b92abc/thumb/
21495,SKULLS AND CROSSBONES WRAP,0.42,General,https://api.openverse.org/v1/images/6dbda933-025f-41ea-8e49-85fe18db9274/thumb/
21496,WOODLAND CREATURES  WRAP,0.42,General,https://api.openverse.org/v1/images/6dbda933-025f-41ea-8e49-85fe18db9274/thumb/
21497,FANCY FONTS BIRTHDAY WRAP,0.42,General,https://api.openverse.org/v1/images/6dbda933-025f-41ea-8e49-85fe18db9274/thumb/
21498,RED RETROSPOT WRAP,0.42,General,https://api.openverse.org/v1/images/6dbda933-025f-41ea-8e49-85fe18db9274/thumb/
21499,BLUE POLKADOT WRAP,0.42,General,https://api.openverse.org/v1/images/6dbda933-025f-41ea-8e49-85fe18db9274/thumb/
21500,PINK POLKADOT WRAP,0.42,General,https://api.openverse.org/v1/images/6dbda933-025f-41ea-8e49-85fe18db9274/thumb/
21503,TOYBOX  WRAP,0.42,General,https://api.openverse.org/v1/images/6dbda933-025f-41ea-8e49-85fe18db9274/thumb/
21504,SKULLS GREETING CARD,0.42,General,https://api.openverse.org/v1/images/ee25693d-43c7-4992-915e-152096f89076/thumb/
21506,"FANCY FONT BIRTHDAY CARD,",0.42,General,https://api.openverse.org/v1/images/ee25693d-43c7-4992-915e-152096f89076/thumb/
21507,"ELEPHANT, BIRTHDAY CARD,",0.42,General,https://api.openverse.org/v1/images/ee25693d-43c7-4992-915e-152096f89076/thumb/
21508,VINTAGE KID DOLLY CARD,0.42,General,https://api.openverse.org/v1/images/ee25693d-43c7-4992-915e-152096f89076/thumb/
21509,COWBOYS AND INDIANS BIRTHDAY CARD,0.42,General,https://api.openverse.org/v1/images/ee25693d-43c7-4992-915e-152096f89076/thumb/
21511,VINTAGE COLLAGE  GREETING  CARD,0.42,General,https://api.openverse.org/v1/images/ee25693d-43c7-4992-915e-152096f89076/thumb/
21518,BANK ACCOUNT  GREETING  CARD,0.42,General,https://api.openverse.org/v1/images/ee25693d-43c7-4992-915e-152096f89076/thumb/
21519,GIN & TONIC DIET GREETING CARD,0.42,General,https://api.openverse.org/v1/images/ee25693d-43c7-4992-915e-152096f89076/thumb/
21520,BOOZE & WOMEN GREETING CARD,0.42,General,https://api.openverse.org/v1/images/ee25693d-43c7-4992-915e-152096f89076/thumb/
21523,DOORMAT FANCY FONT HOME SWEET HOME,7.95,General,
21524,DOORMAT SPOTTY HOME SWEET HOME,7.95,General,
21525,BEWARE OF THE CAT DOORMAT,6.75,General,https://api.openverse.org/v1/images/77d2d7ae-6377-4d7e-b089-818195d89c96/thumb/
21527,RED RETROSPOT TRADITIONAL TEAPOT,7.95,General,
21528,DAIRY MAID TRADITIONAL TEAPOT,6.95,General,
21529,RETRO SPOT CERAMIC TOASTRACK,3.45,General,
21530,DAIRY MAID TOASTRACK,2.95,General,
21531,RED RETROSPOT SUGAR JAM BOWL,2.55,General,https://api.openverse.org/v1/images/dcf29c13-b3ea-4a75-91c9-6c5892fc52c7/thumb/
21532,DAIRY MAID SUGAR JAM BOWL,2.10,General,https://api.openverse.org/v1/images/dcf29c13-b3ea-4a75-91c9-6c5892fc52c7/thumb/
21533,RETRO SPOT LARGE MILK JUG,4.95,General,
21534,DAIRY MAID LARGE MILK JUG,4.95,General,
21535,RED RETROSPOT SMALL MILK JUG,2.55,General,
21536,DAIRY MAID  SMALL  MILK JUG,2.10,General,
21537,RED RETROSPOT PUDDING BOWL,4.25,General,https://api.openverse.org/v1/images/dcf29c13-b3ea-4a75-91c9-6c5892fc52c7/thumb/
21538,DAIRY MAID  PUDDING BOWL,3.75,General,https://api.openverse.org/v1/images/dcf29c13-b3ea-4a75-91c9-6c5892fc52c7/thumb/
21539,RED RETROSPOT BUTTER DISH,4.95,General,https://api.openverse.org/v1/images/d84197b1-da39-46dd-9350-61826d77e124/thumb/
21540,DAIRY MAID CERAMIC BUTTER DISH,4.25,General,https://api.openverse.org/v1/images/d84197b1-da39-46dd-9350-61826d77e124/thumb/
21541,DINOSAURS WATER TRANSFER TATTOOS,0.85,General,
21542,WOODLAND WATER TRANSFER TATTOOS,0.85,General,
21543,BUTTERFLY WATER TRANSFER TATTOOS,0.85,General,
21544,SKULLS  WATER TRANSFER TATTOOS,0.85,General,
21545,CERAMIC BIRDHOUSE BUTTERFLY SMALL,2.95,General,https://api.openverse.org/v1/images/edc6d028-8bf4-4f0b-b590-dcaace881890/thumb/
21547,CERAMIC BIRDHOUSE CRESTED TIT SMALL,2.95,General,
21548,CERAMIC BIRDHOUSE FINCH BLUE ROOF,2.95,General,
21549,CERAMIC BIRDHOUSE RED ROOF SMALL,2.95,General,
21550,CERAMIC BIRDHOUSE CRESTED TIT LARGE,5.95,General,
21551,CERAMIC BIRDHOUSE BUTTERFLY LARGE,5.95,General,https://api.openverse.org/v1/images/edc6d028-8bf4-4f0b-b590-dcaace881890/thumb/
21552,CERAMIC BIRDHOUSE BLACK ROSE  LARGE,5.95,General,https://api.openverse.org/v1/images/1f375716-64cb-4fea-942c-2c5a440cd9ed/thumb/
21553,CERAMIC BIRDHOUSE FINCH BLUE  LARGE,5.95,General,https://api.openverse.org/v1/images/0114e422-34da-48d1-a5dc-db7bdfcf9d55/thumb/
21554,CERAMIC BIRDHOUSE RED ROOF LARGE,5.95,General,
21555,CERAMIC STRAWBERRY TRINKET TRAY,2.55,General,https://api.openverse.org/v1/images/f2e4e7aa-e3d0-4c0d-b59a-e717dd128a65/thumb/
21556,CERAMIC STRAWBERRY MONEY BOX,2.55,General,https://api.openverse.org/v1/images/1190a5b6-5e15-4eb7-a0c8-ec57704d85aa/thumb/
21557,SET OF 6 FUNKY BEAKERS,2.95,General,https://api.openverse.org/v1/images/80fe1b58-6844-489e-8ee8-d538318dd5e5/thumb/
21558,SKULL LUNCH BOX WITH CUTLERY,2.55,General,https://api.openverse.org/v1/images/bb4c5a31-7068-48c8-b76a-7bb03b457303/thumb/
21559,STRAWBERRY LUNCH BOX WITH CUTLERY,2.55,General,https://api.openverse.org/v1/images/bb4c5a31-7068-48c8-b76a-7bb03b457303/thumb/
21560,TOADSTOOL  LUNCHBOX WITH CUTLERY,3.86,General,https://api.openverse.org/v1/images/bb4c5a31-7068-48c8-b76a-7bb03b457303/thumb/
21561,DINOSAUR LUNCH BOX WITH CUTLERY,2.55,General,https://api.openverse.org/v1/images/bb4c5a31-7068-48c8-b76a-7bb03b457303/thumb/
21562,HAWAIIAN GRASS SKIRT,1.25,General,
21563,RED HEART SHAPE LOVE BUCKET,2.95,General,https://api.openverse.org/v1/images/7daa25e3-fbf5-4312-b8eb-513991b729e2/thumb/
21564,PINK  HEART SHAPE LOVE BUCKET,2.95,General,https://api.openverse.org/v1/images/7daa25e3-fbf5-4312-b8eb-513991b729e2/thumb/
21576,LETS GO SHOPPING COTTON TOTE BAG,2.25,General,https://api.openverse.org/v1/images/cb3e1d79-54b4-47d2-9678-84b342331819/thumb/
21577,SAVE THE PLANET COTTON TOTE BAG,2.25,General,https://api.openverse.org/v1/images/cb3e1d79-54b4-47d2-9678-84b342331819/thumb/
21578,WOODLAND DESIGN  COTTON TOTE BAG,2.25,General,https://api.openverse.org/v1/images/cb3e1d79-54b4-47d2-9678-84b342331819/thumb/
21579,LOLITA  DESIGN  COTTON TOTE BAG,2.25,General,https://api.openverse.org/v1/images/cb3e1d79-54b4-47d2-9678-84b342331819/thumb/
21580,RABBIT  DESIGN  COTTON TOTE BAG,2.25,General,https://api.openverse.org/v1/images/cb3e1d79-54b4-47d2-9678-84b342331819/thumb/
21581,SKULLS  DESIGN  COTTON TOTE BAG,2.25,General,https://api.openverse.org/v1/images/cb3e1d79-54b4-47d2-9678-84b342331819/thumb/
21582,KINGS CHOICE SMALL TUBE MATCHES,1.65,General,
21584,RETROSPOT SMALL TUBE MATCHES,1.65,General,
21585,SWALLOW SMALL TUBE MATCHES,1.65,General,
21586,KINGS CHOICE GIANT TUBE MATCHES,2.55,General,
21587,COSY HOUR GIANT TUBE MATCHES,2.55,General,
21588,RETROSPOT GIANT TUBE MATCHES,2.55,General,
21589,SWALLOW GIANT TUBE MATCHES,2.55,General,
21590,KINGS CHOICE CIGAR BOX MATCHES,1.25,General,
21591,COSY HOUR CIGAR BOX MATCHES,1.25,General,
21592,RETROSPOT CIGAR BOX MATCHES,1.25,General,
21593,SWALLOW CIGAR BOX MATCHES,1.25,General,
21594,Dr. Jam's Arouzer Stress Ball,4.21,General,https://api.openverse.org/v1/images/971070ab-c6c2-40a3-89d2-1103bb39a07f/thumb/
21595,Dad's Cab Electronic Meter,8.47,General,
21596,Hypochondriac Pill Stress Ball,4.30,General,https://api.openverse.org/v1/images/971070ab-c6c2-40a3-89d2-1103bb39a07f/thumb/
21609,SET 12 LAVENDER  BOTANICAL T-LIGHTS,2.95,General,https://api.openverse.org/v1/images/765d9a44-9ba5-4ac3-bde1-9dc9a7eb2770/thumb/
21610,SET 12 PEAR BOTANICAL T-LIGHTS,2.95,General,https://api.openverse.org/v1/images/765d9a44-9ba5-4ac3-bde1-9dc9a7eb2770/thumb/
21611,SET OF 12 LILY BOTANICAL T-LIGHTS,2.95,General,https://api.openverse.org/v1/images/765d9a44-9ba5-4ac3-bde1-9dc9a7eb2770/thumb/
21612,SET 12 WILDFLOWER BOTANICAL T-LIGHT,2.95,General,
21613,S/12 VANILLA  BOTANICAL T-LIGHTS,2.95,General,https://api.openverse.org/v1/images/765d9a44-9ba5-4ac3-bde1-9dc9a7eb2770/thumb/
21614,SET OF 12 ROSE BOTANICAL T-LIGHTS,2.95,General,https://api.openverse.org/v1/images/765d9a44-9ba5-4ac3-bde1-9dc9a7eb2770/thumb/
21615,4 LAVENDER BOTANICAL DINNER CANDLES,2.46,General,https://api.openverse.org/v1/images/08b80744-52cf-4b6f-98fb-c03218cfb7b2/thumb/
21616,4 PEAR BOTANICAL DINNER CANDLES,2.51,General,https://api.openverse.org/v1/images/08b80744-52cf-4b6f-98fb-c03218cfb7b2/thumb/
21617,4 LILY  BOTANICAL DINNER CANDLES,3.75,General,https://api.openverse.org/v1/images/08b80744-52cf-4b6f-98fb-c03218cfb7b2/thumb/
21618,4 WILDFLOWER BOTANICAL CANDLES,3.29,General,https://api.openverse.org/v1/images/08b80744-52cf-4b6f-98fb-c03218cfb7b2/thumb/
21619,4 VANILLA BOTANICAL CANDLES,2.46,General,https://api.openverse.org/v1/images/08b80744-52cf-4b6f-98fb-c03218cfb7b2/thumb/
21620,SET OF 4 ROSE BOTANICAL CANDLES,2.46,General,https://api.openverse.org/v1/images/08b80744-52cf-4b6f-98fb-c03218cfb7b2/thumb/
21621,VINTAGE UNION JACK BUNTING,8.50,General,https://api.openverse.org/v1/images/1a953731-c4da-4d60-8b00-df1c28a9ca24/thumb/
21622,VINTAGE UNION JACK CUSHION COVER,4.95,General,https://api.openverse.org/v1/images/3cd7adbe-bdf7-4633-b108-e861b6827dec/thumb/
21623,VINTAGE UNION JACK MEMOBOARD,9.95,General,
21624,VINTAGE UNION JACK DOORSTOP,5.95,General,https://api.openverse.org/v1/images/edd89cc9-1a79-4f0a-aaad-a735de7ce10b/thumb/
21625,VINTAGE UNION JACK APRON,6.95,General,https://api.openverse.org/v1/images/c6658085-7d85-432e-900b-1093e7336428/thumb/
21626,VINTAGE UNION JACK PENNANT,1.95,General,
21627,ELEPHANT CARNIVAL POUFFE,29.17,General,
21628,TRIANGULAR POUFFE VINTAGE,29.17,General,
21629,SQUARE FLOOR CUSHION VINTAGE RED,7.95,General,https://api.openverse.org/v1/images/1a36bd86-0db6-40b6-8622-ed1d0c2d46df/thumb/
21630,FLOOR CUSHION ELEPHANT CARNIVAL,8.95,General,https://api.openverse.org/v1/images/b4e88871-9e02-4201-88d3-149d129410fe/thumb/
21631,HIPPY CHIC DECORATIVE PARASOL,12.75,General,
21632,VINTAGE PINK DECORATIVE PARASOL,12.75,General,
21633,SUNFLOWER DECORATIVE PARASOL,12.75,General,
21634,ASSORTED MINI MADRAS NOTEBOOK,1.25,General,https://api.openverse.org/v1/images/bc534457-cd5d-4887-ad2c-f42c33344be5/thumb/
21635,MADRAS NOTEBOOK LARGE,3.75,General,https://api.openverse.org/v1/images/bc534457-cd5d-4887-ad2c-f42c33344be5/thumb/
21636,MADRAS NOTEBOOK MEDIUM,0.75,General,https://api.openverse.org/v1/images/bc534457-cd5d-4887-ad2c-f42c33344be5/thumb/
21637,ASSORTED SANSKRIT MINI NOTEBOOK,1.25,General,https://api.openverse.org/v1/images/bc534457-cd5d-4887-ad2c-f42c33344be5/thumb/
21638,ASSORTED TUTTI FRUTTI NOTEBOOK,2.10,General,https://api.openverse.org/v1/images/bc534457-cd5d-4887-ad2c-f42c33344be5/thumb/
21639,ASSORTED TUTTI FRUTTI KEYRING,0.85,General,
21640,ASSORTED TUTTI FRUTTI  FOB NOTEBOOK,0.85,General,https://api.openverse.org/v1/images/bc534457-cd5d-4887-ad2c-f42c33344be5/thumb/
21641,ASSORTED TUTTI FRUTTI KEYRING BALL,1.63,General,https://api.openverse.org/v1/images/971070ab-c6c2-40a3-89d2-1103bb39a07f/thumb/
21642,ASSORTED TUTTI FRUTTI PEN,0.85,General,
21643,ASSORTED TUTTI FRUTTI MIRROR,1.25,General,https://api.openverse.org/v1/images/50a14bda-9275-4685-ae87-7dd051c3a213/thumb/
21644,ASSORTED TUTTI FRUTTI HEART BOX,1.25,General,https://api.openverse.org/v1/images/1190a5b6-5e15-4eb7-a0c8-ec57704d85aa/thumb/
21645,ASSORTED TUTTI FRUTTI ROUND BOX,1.65,General,https://api.openverse.org/v1/images/1190a5b6-5e15-4eb7-a0c8-ec57704d85aa/thumb/
21647,ASSORTED TUTTI FRUTTI LARGE PURSE,2.10,General,https://api.openverse.org/v1/images/81ab0a1d-2964-4a2f-a4fe-7f105e59de40/thumb/
21648,ASSORTED TUTTI FRUTTI SMALL PURSE,1.25,General,https://api.openverse.org/v1/images/81ab0a1d-2964-4a2f-a4fe-7f105e59de40/thumb/
21649,ASSORTED TUTTI FRUTTI PHOTO FRAME,2.95,General,https://api.openverse.org/v1/images/8ec53748-2acc-4984-8a6f-528cbb3fb3d9/thumb/
21650,ASSORTED TUTTI FRUTTI BRACELET,0.65,General,https://api.openverse.org/v1/images/3071146c-0c2c-4b0e-bf20-1bdcd5a4fd18/thumb/
21651,HANGING GLASS ETCHED TEALIGHT,1.65,General,
21652,GLASS ETCHED T-LIGHT HOLDER MEDIUM,1.95,General,https://api.openverse.org/v1/images/dfed723f-0d7e-4814-900e-01daa1b92abc/thumb/
21653,GLASS ETCHED T-LIGHT HOLDER LARGE,2.10,General,https://api.openverse.org/v1/images/dfed723f-0d7e-4814-900e-01daa1b92abc/thumb/
21654,RIDGED GLASS FINGER BOWL,1.45,General,https://api.openverse.org/v1/images/dcf29c13-b3ea-4a75-91c9-6c5892fc52c7/thumb/
21655,HANGING RIDGE GLASS T-LIGHT HOLDER,1.69,General,https://api.openverse.org/v1/images/dfed723f-0d7e-4814-900e-01daa1b92abc/thumb/
21656,RIDGED GLASS POSY VASE,1.45,General,
21657,MILK BOTTLE WITH GLASS STOPPER,6.95,General,
21658,GLASS  BEURRE DISH,3.95,General,https://api.openverse.org/v1/images/d84197b1-da39-46dd-9350-61826d77e124/thumb/
21659,GLASS CAKE STAND,14.95,General,https://api.openverse.org/v1/images/1c805922-fd5f-49af-9cb5-f438ca31390b/thumb/
21661,VINTAGE GLASS TEA CADDY,5.95,General,https://api.openverse.org/v1/images/fe97aeaa-f482-4a64-b53a-492e9b3ea061/thumb/
21662,VINTAGE GLASS COFFEE CADDY,5.95,General,https://api.openverse.org/v1/images/fe97aeaa-f482-4a64-b53a-492e9b3ea061/thumb/
21663,VINTAGE GLASS SUGAR CADDY,5.95,General,https://api.openverse.org/v1/images/fe97aeaa-f482-4a64-b53a-492e9b3ea061/thumb/
21664,RIDGED GLASS STORAGE JAR CREAM LID,3.75,General,
21665,TRIANGULAR RIDGED GLASS POSY HOLDER,0.65,General,https://api.openverse.org/v1/images/dfed723f-0d7e-4814-900e-01daa1b92abc/thumb/
21666,RIDGED GLASS T-LIGHT HOLDER,0.65,General,https://api.openverse.org/v1/images/dfed723f-0d7e-4814-900e-01daa1b92abc/thumb/
21667,GLASS CAKE COVER AND PLATE,16.95,General,https://api.openverse.org/v1/images/c81a5b8f-093c-46bd-8753-50cdb2af7378/thumb/
21668,RED STRIPE CERAMIC DRAWER KNOB,1.25,General,
21669,BLUE STRIPE CERAMIC DRAWER KNOB,1.25,General,
21670,BLUE SPOT CERAMIC DRAWER KNOB,1.25,General,
21671,RED SPOT CERAMIC DRAWER KNOB,1.25,General,
21672,WHITE SPOT RED CERAMIC DRAWER KNOB,1.25,General,
21673,WHITE SPOT BLUE CERAMIC DRAWER KNOB,1.25,General,
21674,RIDGED GLASS PENDANT LAMPSHADE,16.95,General,
21675,BUTTERFLIES STICKERS,0.85,General,https://api.openverse.org/v1/images/713edf7e-d3be-4993-b671-7372c1d675fa/thumb/
21676,FLOWERS  STICKERS,0.85,General,https://api.openverse.org/v1/images/713edf7e-d3be-4993-b671-7372c1d675fa/thumb/
21677,HEARTS  STICKERS,0.85,General,https://api.openverse.org/v1/images/713edf7e-d3be-4993-b671-7372c1d675fa/thumb/
21678,PAISLEY PATTERN  STICKERS,0.85,General,https://api.openverse.org/v1/images/713edf7e-d3be-4993-b671-7372c1d675fa/thumb/
21679,SKULLS  STICKERS,0.85,General,https://api.openverse.org/v1/images/713edf7e-d3be-4993-b671-7372c1d675fa/thumb/
21680,WOODLAND  STICKERS,0.85,General,https://api.openverse.org/v1/images/713edf7e-d3be-4993-b671-7372c1d675fa/thumb/
21681,GIANT MEDINA STAMPED METAL BOWL,9.95,General,https://api.openverse.org/v1/images/dcf29c13-b3ea-4a75-91c9-6c5892fc52c7/thumb/
21682,LARGE MEDINA STAMPED METAL BOWL,4.95,General,https://api.openverse.org/v1/images/dcf29c13-b3ea-4a75-91c9-6c5892fc52c7/thumb/
21683,MEDIUM MEDINA STAMPED METAL BOWL,2.95,General,https://api.openverse.org/v1/images/dcf29c13-b3ea-4a75-91c9-6c5892fc52c7/thumb/
21684,SMALL MEDINA STAMPED METAL BOWL,0.85,General,https://api.openverse.org/v1/images/dcf29c13-b3ea-4a75-91c9-6c5892fc52c7/thumb/
21685,MEDINA STAMPED METAL TRAY,14.95,General,https://api.openverse.org/v1/images/f2e4e7aa-e3d0-4c0d-b59a-e717dd128a65/thumb/
21686,MEDINA STAMPED METAL STOOL,39.95,General,
21687,SILVER PLATE CANDLE BOWL LARGE,3.75,General,https://api.openverse.org/v1/images/dcf29c13-b3ea-4a75-91c9-6c5892fc52c7/thumb/
21688,SILVER PLATE CANDLE BOWL SMALL,2.95,General,https://api.openverse.org/v1/images/dcf29c13-b3ea-4a75-91c9-6c5892fc52c7/thumb/
21689,SILVER VANILLA  FLOWER CANDLE POT,3.75,General,
21690,SILVER  CANDLEPOT JARDIN,3.75,General,
21691,SILVER VANILLA FLOWER CANDLE POT,3.75,General,
21692,SILVER LATTICE VANILLA CANDLE POT,3.75,General,
21693,SMALL HAMMERED SILVER CANDLEPOT,2.95,General,https://api.openverse.org/v1/images/9b9ee82c-2704-4b7a-989b-a82adf9162fe/thumb/
21694,SMALL REGAL  SILVER CANDLEPOT,2.95,General,https://api.openverse.org/v1/images/9b9ee82c-2704-4b7a-989b-a82adf9162fe/thumb/
21695,SMALL SILVER FLOWER CANDLE POT,2.95,General,
21696,SMALL SILVER TRELLIS CANDLEPOT,2.95,General,https://api.openverse.org/v1/images/9b9ee82c-2704-4b7a-989b-a82adf9162fe/thumb/
21697,SET 5 MINI DOUGHNUT FRIDGE MAGNET,1.69,General,
21698,MOCK LOBSTER FRIDGE MAGNET,1.63,General,
21699,SET 5 MINI CHOCOLATE FRIDGE MAGNETS,1.69,General,https://api.openverse.org/v1/images/c1db1cee-90fe-4859-bbfc-8ab207962756/thumb/
21700,BIG DOUGHNUT FRIDGE MAGNETS,0.85,General,https://api.openverse.org/v1/images/c1db1cee-90fe-4859-bbfc-8ab207962756/thumb/
21702,SET 5 MINI GATEAUX  FRIDGE MAGNETS,1.69,General,https://api.openverse.org/v1/images/c1db1cee-90fe-4859-bbfc-8ab207962756/thumb/
21703,BAG 125g SWIRLY MARBLES,0.42,General,
21704,BAG 250g SWIRLY MARBLES,0.85,General,
21705,BAG 500g SWIRLY MARBLES,1.65,General,
21706,FOLDING UMBRELLA RED/WHITE POLKADOT,4.95,General,
21707,FOLDING UMBRELLA BLACKBLUE POLKADOT,4.95,General,https://api.openverse.org/v1/images/251016ef-014c-4ef9-9c53-35e93e23da69/thumb/
21708,FOLDING UMBRELLA CREAM POLKADOT,4.95,General,
21709,FOLDING UMBRELLA CHOCOLATE POLKADOT,4.95,General,https://api.openverse.org/v1/images/5a7df0c3-2347-4e26-aa2a-a5a80758a9af/thumb/
21710,FOLDING UMBRELLA PINKWHITE POLKADOT,4.95,General,
21711,FOLDING UMBRELLA WHITE/RED POLKADOT,4.95,General,
21713,CITRONELLA CANDLE FLOWERPOT,2.10,General,https://api.openverse.org/v1/images/91b84bf6-bf62-4a22-95a4-5b074cf63a84/thumb/
21714,CITRONELLA CANDLE GARDEN POT,1.25,General,
21715,GIRLS VINTAGE TIN SEASIDE BUCKET,2.55,General,https://api.openverse.org/v1/images/7daa25e3-fbf5-4312-b8eb-513991b729e2/thumb/
21716,BOYS VINTAGE TIN SEASIDE BUCKET,2.55,General,https://api.openverse.org/v1/images/7daa25e3-fbf5-4312-b8eb-513991b729e2/thumb/
21717,EASTER TIN BUCKET,2.55,General,https://api.openverse.org/v1/images/7daa25e3-fbf5-4312-b8eb-513991b729e2/thumb/
21718,RED METAL BEACH SPADE,1.25,General,
21719,LOVELY BONBON STICKER SHEET,0.85,General,
21720,CAKE SHOP  STICKER SHEET,0.85,General,
21721,CANDY SHOP  STICKER SHEET,0.85,General,
21722,SWEET PUDDING STICKER SHEET,0.85,General,
21723,ALPHABET HEARTS STICKER SHEET,0.85,General,
21724,PANDA AND BUNNIES STICKER SHEET,0.85,General,
21725,SWEETIES  STICKERS,0.85,General,https://api.openverse.org/v1/images/713edf7e-d3be-4993-b671-7372c1d675fa/thumb/
21726,MULTI HEARTS  STICKERS,0.85,General,https://api.openverse.org/v1/images/713edf7e-d3be-4993-b671-7372c1d675fa/thumb/
21728,METAL MEDINA LANTERN,12.75,General,
21729,SMALL MARAKESH METAL  LANTERN,3.25,General,
21730,GLASS STAR FROSTED T-LIGHT HOLDER,4.95,General,https://api.openverse.org/v1/images/dfed723f-0d7e-4814-900e-01daa1b92abc/thumb/
21731,RED TOADSTOOL LED NIGHT LIGHT,1.65,General,
21732,RED HANGING METAL STAR TLIGHT HLDR,3.75,General,
21733,RED HANGING HEART T-LIGHT HOLDER,2.95,General,https://api.openverse.org/v1/images/dfed723f-0d7e-4814-900e-01daa1b92abc/thumb/
21734,SMALL MARAKESH LANTERN ON STICK,3.75,General,
21735,TWO DOOR CURIO CABINET,12.75,General,https://api.openverse.org/v1/images/f4f13708-64ca-4b70-b384-0e3d34fd567f/thumb/
21736,GOLD SCROLL GLASS T-LIGHT HOLDER,2.10,General,https://api.openverse.org/v1/images/dfed723f-0d7e-4814-900e-01daa1b92abc/thumb/
21737,SET 3 WICKER LOG BASKETS,19.95,General,https://api.openverse.org/v1/images/af89ea03-416d-4169-bac7-ba0837176dcc/thumb/
21738,COSY SLIPPER SHOES SMALL  RED,2.95,General,
21739,COSY SLIPPER SHOES SMALL GREEN,2.95,General,
21740,COSY SLIPPER SHOES LARGE RED,2.95,General,
21741,COSY SLIPPER SHOES LARGE GREEN,2.95,General,
21742,LARGE ROUND WICKER PLATTER,5.95,General,
21743,STAR PORTABLE TABLE LIGHT,2.95,General,
21744,SNOWFLAKE PORTABLE TABLE LIGHT,2.95,General,
21745,GAOLERS KEYS DECORATIVE GARDEN,3.75,General,https://api.openverse.org/v1/images/86ec59f2-d0c8-41e9-b1ec-0619170d115f/thumb/
21746,SMALL RED RETROSPOT WINDMILL,1.25,General,
21747,SMALL SKULL WINDMILL,1.25,General,
21749,LARGE RED RETROSPOT WINDMILL,2.10,General,
21750,LARGE SKULL WINDMILL,2.10,General,
21752,GLASS CAKE STAND MIRRORED BASE,14.95,General,https://api.openverse.org/v1/images/42468e1f-4f06-44cb-a6ac-97d7a864b4fe/thumb/
21754,HOME BUILDING BLOCK WORD,5.95,General,https://api.openverse.org/v1/images/4c10c039-b466-454a-81bd-d33e585c6587/thumb/
21755,LOVE BUILDING BLOCK WORD,5.95,General,https://api.openverse.org/v1/images/4c10c039-b466-454a-81bd-d33e585c6587/thumb/
21756,BATH BUILDING BLOCK WORD,5.95,General,
21757,LIGHTHOUSE PRINTED METAL SIGN,4.95,General,https://api.openverse.org/v1/images/4b56ac14-c109-43db-a3b8-6f8491648aef/thumb/
21758,VINTAGE SHELLS PRINT,6.45,General,
21759,METAL WALL SHELF UNIT WITH HOOKS,49.95,General,
21760,FRENCH STYLE WALL DRESSER,125.00,General,https://api.openverse.org/v1/images/fee2234a-f85a-4a35-a0e6-f1448da6b5c8/thumb/
21761,WOOD AND GLASS MEDICINE CABINET,29.95,General,https://api.openverse.org/v1/images/f4f13708-64ca-4b70-b384-0e3d34fd567f/thumb/
21763,VINTAGE WOODEN BAR STOOL,29.95,General,
21764,VINTAGE WOODEN PLATE RACK,39.95,General,
21765,HANGING METAL BIRD BATH,7.95,General,https://api.openverse.org/v1/images/2d8ce9b3-181a-4944-a427-6b97ba35ba38/thumb/
21767,FRENCH STYLE WIRE DOOR CABINET,29.95,General,https://api.openverse.org/v1/images/f4f13708-64ca-4b70-b384-0e3d34fd567f/thumb/
21768,WALL MOUNTED VINTAGE ORGANISER,14.95,General,
21769,VINTAGE POST OFFICE CABINET,79.95,General,https://api.openverse.org/v1/images/f4f13708-64ca-4b70-b384-0e3d34fd567f/thumb/
21770,OPEN CLOSED METAL SIGN,4.95,General,https://api.openverse.org/v1/images/4b56ac14-c109-43db-a3b8-6f8491648aef/thumb/
21772,VINTAGE METAL CAKE STAND CREAM,12.75,General,https://api.openverse.org/v1/images/1c805922-fd5f-49af-9cb5-f438ca31390b/thumb/
21773,DECORATIVE ROSE BATHROOM BOTTLE,2.46,General,https://api.openverse.org/v1/images/6ec63ef0-d09a-4044-8a62-246a1c6f58b4/thumb/
21774,DECORATIVE CATS BATHROOM BOTTLE,2.46,General,https://api.openverse.org/v1/images/6ec63ef0-d09a-4044-8a62-246a1c6f58b4/thumb/
21775,DECORATIVE FLORE BATHROOM BOTTLE,2.46,General,https://api.openverse.org/v1/images/6ec63ef0-d09a-4044-8a62-246a1c6f58b4/thumb/
21777,RECIPE BOX WITH METAL HEART,7.95,General,https://api.openverse.org/v1/images/1190a5b6-5e15-4eb7-a0c8-ec57704d85aa/thumb/
21779,MA CAMPAGNE MINI WOODEN CHEST,2.95,General,https://api.openverse.org/v1/images/af3b9ce4-a628-4368-a8f8-823916a314d2/thumb/
21780,MA CAMPAGNE 4 DRAWER WALL SHELF,11.14,General,
21781,MA CAMPAGNE CUTLERY BOX,14.95,General,https://api.openverse.org/v1/images/1190a5b6-5e15-4eb7-a0c8-ec57704d85aa/thumb/
21784,SHOE SHINE BOX,9.95,General,https://api.openverse.org/v1/images/1190a5b6-5e15-4eb7-a0c8-ec57704d85aa/thumb/
21785,RAIN PONCHO,0.85,General,
21786,POLKADOT RAIN HAT,0.79,General,
21787,RAIN PONCHO RETROSPOT,0.85,General,
21788,KIDS RAIN MAC BLUE,0.85,General,
21789,KIDS RAIN MAC PINK,0.85,General,
21790,VINTAGE SNAP CARDS,0.85,General,https://api.openverse.org/v1/images/ee25693d-43c7-4992-915e-152096f89076/thumb/
21791,VINTAGE HEADS AND TAILS CARD GAME,1.25,General,https://api.openverse.org/v1/images/95dc3996-449b-49ab-9f78-772218683dbe/thumb/
21792,CLASSIC FRENCH STYLE BASKET GREEN,6.75,General,https://api.openverse.org/v1/images/af89ea03-416d-4169-bac7-ba0837176dcc/thumb/
21793,CLASSIC FRENCH STYLE BASKET BROWN,3.95,General,https://api.openverse.org/v1/images/36081fd8-09f4-4f30-9bd7-20e48e3c1280/thumb/
21794,CLASSIC FRENCH STYLE BASKET NATURAL,6.75,General,
21795,SET OF 3 BLUE STRIPE BASKET,12.75,General,https://api.openverse.org/v1/images/af89ea03-416d-4169-bac7-ba0837176dcc/thumb/
21796,SET OF 3 RED STRIPE BASKETS,12.75,General,https://api.openverse.org/v1/images/af89ea03-416d-4169-bac7-ba0837176dcc/thumb/
21801,CHRISTMAS TREE DECORATION WITH BELL,0.42,General,https://api.openverse.org/v1/images/b1ed4d2d-f256-4dca-b12f-cc11d1fca2a5/thumb/
21802,CHRISTMAS TREE HEART DECORATION,0.42,General,https://api.openverse.org/v1/images/e9d6182a-6d55-46e6-9bfc-a1084236113a/thumb/
21803,CHRISTMAS TREE STAR DECORATION,0.42,General,https://api.openverse.org/v1/images/e9d6182a-6d55-46e6-9bfc-a1084236113a/thumb/
21804,WHITE CHRISTMAS GARLAND STARS TREES,3.75,General,
21805,WHITE CHRISTMAS TREE DECORATION,0.42,General,https://api.openverse.org/v1/images/e9d6182a-6d55-46e6-9bfc-a1084236113a/thumb/
21806,WHITE CHRISTMAS HEART DECORATION,0.42,General,https://api.openverse.org/v1/images/e9d6182a-6d55-46e6-9bfc-a1084236113a/thumb/
21807,WHITE CHRISTMAS STAR DECORATION,0.42,General,https://api.openverse.org/v1/images/e9d6182a-6d55-46e6-9bfc-a1084236113a/thumb/
21808,"CHRISTMAS GARLAND STARS,TREES",3.75,General,
21809,CHRISTMAS HANGING TREE WITH BELL,1.25,General,https://api.openverse.org/v1/images/b1ed4d2d-f256-4dca-b12f-cc11d1fca2a5/thumb/
21810,CHRISTMAS HANGING STAR WITH BELL,0.83,General,https://api.openverse.org/v1/images/b1ed4d2d-f256-4dca-b12f-cc11d1fca2a5/thumb/
21811,HANGING HEART WITH BELL,1.25,General,https://api.openverse.org/v1/images/b1ed4d2d-f256-4dca-b12f-cc11d1fca2a5/thumb/
21812,GARLAND WITH HEARTS AND BELLS,4.95,General,https://api.openverse.org/v1/images/b1ed4d2d-f256-4dca-b12f-cc11d1fca2a5/thumb/
21813,GARLAND WITH STARS AND BELLS,4.95,General,https://api.openverse.org/v1/images/b1ed4d2d-f256-4dca-b12f-cc11d1fca2a5/thumb/
21814,HEART T-LIGHT HOLDER,1.45,General,https://api.openverse.org/v1/images/dfed723f-0d7e-4814-900e-01daa1b92abc/thumb/
21815,STAR  T-LIGHT HOLDER,1.45,General,https://api.openverse.org/v1/images/dfed723f-0d7e-4814-900e-01daa1b92abc/thumb/
21816,CHRISTMAS TREE T-LIGHT HOLDER,1.45,General,https://api.openverse.org/v1/images/dfed723f-0d7e-4814-900e-01daa1b92abc/thumb/
21817,GLITTER CHRISTMAS TREE,0.85,General,https://api.openverse.org/v1/images/d224c01b-ea04-4ba0-abfa-30a0b719aa66/thumb/
21818,GLITTER CHRISTMAS HEART,0.85,General,https://api.openverse.org/v1/images/1519da5f-834e-4df6-ab1e-225e14845df0/thumb/
21819,GLITTER CHRISTMAS STAR,0.85,General,https://api.openverse.org/v1/images/1519da5f-834e-4df6-ab1e-225e14845df0/thumb/
21820,GLITTER HEART GARLAND WITH BELLS,3.75,General,https://api.openverse.org/v1/images/b1ed4d2d-f256-4dca-b12f-cc11d1fca2a5/thumb/
21821,GLITTER STAR GARLAND WITH BELLS,3.75,General,https://api.openverse.org/v1/images/b1ed4d2d-f256-4dca-b12f-cc11d1fca2a5/thumb/
21822,GLITTER CHRISTMAS TREE WITH BELLS,1.63,General,https://api.openverse.org/v1/images/b1ed4d2d-f256-4dca-b12f-cc11d1fca2a5/thumb/
21823,PAINTED METAL HEART WITH HOLLY BELL,1.45,General,https://api.openverse.org/v1/images/b1ed4d2d-f256-4dca-b12f-cc11d1fca2a5/thumb/
21824,PAINTED METAL STAR WITH HOLLY BELLS,1.45,General,https://api.openverse.org/v1/images/b1ed4d2d-f256-4dca-b12f-cc11d1fca2a5/thumb/
21825,PAINTED METAL TREE WITH HOLLY BELLS,1.45,General,https://api.openverse.org/v1/images/b1ed4d2d-f256-4dca-b12f-cc11d1fca2a5/thumb/
21826,EIGHT PIECE DINOSAUR SET,1.25,General,https://api.openverse.org/v1/images/146a2019-cafb-406d-ae4d-2e8e91949745/thumb/
21827,EIGHT PIECE CREEPY CRAWLIE SET,1.25,General,https://api.openverse.org/v1/images/a35cd543-2efb-45c0-b805-d7160fbcbfaf/thumb/
21828,EIGHT PIECE SNAKE  SET,1.25,General,
21829,DINOSAUR KEYRINGS ASSORTED,0.21,General,
21830,ASSORTED CREEPY CRAWLIES,0.42,General,https://api.openverse.org/v1/images/a35cd543-2efb-45c0-b805-d7160fbcbfaf/thumb/
21832,CHOCOLATE CALCULATOR,1.65,General,https://api.openverse.org/v1/images/60eb32c0-6342-4e6f-bc94-d605df49b89c/thumb/
21833,CAMOUFLAGE LED TORCH,1.69,General,
21836,GINGHAM OVEN GLOVE RED HEART,3.75,General,https://api.openverse.org/v1/images/829b34ac-e094-4745-ad21-86d40a4a70a0/thumb/
21837,CROSS STITCH ALPHABET CUSHION COVER,5.95,General,https://api.openverse.org/v1/images/3cd7adbe-bdf7-4633-b108-e861b6827dec/thumb/
21838,DADDY MOUSE RED GINGHAM BOW TIE,5.45,General,
21839,MUMMY MOUSE RED GINGHAM RIBBON,5.45,General,
21841,BABY MOUSE RED GINGHAM DRESS,4.25,General,https://api.openverse.org/v1/images/3a9e320a-5f27-4e60-b2f4-514c63562265/thumb/
21842,PINK HEART CANDY BUTTON CALCULATOR,2.55,General,https://api.openverse.org/v1/images/60eb32c0-6342-4e6f-bc94-d605df49b89c/thumb/
21843,RED RETROSPOT CAKE STAND,10.95,General,https://api.openverse.org/v1/images/1c805922-fd5f-49af-9cb5-f438ca31390b/thumb/
21844,RED RETROSPOT MUG,2.95,General,https://api.openverse.org/v1/images/5f490aab-714a-4ab0-ba1c-65035a8ab4fb/thumb/
21845,DAIRY MAID STRIPE MUG,2.95,General,https://api.openverse.org/v1/images/5f490aab-714a-4ab0-ba1c-65035a8ab4fb/thumb/
21846,PINK DIAMANTE PEN IN GIFT BOX,4.21,General,https://api.openverse.org/v1/images/1190a5b6-5e15-4eb7-a0c8-ec57704d85aa/thumb/
21847,GREEN  DIAMANTE PEN IN GIFT BOX,2.57,General,https://api.openverse.org/v1/images/1190a5b6-5e15-4eb7-a0c8-ec57704d85aa/thumb/
21849,SILVER DIAMANTE PEN IN GIFT BOX,4.21,General,https://api.openverse.org/v1/images/1190a5b6-5e15-4eb7-a0c8-ec57704d85aa/thumb/
21850,BLUE  DIAMANTE PEN IN GIFT BOX,4.21,General,https://api.openverse.org/v1/images/1190a5b6-5e15-4eb7-a0c8-ec57704d85aa/thumb/
21851,LILAC DIAMANTE PEN IN GIFT BOX,4.21,General,https://api.openverse.org/v1/images/1190a5b6-5e15-4eb7-a0c8-ec57704d85aa/thumb/
21852,EMPIRE TEDDY,6.95,General,
21853,GUMBALL CUSTOM CARS TOP TRUMPS GAME,5.17,General,https://api.openverse.org/v1/images/95dc3996-449b-49ab-9f78-772218683dbe/thumb/
21854,EURO FOOTBALL STARS TOP TRUMPS GAME,5.17,General,https://api.openverse.org/v1/images/95dc3996-449b-49ab-9f78-772218683dbe/thumb/
21857,STAR WARS TOP TRUMPS GAME,5.12,General,https://api.openverse.org/v1/images/95dc3996-449b-49ab-9f78-772218683dbe/thumb/
21858,HIGH SCHOOL MUSICAL 3 TOP TRUMPS,5.12,General,
21860,DR WHO TOP TRUMPS GAME,5.17,General,https://api.openverse.org/v1/images/95dc3996-449b-49ab-9f78-772218683dbe/thumb/
21864,UNION JACK FLAG PASSPORT COVER,2.10,General,https://api.openverse.org/v1/images/3cd7adbe-bdf7-4633-b108-e861b6827dec/thumb/
21865,PINK UNION JACK  PASSPORT COVER,2.10,General,https://api.openverse.org/v1/images/3cd7adbe-bdf7-4633-b108-e861b6827dec/thumb/
21866,UNION JACK FLAG LUGGAGE TAG,1.25,General,
21867,PINK UNION JACK  LUGGAGE TAG,1.25,General,
21868,POTTING SHED TEA MUG,1.25,General,https://api.openverse.org/v1/images/5f490aab-714a-4ab0-ba1c-65035a8ab4fb/thumb/
21869,POTTING SHED COFFEE MUG,1.25,General,https://api.openverse.org/v1/images/5f490aab-714a-4ab0-ba1c-65035a8ab4fb/thumb/
21870,I CAN ONLY PLEASE ONE PERSON MUG,1.25,General,https://api.openverse.org/v1/images/5f490aab-714a-4ab0-ba1c-65035a8ab4fb/thumb/
21871,SAVE THE PLANET MUG,1.25,General,https://api.openverse.org/v1/images/5f490aab-714a-4ab0-ba1c-65035a8ab4fb/thumb/
21872,GLAMOROUS  MUG,1.25,General,https://api.openverse.org/v1/images/5f490aab-714a-4ab0-ba1c-65035a8ab4fb/thumb/
21873,IF YOU CAN'T STAND THE HEAT MUG,1.25,General,https://api.openverse.org/v1/images/5f490aab-714a-4ab0-ba1c-65035a8ab4fb/thumb/
21874,GIN AND TONIC MUG,1.25,General,https://api.openverse.org/v1/images/5f490aab-714a-4ab0-ba1c-65035a8ab4fb/thumb/
21875,KINGS CHOICE MUG,1.25,General,https://api.openverse.org/v1/images/5f490aab-714a-4ab0-ba1c-65035a8ab4fb/thumb/
21876,POTTERING MUG,1.25,General,https://api.openverse.org/v1/images/5f490aab-714a-4ab0-ba1c-65035a8ab4fb/thumb/
21877,HOME SWEET HOME MUG,1.25,General,https://api.openverse.org/v1/images/5f490aab-714a-4ab0-ba1c-65035a8ab4fb/thumb/
21878,PACK OF 6 SANDCASTLE FLAGS ASSORTED,0.85,General,https://api.openverse.org/v1/images/f0f57df5-5840-4116-b32d-3fef21853f8f/thumb/
21879,HEARTS GIFT TAPE,0.65,General,
21880,RED RETROSPOT TAPE,0.65,General,
21881,CUTE CATS TAPE,0.65,General,
21882,SKULLS TAPE,0.65,General,
21883,STARS GIFT TAPE,0.65,General,
21884,CAKES AND BOWS GIFT  TAPE,0.65,General,
21888,BINGO SET,3.75,General,https://api.openverse.org/v1/images/ccbc9bfb-62ef-4a24-9a2a-c94f359f064f/thumb/
21889,WOODEN BOX OF DOMINOES,1.25,General,https://api.openverse.org/v1/images/1b824e38-d2fe-4058-bf14-dfaa9722526d/thumb/
21890,S/6 WOODEN SKITTLES IN COTTON BAG,2.95,General,https://api.openverse.org/v1/images/cb3e1d79-54b4-47d2-9678-84b342331819/thumb/
21891,TRADITIONAL WOODEN SKIPPING ROPE,1.25,General,
21892,TRADITIONAL WOODEN CATCH CUP GAME,1.25,General,https://api.openverse.org/v1/images/95dc3996-449b-49ab-9f78-772218683dbe/thumb/
21893,POTTING SHED SEED TIN,4.25,General,https://api.openverse.org/v1/images/348bc62a-d0d7-4ac6-be4f-77ebbd27b328/thumb/
21894,POTTING SHED SEED ENVELOPES,1.25,General,https://api.openverse.org/v1/images/de5f4719-9693-48b0-ba2b-c2187181d3d9/thumb/
21895,POTTING SHED SOW 'N' GROW SET,4.25,General,https://api.openverse.org/v1/images/ff326610-af42-49d3-88bf-13526ab62d6c/thumb/
21896,POTTING SHED TWINE,2.10,General,
21897,POTTING SHED CANDLE CITRONELLA,2.95,General,https://api.openverse.org/v1/images/99bb472e-a9f3-4fe2-b8f9-b94d48d39f22/thumb/
21898,POTTING SHED ROSE CANDLE,2.95,General,https://api.openverse.org/v1/images/08b80744-52cf-4b6f-98fb-c03218cfb7b2/thumb/
21899,"KEY FOB , GARAGE DESIGN",0.65,General,https://api.openverse.org/v1/images/713f3673-eb8a-413b-8843-15e41e9e3ee8/thumb/
21900,"KEY FOB , SHED",0.65,General,
21901,"KEY FOB , BACK DOOR",0.65,General,https://api.openverse.org/v1/images/f1e5deb0-058d-401e-ba71-ea388f9454d0/thumb/
21902,"KEY FOB , FRONT  DOOR",0.65,General,https://api.openverse.org/v1/images/f1e5deb0-058d-401e-ba71-ea388f9454d0/thumb/
21903,MAN FLU METAL SIGN,2.10,General,https://api.openverse.org/v1/images/4b56ac14-c109-43db-a3b8-6f8491648aef/thumb/
21904,HOUSE WRECKING METAL SIGN,2.10,General,https://api.openverse.org/v1/images/4b56ac14-c109-43db-a3b8-6f8491648aef/thumb/
21905,MORE BUTTER METAL SIGN,1.66,General,https://api.openverse.org/v1/images/4b56ac14-c109-43db-a3b8-6f8491648aef/thumb/
21906,PHARMACIE FIRST AID TIN,6.75,General,https://api.openverse.org/v1/images/348bc62a-d0d7-4ac6-be4f-77ebbd27b328/thumb/
21907,I'M ON HOLIDAY METAL SIGN,2.10,General,https://api.openverse.org/v1/images/4b56ac14-c109-43db-a3b8-6f8491648aef/thumb/
21908,CHOCOLATE THIS WAY METAL SIGN,2.10,General,https://api.openverse.org/v1/images/4b56ac14-c109-43db-a3b8-6f8491648aef/thumb/
21910,WAY OUT METAL SIGN,1.65,General,https://api.openverse.org/v1/images/4b56ac14-c109-43db-a3b8-6f8491648aef/thumb/
21911,GARDEN METAL SIGN,1.65,General,https://api.openverse.org/v1/images/4b56ac14-c109-43db-a3b8-6f8491648aef/thumb/
21912,VINTAGE SNAKES & LADDERS,3.75,General,
21913,VINTAGE SEASIDE JIGSAW PUZZLES,3.75,General,
21914,BLUE HARMONICA IN BOX,1.25,General,https://api.openverse.org/v1/images/1190a5b6-5e15-4eb7-a0c8-ec57704d85aa/thumb/
21915,RED  HARMONICA IN BOX,1.25,General,https://api.openverse.org/v1/images/1190a5b6-5e15-4eb7-a0c8-ec57704d85aa/thumb/
21916,SET 12 RETRO WHITE CHALK STICKS,0.42,General,
21917,SET 12 KIDS  WHITE CHALK STICKS,0.42,General,
21918,SET 12 KIDS COLOUR  CHALK STICKS,0.42,General,
21919,Electronic Talking Breath-A-Loser,5.06,General,
21922,UNION STRIPE WITH FRINGE  HAMMOCK,7.95,General,https://api.openverse.org/v1/images/fc2269af-d5bc-4cb0-8ad9-816a280fa424/thumb/
21923,RED/CREAM STRIPE FRINGE HAMMOCK,7.95,General,https://api.openverse.org/v1/images/fc2269af-d5bc-4cb0-8ad9-816a280fa424/thumb/
21924,BLUE/CREAM STRIPE FRINGE HAMMOCK,7.95,General,https://api.openverse.org/v1/images/fc2269af-d5bc-4cb0-8ad9-816a280fa424/thumb/
21925,UNION STRIPE CUSHION COVER,1.25,General,https://api.openverse.org/v1/images/3cd7adbe-bdf7-4633-b108-e861b6827dec/thumb/
21926,RED/CREAM STRIPE CUSHION COVER,1.25,General,https://api.openverse.org/v1/images/3cd7adbe-bdf7-4633-b108-e861b6827dec/thumb/
21927,BLUE/CREAM STRIPE CUSHION COVER,1.25,General,https://api.openverse.org/v1/images/3cd7adbe-bdf7-4633-b108-e861b6827dec/thumb/
21928,JUMBO BAG SCANDINAVIAN PAISLEY,1.95,General,https://api.openverse.org/v1/images/cb3e1d79-54b4-47d2-9678-84b342331819/thumb/
21929,JUMBO BAG PINK VINTAGE PAISLEY,1.95,General,https://api.openverse.org/v1/images/cb3e1d79-54b4-47d2-9678-84b342331819/thumb/
21930,JUMBO STORAGE BAG SKULLS,1.95,General,https://api.openverse.org/v1/images/cb3e1d79-54b4-47d2-9678-84b342331819/thumb/
21931,JUMBO STORAGE BAG SUKI,1.95,General,https://api.openverse.org/v1/images/cb3e1d79-54b4-47d2-9678-84b342331819/thumb/
21932,SCANDINAVIAN PAISLEY PICNIC BAG,2.46,General,https://api.openverse.org/v1/images/cb3e1d79-54b4-47d2-9678-84b342331819/thumb/
21933,PINK VINTAGE PAISLEY PICNIC BAG,2.46,General,https://api.openverse.org/v1/images/cb3e1d79-54b4-47d2-9678-84b342331819/thumb/
21934,SKULL SHOULDER BAG,1.65,General,https://api.openverse.org/v1/images/cb3e1d79-54b4-47d2-9678-84b342331819/thumb/
21935,SUKI  SHOULDER BAG,1.65,General,https://api.openverse.org/v1/images/cb3e1d79-54b4-47d2-9678-84b342331819/thumb/
21936,RED RETROSPOT PICNIC BAG,2.95,General,https://api.openverse.org/v1/images/cb3e1d79-54b4-47d2-9678-84b342331819/thumb/
21937,STRAWBERRY   PICNIC BAG,2.95,General,https://api.openverse.org/v1/images/cb3e1d79-54b4-47d2-9678-84b342331819/thumb/
21942,SKULLS DESIGN FLANNEL,1.63,General,https://api.openverse.org/v1/images/0baf14bc-490d-47e6-82bf-62ec3708d848/thumb/
21943,CAKES AND RABBITS DESIGN FLANNEL,0.85,General,https://api.openverse.org/v1/images/0baf14bc-490d-47e6-82bf-62ec3708d848/thumb/
21944,KITTENS DESIGN FLANNEL,0.85,General,https://api.openverse.org/v1/images/0baf14bc-490d-47e6-82bf-62ec3708d848/thumb/
21945,STRAWBERRIES  DESIGN FLANNEL,1.63,General,https://api.openverse.org/v1/images/0baf14bc-490d-47e6-82bf-62ec3708d848/thumb/
21946,PARTY TIME DESIGN FLANNEL,0.85,General,https://api.openverse.org/v1/images/0baf14bc-490d-47e6-82bf-62ec3708d848/thumb/
21947,SET OF 6 HEART CHOPSTICKS,1.25,General,https://api.openverse.org/v1/images/2cb6fa5d-96e6-4d25-91eb-397987449ab0/thumb/
21948,SET OF 6 CAKE CHOPSTICKS,2.46,General,https://api.openverse.org/v1/images/2cb6fa5d-96e6-4d25-91eb-397987449ab0/thumb/
21949,SET OF 6 STRAWBERRY CHOPSTICKS,1.25,General,https://api.openverse.org/v1/images/2cb6fa5d-96e6-4d25-91eb-397987449ab0/thumb/
21950,SET OF 6 DOTS CHOPSTICKS,2.57,General,https://api.openverse.org/v1/images/2cb6fa5d-96e6-4d25-91eb-397987449ab0/thumb/
21955,DOORMAT UNION JACK GUNS AND ROSES,7.49,General,
21967,PACK OF 12 SKULL TISSUES,0.29,General,
21972,SET OF 36 DINOSAUR PAPER DOILIES,1.45,General,https://api.openverse.org/v1/images/b5abaf15-1d5a-4fb1-800c-fc9de7255200/thumb/
21973,SET OF 36 MUSHROOM PAPER DOILIES,1.45,General,https://api.openverse.org/v1/images/b5abaf15-1d5a-4fb1-800c-fc9de7255200/thumb/
21974,SET OF 36 PAISLEY FLOWER DOILIES,1.45,General,https://api.openverse.org/v1/images/b5abaf15-1d5a-4fb1-800c-fc9de7255200/thumb/
21975,PACK OF 60 DINOSAUR CAKE CASES,0.55,General,https://api.openverse.org/v1/images/65355e41-3c33-4970-856c-37b07597329e/thumb/
21976,PACK OF 60 MUSHROOM CAKE CASES,0.55,General,https://api.openverse.org/v1/images/65355e41-3c33-4970-856c-37b07597329e/thumb/
21977,PACK OF 60 PINK PAISLEY CAKE CASES,0.55,General,https://api.openverse.org/v1/images/65355e41-3c33-4970-856c-37b07597329e/thumb/
21980,PACK OF 12 RED RETROSPOT TISSUES,0.29,General,
21981,PACK OF 12 WOODLAND TISSUES,0.29,General,
21982,PACK OF 12 SUKI TISSUES,0.29,General,
21983,PACK OF 12 BLUE PAISLEY TISSUES,0.29,General,
21984,PACK OF 12 PINK PAISLEY TISSUES,0.29,General,
21985,PACK OF 12 HEARTS DESIGN TISSUES,0.29,General,
21986,PACK OF 12 PINK POLKADOT TISSUES,0.29,General,
21987,PACK OF 6 SKULL PAPER CUPS,0.65,General,https://api.openverse.org/v1/images/d199fcb5-c343-42bf-82a1-3b4b6f82c653/thumb/
21988,PACK OF 6 SKULL PAPER PLATES,0.85,General,
21989,PACK OF 20 SKULL PAPER NAPKINS,0.85,General,
21990,MODERN FLORAL STATIONERY SET,2.46,General,
21991,BOHEMIAN COLLAGE STATIONERY SET,2.46,General,
21992,VINTAGE PAISLEY STATIONERY SET,2.46,General,
21993,FLORAL FOLK STATIONERY SET,2.46,General,
22016,Dotcomgiftshop Gift Voucher £100.00,83.33,General,
22021,BLUE FELT EASTER EGG BASKET,1.65,General,https://api.openverse.org/v1/images/af89ea03-416d-4169-bac7-ba0837176dcc/thumb/
22023,EMPIRE BIRTHDAY CARD,0.42,General,https://api.openverse.org/v1/images/ee25693d-43c7-4992-915e-152096f89076/thumb/
22024,RAINY LADIES BIRTHDAY CARD,0.42,General,https://api.openverse.org/v1/images/ee25693d-43c7-4992-915e-152096f89076/thumb/
22025,RING OF ROSES BIRTHDAY CARD,0.42,General,https://api.openverse.org/v1/images/ee25693d-43c7-4992-915e-152096f89076/thumb/
22026,BANQUET BIRTHDAY  CARD,0.42,General,https://api.openverse.org/v1/images/ee25693d-43c7-4992-915e-152096f89076/thumb/
22027,TEA PARTY BIRTHDAY CARD,0.42,General,https://api.openverse.org/v1/images/ee25693d-43c7-4992-915e-152096f89076/thumb/
22028,PENNY FARTHING BIRTHDAY CARD,0.42,General,https://api.openverse.org/v1/images/ee25693d-43c7-4992-915e-152096f89076/thumb/
22029,SPACEBOY BIRTHDAY CARD,0.42,General,https://api.openverse.org/v1/images/ee25693d-43c7-4992-915e-152096f89076/thumb/
22030,SWALLOWS GREETING CARD,0.42,General,https://api.openverse.org/v1/images/ee25693d-43c7-4992-915e-152096f89076/thumb/
22031,BOTANICAL LAVENDER BIRTHDAY CARD,0.42,General,https://api.openverse.org/v1/images/ee25693d-43c7-4992-915e-152096f89076/thumb/
22032,BOTANICAL LILY GREETING CARD,0.42,General,https://api.openverse.org/v1/images/ee25693d-43c7-4992-915e-152096f89076/thumb/
22033,BOTANICAL ROSE GREETING CARD,0.42,General,https://api.openverse.org/v1/images/ee25693d-43c7-4992-915e-152096f89076/thumb/
22034,ROBIN CHRISTMAS CARD,0.42,General,https://api.openverse.org/v1/images/ee25693d-43c7-4992-915e-152096f89076/thumb/
22035,VINTAGE CARAVAN GREETING CARD,0.42,General,https://api.openverse.org/v1/images/ee25693d-43c7-4992-915e-152096f89076/thumb/
22036,DINOSAUR BIRTHDAY CARD,0.42,General,https://api.openverse.org/v1/images/ee25693d-43c7-4992-915e-152096f89076/thumb/
22037,ROBOT BIRTHDAY CARD,0.42,General,https://api.openverse.org/v1/images/ee25693d-43c7-4992-915e-152096f89076/thumb/
22038,BOTANICAL LAVENDER GIFT WRAP,0.42,General,https://api.openverse.org/v1/images/6dbda933-025f-41ea-8e49-85fe18db9274/thumb/
22039,BOTANICAL LILY GIFT WRAP,0.42,General,https://api.openverse.org/v1/images/6dbda933-025f-41ea-8e49-85fe18db9274/thumb/
22040,BOTANICAL ROSE GIFT WRAP,0.42,General,https://api.openverse.org/v1/images/6dbda933-025f-41ea-8e49-85fe18db9274/thumb/
22041,"RECORD FRAME 7"" SINGLE SIZE",2.55,General,
22042,CHRISTMAS CARD SINGING ANGEL,0.42,General,https://api.openverse.org/v1/images/4ecc7ae2-d8b7-4f08-b6ae-0e6c1eb67a55/thumb/
22043,CHRISTMAS CARD SCREEN PRINT,0.42,General,
22044,CHRISTMAS CARD STACK OF PRESENTS,0.42,General,
22045,SPACEBOY GIFT WRAP,0.42,General,https://api.openverse.org/v1/images/6dbda933-025f-41ea-8e49-85fe18db9274/thumb/
22046,TEA PARTY  WRAPPING PAPER,0.42,General,
22047,EMPIRE GIFT WRAP,0.42,General,https://api.openverse.org/v1/images/6dbda933-025f-41ea-8e49-85fe18db9274/thumb/
22048,BIRTHDAY BANQUET GIFT WRAP,0.42,General,https://api.openverse.org/v1/images/6dbda933-025f-41ea-8e49-85fe18db9274/thumb/
22049,WRAP CHRISTMAS SCREEN PRINT,0.19,General,
22050,PINK PAISLEY ROSE GIFT WRAP,0.42,General,https://api.openverse.org/v1/images/6dbda933-025f-41ea-8e49-85fe18db9274/thumb/
22051,BLUE SCANDINAVIAN PAISLEY WRAP,0.42,General,https://api.openverse.org/v1/images/6dbda933-025f-41ea-8e49-85fe18db9274/thumb/
22052,VINTAGE CARAVAN GIFT WRAP,0.42,General,https://api.openverse.org/v1/images/6dbda933-025f-41ea-8e49-85fe18db9274/thumb/
22053,EMPIRE DESIGN ROSETTE,1.25,General,
22054,MINI CAKE STAND HANGING HEARTS,1.65,General,
22055,MINI CAKE STAND  HANGING STRAWBERY,1.65,General,
22056,CERAMIC PLATE LOVE HEART DESIGN,1.49,General,
22057,CERAMIC PLATE STRAWBERRY DESIGN,1.49,General,
22058,CERAMIC LOVE HEARTS DESIGN MUG,1.49,General,https://api.openverse.org/v1/images/5f490aab-714a-4ab0-ba1c-65035a8ab4fb/thumb/
22059,CERAMIC STRAWBERRY DESIGN MUG,1.49,General,https://api.openverse.org/v1/images/5f490aab-714a-4ab0-ba1c-65035a8ab4fb/thumb/
22060,LARGE CAKE STAND HANGING HEARTS,9.95,General,
22061,LARGE CAKE STAND  HANGING STRAWBERY,9.95,General,
22062,CERAMIC BOWL WITH LOVE HEART DESIGN,2.46,General,
22063,CERAMIC BOWL WITH STRAWBERRY DESIGN,2.95,General,
22064,PINK DOUGHNUT TRINKET POT,1.65,General,
22065,CHRISTMAS PUDDING TRINKET POT,1.45,General,
22066,LOVE HEART TRINKET POT,1.45,General,
22067,CHOC TRUFFLE GOLD TRINKET POT,1.65,General,
22068,BLACK PIRATE TREASURE CHEST,1.65,General,https://api.openverse.org/v1/images/af3b9ce4-a628-4368-a8f8-823916a314d2/thumb/
22069,BROWN  PIRATE TREASURE CHEST,3.36,General,https://api.openverse.org/v1/images/af3b9ce4-a628-4368-a8f8-823916a314d2/thumb/
22070,SMALL RED RETROSPOT MUG IN BOX,3.75,General,https://api.openverse.org/v1/images/1190a5b6-5e15-4eb7-a0c8-ec57704d85aa/thumb/
22071,SMALL WHITE RETROSPOT MUG IN BOX,3.75,General,https://api.openverse.org/v1/images/1190a5b6-5e15-4eb7-a0c8-ec57704d85aa/thumb/
22072,RED RETROSPOT TEA CUP AND SAUCER,3.75,General,
22073,RED RETROSPOT STORAGE JAR,3.75,General,
22074,6 RIBBONS SHIMMERING PINKS,1.65,General,
22075,6 RIBBONS ELEGANT CHRISTMAS,1.65,General,https://api.openverse.org/v1/images/c80402b0-5aac-4c84-9d0f-524a862a7fcd/thumb/
22076,6 RIBBONS EMPIRE,1.65,General,https://api.openverse.org/v1/images/1edfe1b0-3d26-44e6-8fd2-6a44db87d8a5/thumb/
22077,6 RIBBONS RUSTIC CHARM,1.65,General,https://api.openverse.org/v1/images/ecb3ac65-b267-4f03-b28e-fc8aa6e8f092/thumb/
22078,RIBBON REEL LACE DESIGN,2.10,General,
22079,RIBBON REEL HEARTS DESIGN,1.65,General,
22080,RIBBON REEL SPOTS DESIGN,1.65,General,
22081,RIBBON REEL FLORA + FAUNA,1.65,General,https://api.openverse.org/v1/images/b1d02a31-f95f-4691-a6e6-1d2512602274/thumb/
22082,RIBBON REEL STRIPES DESIGN,1.65,General,
22083,PAPER CHAIN KIT RETROSPOT,2.95,General,https://api.openverse.org/v1/images/c7a32cc5-3e99-4b9a-95cd-f5828f50ea34/thumb/
22084,PAPER CHAIN KIT EMPIRE,2.95,General,https://api.openverse.org/v1/images/1edfe1b0-3d26-44e6-8fd2-6a44db87d8a5/thumb/
22085,PAPER CHAIN KIT SKULLS,2.95,General,
22086,PAPER CHAIN KIT 50'S CHRISTMAS,2.95,General,https://api.openverse.org/v1/images/c7a32cc5-3e99-4b9a-95cd-f5828f50ea34/thumb/
22087,PAPER BUNTING WHITE LACE,2.95,General,
22088,PAPER BUNTING COLOURED LACE,2.95,General,
22089,PAPER BUNTING VINTAGE PAISLEY,2.95,General,
22090,PAPER BUNTING RETROSPOT,2.95,General,https://api.openverse.org/v1/images/1a953731-c4da-4d60-8b00-df1c28a9ca24/thumb/
22091,EMPIRE TISSUE BOX,1.25,General,https://api.openverse.org/v1/images/1190a5b6-5e15-4eb7-a0c8-ec57704d85aa/thumb/
22092,BLUE PAISLEY TISSUE BOX,0.39,General,https://api.openverse.org/v1/images/1190a5b6-5e15-4eb7-a0c8-ec57704d85aa/thumb/
22093,MOTORING TISSUE BOX,1.25,General,https://api.openverse.org/v1/images/1190a5b6-5e15-4eb7-a0c8-ec57704d85aa/thumb/
22094,RED RETROSPOT TISSUE BOX,1.25,General,https://api.openverse.org/v1/images/1190a5b6-5e15-4eb7-a0c8-ec57704d85aa/thumb/
22095,LADS ONLY TISSUE BOX,1.25,General,https://api.openverse.org/v1/images/1190a5b6-5e15-4eb7-a0c8-ec57704d85aa/thumb/
22096,PINK PAISLEY SQUARE TISSUE BOX,0.39,General,https://api.openverse.org/v1/images/1190a5b6-5e15-4eb7-a0c8-ec57704d85aa/thumb/
22097,SWALLOW SQUARE TISSUE BOX,1.25,General,https://api.openverse.org/v1/images/1190a5b6-5e15-4eb7-a0c8-ec57704d85aa/thumb/
22098,BOUDOIR SQUARE TISSUE BOX,1.25,General,https://api.openverse.org/v1/images/1190a5b6-5e15-4eb7-a0c8-ec57704d85aa/thumb/
22099,CARAVAN SQUARE TISSUE BOX,1.25,General,https://api.openverse.org/v1/images/1190a5b6-5e15-4eb7-a0c8-ec57704d85aa/thumb/
22100,SKULLS SQUARE TISSUE BOX,1.25,General,https://api.openverse.org/v1/images/1190a5b6-5e15-4eb7-a0c8-ec57704d85aa/thumb/
22101,MIRROR MOSAIC VOTIVE HOLDER,2.46,General,https://api.openverse.org/v1/images/dfed723f-0d7e-4814-900e-01daa1b92abc/thumb/
22102,MIRROR MOSAIC T-LIGHT HOLDER,1.65,General,https://api.openverse.org/v1/images/dfed723f-0d7e-4814-900e-01daa1b92abc/thumb/
22103,MIRROR MOSAIC T-LIGHT HOLDER ROUND,1.65,General,https://api.openverse.org/v1/images/dfed723f-0d7e-4814-900e-01daa1b92abc/thumb/
22104,MIRROR MOSAIC CANDLE PLATE,1.63,General,https://api.openverse.org/v1/images/c81a5b8f-093c-46bd-8753-50cdb2af7378/thumb/
22105,MIRROR MOSAIC GOBLET CANDLE HOLDER,4.21,General,https://api.openverse.org/v1/images/dfed723f-0d7e-4814-900e-01daa1b92abc/thumb/
22106,MIRROR MOSAIC HURRICANE LAMP,5.06,General,
22107,PIZZA PLATE IN BOX,3.75,General,https://api.openverse.org/v1/images/1190a5b6-5e15-4eb7-a0c8-ec57704d85aa/thumb/
22108,PING! MICROWAVE PLATE,3.36,General,https://api.openverse.org/v1/images/c81a5b8f-093c-46bd-8753-50cdb2af7378/thumb/
22109,FULL ENGLISH BREAKFAST PLATE,3.75,General,https://api.openverse.org/v1/images/c81a5b8f-093c-46bd-8753-50cdb2af7378/thumb/
22110,BIRD HOUSE HOT WATER BOTTLE,2.55,General,https://api.openverse.org/v1/images/6ec63ef0-d09a-4044-8a62-246a1c6f58b4/thumb/
22111,SCOTTIE DOG HOT WATER BOTTLE,4.95,General,https://api.openverse.org/v1/images/6ec63ef0-d09a-4044-8a62-246a1c6f58b4/thumb/
22112,CHOCOLATE HOT WATER BOTTLE,4.95,General,https://api.openverse.org/v1/images/6ec63ef0-d09a-4044-8a62-246a1c6f58b4/thumb/
22113,GREY HEART HOT WATER BOTTLE,3.75,General,https://api.openverse.org/v1/images/6ec63ef0-d09a-4044-8a62-246a1c6f58b4/thumb/
22114,HOT WATER BOTTLE TEA AND SYMPATHY,3.95,General,
22115,METAL SIGN EMPIRE TEA,2.95,General,
22116,METAL SIGN HIS DINNER IS SERVED,1.63,General,
22117,METAL SIGN HER DINNER IS SERVED,2.95,General,
22118,JOY WOODEN BLOCK LETTERS,4.95,General,
22119,PEACE WOODEN BLOCK LETTERS,6.95,General,
22120,WELCOME  WOODEN BLOCK LETTERS,9.95,General,
22121,NOEL WOODEN BLOCK LETTERS,5.95,General,
22122,SET OF 2 FANCY FONT TEA TOWELS,2.95,General,
22123,PING MICROWAVE APRON,4.13,General,https://api.openverse.org/v1/images/c6658085-7d85-432e-900b-1093e7336428/thumb/
22124,SET OF 2 TEA TOWELS PING MICROWAVE,2.51,General,
22125,UNION JACK HOT WATER BOTTLE,5.95,General,https://api.openverse.org/v1/images/6ec63ef0-d09a-4044-8a62-246a1c6f58b4/thumb/
22127,PARTY CONES CARNIVAL ASSORTED,1.25,General,https://api.openverse.org/v1/images/b4e88871-9e02-4201-88d3-149d129410fe/thumb/
22128,PARTY CONES CANDY ASSORTED,1.25,General,https://api.openverse.org/v1/images/999fe7c6-a3d4-4b63-9e1c-953163697e97/thumb/
22129,PARTY CONES CANDY TREE DECORATION,0.85,General,https://api.openverse.org/v1/images/e9d6182a-6d55-46e6-9bfc-a1084236113a/thumb/
22130,PARTY CONE CHRISTMAS DECORATION,0.85,General,https://api.openverse.org/v1/images/e9d6182a-6d55-46e6-9bfc-a1084236113a/thumb/
22131,FOOD CONTAINER SET 3 LOVE HEART,1.95,General,
22132,RED LOVE HEART SHAPE CUP,0.85,General,https://api.openverse.org/v1/images/d199fcb5-c343-42bf-82a1-3b4b6f82c653/thumb/
22133,PINK LOVE HEART SHAPE CUP,0.85,General,https://api.openverse.org/v1/images/d199fcb5-c343-42bf-82a1-3b4b6f82c653/thumb/
22134,MINI LADLE LOVE HEART RED,0.83,General,
22135,MINI LADLE LOVE HEART PINK,0.83,General,
22136,LOVE HEART SOCK HANGER,1.65,General,https://api.openverse.org/v1/images/b984bec7-0df5-47f0-b8d7-d6c67685f1e1/thumb/
22137,BATHROOM SET LOVE HEART DESIGN,2.95,General,
22138,BAKING SET 9 PIECE RETROSPOT,4.95,General,https://api.openverse.org/v1/images/e327fc6a-b810-48de-95e1-118ce2f1494b/thumb/
22139,RETROSPOT TEA SET CERAMIC 11 PC,4.95,General,
22141,CHRISTMAS CRAFT TREE TOP ANGEL,2.10,General,https://api.openverse.org/v1/images/4ecc7ae2-d8b7-4f08-b6ae-0e6c1eb67a55/thumb/
22142,CHRISTMAS CRAFT WHITE FAIRY,1.45,General,https://api.openverse.org/v1/images/a57f4802-23be-49ce-b22f-efd61f5f7d96/thumb/
22143,CHRISTMAS CRAFT HEART DECORATIONS,2.10,General,https://api.openverse.org/v1/images/e9d6182a-6d55-46e6-9bfc-a1084236113a/thumb/
22144,CHRISTMAS CRAFT LITTLE FRIENDS,2.10,General,https://api.openverse.org/v1/images/7275d520-2a10-4112-8cea-aea579f2e916/thumb/
22145,CHRISTMAS CRAFT HEART STOCKING,2.10,General,
22146,EASTER CRAFT IVY WREATH WITH CHICK,1.95,General,https://api.openverse.org/v1/images/c1ba6e52-97fb-4d2f-85bd-d14d405247b0/thumb/
22147,FELTCRAFT BUTTERFLY HEARTS,1.45,General,
22148,EASTER CRAFT 4 CHICKS,1.95,General,https://api.openverse.org/v1/images/c1ba6e52-97fb-4d2f-85bd-d14d405247b0/thumb/
22149,FELTCRAFT 6 FLOWER FRIENDS,2.10,General,https://api.openverse.org/v1/images/7275d520-2a10-4112-8cea-aea579f2e916/thumb/
22150,3 STRIPEY MICE FELTCRAFT,1.95,General,https://api.openverse.org/v1/images/53d9eb8f-c93c-49f6-bc96-796fa6c7482a/thumb/
22151,PLACE SETTING WHITE HEART,0.42,General,
22152,PLACE SETTING WHITE STAR,0.42,General,
22153,ANGEL DECORATION STARS ON DRESS,0.42,General,https://api.openverse.org/v1/images/3a9e320a-5f27-4e60-b2f4-514c63562265/thumb/
22154,ANGEL DECORATION 3 BUTTONS,0.42,General,https://api.openverse.org/v1/images/29ce4a76-f7e4-43cb-aaeb-d07c695ae167/thumb/
22155,STAR DECORATION RUSTIC,0.42,General,
22156,HEART DECORATION WITH PEARLS,0.85,General,
22157,ANGEL DECORATION WITH LACE PADDED,0.85,General,
22158,3 HEARTS HANGING DECORATION RUSTIC,2.95,General,
22161,HEART DECORATION RUSTIC HANGING,0.79,General,
22162,HEART GARLAND RUSTIC PADDED,2.95,General,
22163,HEART STRING MEMO HOLDER HANGING,2.95,General,https://api.openverse.org/v1/images/dfed723f-0d7e-4814-900e-01daa1b92abc/thumb/
22164,STRING OF STARS CARD HOLDER,2.95,General,https://api.openverse.org/v1/images/dfed723f-0d7e-4814-900e-01daa1b92abc/thumb/
22165,"DIAMANTE HEART SHAPED WALL MIRROR,",11.02,General,https://api.openverse.org/v1/images/50a14bda-9275-4685-ae87-7dd051c3a213/thumb/
22166,WALL MIRROR RECTANGLE DIAMANTE PINK,15.79,General,https://api.openverse.org/v1/images/1e52139d-b3ce-4bb5-b0bc-33e46246d418/thumb/
22167,OVAL WALL MIRROR DIAMANTE,9.95,General,https://api.openverse.org/v1/images/1e52139d-b3ce-4bb5-b0bc-33e46246d418/thumb/
22168,ORGANISER WOOD ANTIQUE WHITE,8.50,General,
22169,FAMILY ALBUM WHITE PICTURE FRAME,8.50,General,https://api.openverse.org/v1/images/8ec53748-2acc-4984-8a6f-528cbb3fb3d9/thumb/
22170,PICTURE FRAME WOOD TRIPLE PORTRAIT,6.75,General,
22171,3 HOOK PHOTO SHELF ANTIQUE WHITE,8.50,General,
22172,METAL SHELF WITH RAIL,8.50,General,
22173,METAL 4 HOOK HANGER FRENCH CHATEAU,2.95,General,https://api.openverse.org/v1/images/436d079e-fd3b-4efe-b996-35d3981ef6b7/thumb/
22174,PHOTO CUBE,1.65,General,https://api.openverse.org/v1/images/58621a49-6bbb-4ab8-bb02-7f4cd9685b02/thumb/
22175,PINK OWL SOFT TOY,2.95,General,
22176,BLUE OWL SOFT TOY,2.95,General,
22177,5 HOOK BLACKBOARD ORGANISER,9.95,General,
22178,VICTORIAN GLASS HANGING T-LIGHT,1.25,General,
22179,SET 10 LIGHTS NIGHT OWL,6.75,General,
22180,RETROSPOT LAMP,9.95,General,
22181,SNOWSTORM PHOTO FRAME FRIDGE MAGNET,0.85,General,
22182,CAKE STAND VICTORIAN FILIGREE SMALL,4.21,General,https://api.openverse.org/v1/images/382b66c7-0d28-43de-8015-969052af6275/thumb/
22183,CAKE STAND VICTORIAN FILIGREE MED,5.91,General,
22184,CAKE STAND VICTORIAN FILIGREE LARGE,8.50,General,https://api.openverse.org/v1/images/382b66c7-0d28-43de-8015-969052af6275/thumb/
22185,SLATE TILE NATURAL HANGING,1.65,General,
22186,RED STAR CARD HOLDER,2.95,General,https://api.openverse.org/v1/images/dfed723f-0d7e-4814-900e-01daa1b92abc/thumb/
22187,GREEN CHRISTMAS TREE CARD HOLDER,4.25,General,https://api.openverse.org/v1/images/dfed723f-0d7e-4814-900e-01daa1b92abc/thumb/
22188,BLACK HEART CARD HOLDER,3.95,General,https://api.openverse.org/v1/images/dfed723f-0d7e-4814-900e-01daa1b92abc/thumb/
22189,CREAM HEART CARD HOLDER,3.95,General,https://api.openverse.org/v1/images/dfed723f-0d7e-4814-900e-01daa1b92abc/thumb/
22190,LOCAL CAFE MUG,2.10,General,https://api.openverse.org/v1/images/5f490aab-714a-4ab0-ba1c-65035a8ab4fb/thumb/
22191,IVORY DINER WALL CLOCK,8.50,General,https://api.openverse.org/v1/images/c214cdd4-b5a6-40f5-9d1b-883b6e386095/thumb/
22192,BLUE DINER WALL CLOCK,8.50,General,https://api.openverse.org/v1/images/c214cdd4-b5a6-40f5-9d1b-883b6e386095/thumb/
22193,RED DINER WALL CLOCK,8.50,General,https://api.openverse.org/v1/images/c214cdd4-b5a6-40f5-9d1b-883b6e386095/thumb/
22194,BLACK DINER WALL CLOCK,8.50,General,https://api.openverse.org/v1/images/c214cdd4-b5a6-40f5-9d1b-883b6e386095/thumb/
22195,LARGE HEART MEASURING SPOONS,1.65,General,
22196,SMALL HEART MEASURING SPOONS,0.85,General,
22197,SMALL POPCORN HOLDER,0.85,General,https://api.openverse.org/v1/images/dfed723f-0d7e-4814-900e-01daa1b92abc/thumb/
22198,LARGE POPCORN HOLDER,1.65,General,https://api.openverse.org/v1/images/dfed723f-0d7e-4814-900e-01daa1b92abc/thumb/
22199,FRYING PAN RED RETROSPOT,4.25,General,
22200,FRYING PAN PINK POLKADOT,4.25,General,
22201,FRYING PAN BLUE POLKADOT,4.25,General,
22202,MILK PAN PINK RETROSPOT,3.75,General,
22203,MILK PAN RED RETROSPOT,3.75,General,
22204,MILK PAN BLUE POLKADOT,3.75,General,
22206,"MUG , DOTCOMGIFTSHOP.COM",0.85,General,https://api.openverse.org/v1/images/a53b9f45-4b90-4074-96b0-d7a898f5e404/thumb/
22207,FRYING PAN UNION FLAG,4.25,General,https://api.openverse.org/v1/images/f0f57df5-5840-4116-b32d-3fef21853f8f/thumb/
22208,WOOD STAMP SET THANK YOU,1.65,General,
22209,WOOD STAMP SET HAPPY BIRTHDAY,1.63,General,https://api.openverse.org/v1/images/6b0aa342-64cb-4ce1-bb05-afa0f5b864a2/thumb/
22210,WOOD STAMP SET BEST WISHES,1.63,General,
22211,WOOD STAMP SET FLOWERS,1.65,General,https://api.openverse.org/v1/images/61419a75-885c-4e6b-bb24-28b68fb5411b/thumb/
22212,FOUR HOOK  WHITE LOVEBIRDS,2.10,General,
22214,CANDLE PLATE LACE WHITE,2.55,General,
22215,CAKE STAND WHITE TWO TIER LACE,8.50,General,
22216,T-LIGHT HOLDER WHITE LACE,0.85,General,
22217,T-LIGHT HOLDER HANGING LACE,1.25,General,
22218,CAKE STAND LACE WHITE,4.25,General,
22219,LOVEBIRD HANGING DECORATION WHITE,0.85,General,https://api.openverse.org/v1/images/e9d6182a-6d55-46e6-9bfc-a1084236113a/thumb/
22220,CAKE STAND LOVEBIRD 2 TIER WHITE,9.95,General,
22221,CAKE STAND LOVEBIRD 2 TIER PINK,9.95,General,
22222,CAKE PLATE LOVEBIRD WHITE,4.95,General,
22223,CAKE PLATE LOVEBIRD PINK,4.95,General,
22224,WHITE LOVEBIRD LANTERN,2.95,General,
22227,HANGING HEART MIRROR DECORATION,0.65,General,https://api.openverse.org/v1/images/e9d6182a-6d55-46e6-9bfc-a1084236113a/thumb/
22228,BUNNY WOODEN PAINTED WITH BIRD,0.85,General,https://api.openverse.org/v1/images/c4d08a5b-c8a4-4b40-92f2-7fe03892dcbd/thumb/
22229,BUNNY WOODEN PAINTED WITH FLOWER,0.85,General,
22230,JIGSAW TREE WITH WATERING CAN,0.85,General,https://api.openverse.org/v1/images/13ed2519-a959-4401-9699-8f187b39b02d/thumb/
22231,JIGSAW TREE WITH BIRDHOUSE,1.45,General,https://api.openverse.org/v1/images/760d5f3c-72f0-493f-bdb6-c7504517a212/thumb/
22232,JIGSAW TOADSTOOLS 3 PIECE,1.65,General,
22233,JIGSAW RABBIT AND BIRDHOUSE,1.65,General,https://api.openverse.org/v1/images/760d5f3c-72f0-493f-bdb6-c7504517a212/thumb/
22236,CAKE STAND 3 TIER MAGIC GARDEN,12.75,General,https://api.openverse.org/v1/images/86ec59f2-d0c8-41e9-b1ec-0619170d115f/thumb/
22241,GARLAND WOODEN HAPPY EASTER,1.25,General,https://api.openverse.org/v1/images/6b0aa342-64cb-4ce1-bb05-afa0f5b864a2/thumb/
22242,"HOOK, 5 HANGER , MAGIC TOADSTOOL",1.65,General,
22243,5 HOOK HANGER RED MAGIC TOADSTOOL,1.65,General,
22244,3 HOOK HANGER MAGIC GARDEN,1.95,General,https://api.openverse.org/v1/images/86ec59f2-d0c8-41e9-b1ec-0619170d115f/thumb/
22245,"HOOK, 1 HANGER ,MAGIC GARDEN",0.85,General,https://api.openverse.org/v1/images/86ec59f2-d0c8-41e9-b1ec-0619170d115f/thumb/
22246,"GARLAND, MAGIC GARDEN 1.8M",1.95,General,https://api.openverse.org/v1/images/86ec59f2-d0c8-41e9-b1ec-0619170d115f/thumb/
22247,BUNNY DECORATION MAGIC GARDEN,0.85,General,https://api.openverse.org/v1/images/86ec59f2-d0c8-41e9-b1ec-0619170d115f/thumb/
22248,DECORATION  PINK CHICK MAGIC GARDEN,0.85,General,https://api.openverse.org/v1/images/86ec59f2-d0c8-41e9-b1ec-0619170d115f/thumb/
22249,DECORATION WHITE CHICK MAGIC GARDEN,0.85,General,https://api.openverse.org/v1/images/86ec59f2-d0c8-41e9-b1ec-0619170d115f/thumb/
22250,DECORATION  BUTTERFLY  MAGIC GARDEN,0.85,General,https://api.openverse.org/v1/images/86ec59f2-d0c8-41e9-b1ec-0619170d115f/thumb/
22251,BIRDHOUSE DECORATION MAGIC GARDEN,1.25,General,https://api.openverse.org/v1/images/86ec59f2-d0c8-41e9-b1ec-0619170d115f/thumb/
22252,BIRDCAGE DECORATION TEALIGHT HOLDER,1.25,General,https://api.openverse.org/v1/images/dfed723f-0d7e-4814-900e-01daa1b92abc/thumb/
22253,6 CROCHET STRAWBERRIES,1.25,General,
22254,FELT TOADSTOOL LARGE,1.25,General,
22255,FELT TOADSTOOL  SMALL,0.85,General,
22256,FELT FARM ANIMAL CHICKEN,1.25,General,https://api.openverse.org/v1/images/c3f0d714-4e42-4809-9475-480fba3a5077/thumb/
22257,FELT FARM ANIMAL SHEEP,1.25,General,
22258,FELT FARM ANIMAL RABBIT,1.25,General,
22259,FELT FARM ANIMAL HEN,1.25,General,
22260,FELT EGG COSY BLUE RABBIT,1.63,General,
22261,FELT EGG COSY WHITE RABBIT,0.85,General,
22262,FELT EGG COSY CHICKEN,0.85,General,https://api.openverse.org/v1/images/c3f0d714-4e42-4809-9475-480fba3a5077/thumb/
22263,FELT EGG COSY LADYBIRD,0.85,General,
22264,FELT FARM ANIMAL WHITE BUNNY,0.85,General,https://api.openverse.org/v1/images/874159dc-219d-4c09-8f30-f4075070f063/thumb/
22265,EASTER DECORATION NATURAL CHICK,0.65,General,https://api.openverse.org/v1/images/c1ba6e52-97fb-4d2f-85bd-d14d405247b0/thumb/
22266,EASTER DECORATION HANGING BUNNY,0.65,General,https://api.openverse.org/v1/images/874159dc-219d-4c09-8f30-f4075070f063/thumb/
22267,EASTER DECORATION EGG BUNNY,1.25,General,https://api.openverse.org/v1/images/874159dc-219d-4c09-8f30-f4075070f063/thumb/
22268,EASTER DECORATION SITTING BUNNY,0.85,General,https://api.openverse.org/v1/images/874159dc-219d-4c09-8f30-f4075070f063/thumb/
22269,EGG CUP NATURAL CHICKEN,1.25,General,https://api.openverse.org/v1/images/c3f0d714-4e42-4809-9475-480fba3a5077/thumb/
22270,HAPPY EASTER HANGING DECORATION,3.75,General,https://api.openverse.org/v1/images/e9d6182a-6d55-46e6-9bfc-a1084236113a/thumb/
22271,FELTCRAFT DOLL ROSIE,2.95,General,
22272,FELTCRAFT DOLL MARIA,2.95,General,
22273,FELTCRAFT DOLL MOLLY,2.95,General,
22274,FELTCRAFT DOLL EMILY,2.95,General,https://api.openverse.org/v1/images/6f65eef0-e910-4ba5-9ec0-827af3943923/thumb/
22275,WEEKEND BAG VINTAGE ROSE PAISLEY,8.50,General,
22276,WASH BAG VINTAGE ROSE PAISLEY,2.55,General,
22277,COSMETIC BAG VINTAGE ROSE PAISLEY,2.10,General,
22278,OVERNIGHT BAG VINTAGE ROSE PAISLEY,4.95,General,
22279,POCKET BAG BLUE PAISLEY RED SPOT,1.25,General,
22280,POCKET BAG PINK PAISELY BROWN SPOT,1.25,General,
22281,EASTER TREE YELLOW BIRDS,5.95,General,https://api.openverse.org/v1/images/c4d08a5b-c8a4-4b40-92f2-7fe03892dcbd/thumb/
22282,12 EGG HOUSE PAINTED WOOD,12.75,General,
22283,6 EGG HOUSE PAINTED WOOD,7.95,General,
22284,HEN HOUSE DECORATION,1.65,General,https://api.openverse.org/v1/images/e9d6182a-6d55-46e6-9bfc-a1084236113a/thumb/
22285,"DECORATION HEN ON NEST, HANGING",1.65,General,
22286,"DECORATION , WOBBLY RABBIT , METAL",1.65,General,
22287,"DECORATION , WOBBLY CHICKEN, METAL",1.65,General,https://api.openverse.org/v1/images/c3f0d714-4e42-4809-9475-480fba3a5077/thumb/
22288,HANGING METAL RABBIT DECORATION,1.25,General,https://api.openverse.org/v1/images/e9d6182a-6d55-46e6-9bfc-a1084236113a/thumb/
22289,"DECORATION , HANGING METAL CHICKEN",1.25,General,https://api.openverse.org/v1/images/c3f0d714-4e42-4809-9475-480fba3a5077/thumb/
22290,STANDING METAL RABBIT WITH EGG,2.10,General,https://api.openverse.org/v1/images/9ad156e7-e62e-4afd-b52b-0b4ddfc52bb4/thumb/
22291,"SPRING DEC , HANGING CHICK CREAM",1.45,General,https://api.openverse.org/v1/images/c1ba6e52-97fb-4d2f-85bd-d14d405247b0/thumb/
22292,HANGING CHICK  YELLOW DECORATION,1.45,General,https://api.openverse.org/v1/images/e9d6182a-6d55-46e6-9bfc-a1084236113a/thumb/
22293,HANGING CHICK GREEN DECORATION,1.45,General,https://api.openverse.org/v1/images/e9d6182a-6d55-46e6-9bfc-a1084236113a/thumb/
22294,HEART FILIGREE DOVE  SMALL,1.25,General,https://api.openverse.org/v1/images/5de487c5-26a0-4ea2-8977-d6c48f944827/thumb/
22295,HEART FILIGREE DOVE LARGE,1.65,General,https://api.openverse.org/v1/images/5de487c5-26a0-4ea2-8977-d6c48f944827/thumb/
22296,HEART IVORY TRELLIS LARGE,1.65,General,
22297,HEART IVORY TRELLIS SMALL,1.25,General,
22299,PIG KEYRING WITH LIGHT & SOUND,1.25,General,
22300,COFFEE MUG DOG + BALL DESIGN,2.55,General,https://api.openverse.org/v1/images/971070ab-c6c2-40a3-89d2-1103bb39a07f/thumb/
22301,COFFEE MUG CAT + BIRD DESIGN,2.55,General,https://api.openverse.org/v1/images/c4d08a5b-c8a4-4b40-92f2-7fe03892dcbd/thumb/
22302,COFFEE MUG PEARS  DESIGN,2.55,General,
22303,COFFEE MUG APPLES DESIGN,2.55,General,https://api.openverse.org/v1/images/abe939b0-9741-4d30-b63e-19b08b3baf71/thumb/
22304,COFFEE MUG BLUE PAISLEY DESIGN,2.55,General,
22305,COFFEE MUG PINK PAISLEY DESIGN,2.55,General,
22306,SILVER MUG BONE CHINA TREE OF LIFE,1.25,General,
22307,GOLD MUG BONE CHINA TREE OF LIFE,1.95,General,
22308,TEA COSY BLUE STRIPE,4.96,General,https://api.openverse.org/v1/images/4e9c4070-b774-411b-9e2e-0a660d37dea3/thumb/
22309,TEA COSY RED  STRIPE,2.55,General,https://api.openverse.org/v1/images/4e9c4070-b774-411b-9e2e-0a660d37dea3/thumb/
22310,IVORY KNITTED MUG COSY,3.29,General,https://api.openverse.org/v1/images/4e9c4070-b774-411b-9e2e-0a660d37dea3/thumb/
22311,OFFICE MUG WARMER BLACK+SILVER,2.95,General,
22312,OFFICE MUG WARMER POLKADOT,2.95,General,
22313,OFFICE MUG WARMER PINK,2.95,General,
22314,OFFICE MUG WARMER CHOC+BLUE,4.95,General,https://api.openverse.org/v1/images/05f377f6-97d3-4605-ac03-a77caeb1d8ac/thumb/
22315,200 RED + WHITE BENDY STRAWS,1.25,General,
22316,200 BENDY SKULL STRAWS,1.25,General,
22317,FIVE CATS HANGING DECORATION,2.95,General,https://api.openverse.org/v1/images/e9d6182a-6d55-46e6-9bfc-a1084236113a/thumb/
22318,FIVE HEART HANGING DECORATION,2.95,General,https://api.openverse.org/v1/images/e9d6182a-6d55-46e6-9bfc-a1084236113a/thumb/
22319,HAIRCLIPS FORTIES FABRIC ASSORTED,0.65,General,https://api.openverse.org/v1/images/711baceb-f997-4a32-a208-880d27d291c7/thumb/
22320,BIRDS MOBILE VINTAGE DESIGN,5.95,General,
22321,BIRD DECORATION RED RETROSPOT,0.85,General,https://api.openverse.org/v1/images/e9d6182a-6d55-46e6-9bfc-a1084236113a/thumb/
22322,BIRD DECORATION GREEN POLKADOT,0.85,General,https://api.openverse.org/v1/images/e9d6182a-6d55-46e6-9bfc-a1084236113a/thumb/
22323,PINK POLKADOT KIDS BAG,1.95,General,https://api.openverse.org/v1/images/cb3e1d79-54b4-47d2-9678-84b342331819/thumb/
22324,BLUE POLKADOT KIDS BAG,4.13,General,https://api.openverse.org/v1/images/cb3e1d79-54b4-47d2-9678-84b342331819/thumb/
22325,MOBILE VINTAGE HEARTS,4.95,General,
22326,ROUND SNACK BOXES SET OF4 WOODLAND,2.95,General,
22327,ROUND SNACK BOXES SET OF 4 SKULLS,2.95,General,
22328,ROUND SNACK BOXES SET OF 4 FRUITS,2.95,General,https://api.openverse.org/v1/images/c0afdc6f-83b1-4080-8ce0-3fa25e8b8af4/thumb/
22329,ROUND CONTAINER SET OF 5 RETROSPOT,1.65,General,https://api.openverse.org/v1/images/ec9e1b64-dc3b-4852-833f-662c04c37337/thumb/
22330,72 ROUND PINK DOILIES,1.45,General,https://api.openverse.org/v1/images/b5abaf15-1d5a-4fb1-800c-fc9de7255200/thumb/
22331,WOODLAND PARTY BAG + STICKER SET,1.65,General,
22332,SKULLS PARTY BAG + STICKER SET,1.65,General,
22333,RETROSPOT PARTY BAG + STICKER SET,1.65,General,
22334,DINOSAUR PARTY BAG + STICKER SET,1.65,General,
22335,HEART DECORATION PAINTED ZINC,0.65,General,
22336,DOVE DECORATION PAINTED ZINC,0.65,General,
22337,ANGEL DECORATION PAINTED ZINC,0.65,General,
22338,STAR DECORATION PAINTED ZINC,0.63,General,
22339,CHRISTMAS TREE PAINTED ZINC,0.65,General,
22340,NOEL GARLAND PAINTED ZINC,0.83,General,
22341,LOVE GARLAND PAINTED ZINC,1.65,General,
22342,HOME GARLAND PAINTED ZINC,1.65,General,
22343,PARTY PIZZA DISH RED RETROSPOT,0.85,General,https://api.openverse.org/v1/images/d84197b1-da39-46dd-9350-61826d77e124/thumb/
22344,PARTY PIZZA DISH PINK POLKADOT,0.85,General,https://api.openverse.org/v1/images/d84197b1-da39-46dd-9350-61826d77e124/thumb/
22345,PARTY PIZZA DISH BLUE POLKADOT,0.85,General,https://api.openverse.org/v1/images/d84197b1-da39-46dd-9350-61826d77e124/thumb/
22346,PARTY PIZZA DISH GREEN POLKADOT,0.85,General,https://api.openverse.org/v1/images/d84197b1-da39-46dd-9350-61826d77e124/thumb/
22347,PIZZA SLICE DISH,1.25,General,https://api.openverse.org/v1/images/d84197b1-da39-46dd-9350-61826d77e124/thumb/
22348,TEA BAG PLATE RED RETROSPOT,0.85,General,https://api.openverse.org/v1/images/c81a5b8f-093c-46bd-8753-50cdb2af7378/thumb/
22349,DOG BOWL CHASING BALL DESIGN,3.75,General,https://api.openverse.org/v1/images/971070ab-c6c2-40a3-89d2-1103bb39a07f/thumb/
22350,ILLUSTRATED CAT BOWL,2.55,General,https://api.openverse.org/v1/images/dcf29c13-b3ea-4a75-91c9-6c5892fc52c7/thumb/
22351,DOTCOMGIFTSHOP TEA TOWEL,3.29,General,
22352,LUNCH BOX WITH CUTLERY RETROSPOT,2.55,General,https://api.openverse.org/v1/images/bb4c5a31-7068-48c8-b76a-7bb03b457303/thumb/
22353,LUNCH BOX WITH CUTLERY FAIRY CAKES,2.55,General,https://api.openverse.org/v1/images/e3f04f4d-9346-44e6-80a8-f160171979a3/thumb/
22354,RETROSPOT PADDED SEAT CUSHION,3.75,General,https://api.openverse.org/v1/images/1a36bd86-0db6-40b6-8622-ed1d0c2d46df/thumb/
22355,CHARLOTTE BAG SUKI DESIGN,0.85,General,https://api.openverse.org/v1/images/cb3e1d79-54b4-47d2-9678-84b342331819/thumb/
22356,CHARLOTTE BAG PINK POLKADOT,0.85,General,https://api.openverse.org/v1/images/cb3e1d79-54b4-47d2-9678-84b342331819/thumb/
22357,KINGS CHOICE BISCUIT TIN,4.25,General,https://api.openverse.org/v1/images/348bc62a-d0d7-4ac6-be4f-77ebbd27b328/thumb/
22358,KINGS CHOICE TEA CADDY,2.95,General,https://api.openverse.org/v1/images/fe97aeaa-f482-4a64-b53a-492e9b3ea061/thumb/
22359,GLASS JAR KINGS CHOICE,2.95,General,https://api.openverse.org/v1/images/3231d406-384f-47e8-9954-dd433143483a/thumb/
22360,GLASS JAR ENGLISH CONFECTIONERY,2.95,General,https://api.openverse.org/v1/images/4c9c2ab2-aa0e-4a74-92b6-f6f132f2f1bc/thumb/
22361,GLASS JAR DAISY FRESH COTTON WOOL,2.95,General,
22362,GLASS JAR PEACOCK BATH SALTS,2.95,General,
22363,GLASS JAR MARMALADE,2.95,General,
22364,GLASS JAR DIGESTIVE BISCUITS,2.95,General,https://api.openverse.org/v1/images/674b8c03-a316-4cfd-841e-39f5a81d8e2c/thumb/
22365,DOORMAT RESPECTABLE HOUSE,7.95,General,
22366,DOORMAT AIRMAIL,7.95,General,https://api.openverse.org/v1/images/64a96680-3181-41f7-9b7a-140c8ef9fd6b/thumb/
22367,CHILDRENS APRON SPACEBOY DESIGN,1.95,General,
22371,AIRLINE BAG VINTAGE TOKYO 78,4.25,General,
22372,AIRLINE BAG VINTAGE WORLD CHAMPION,4.25,General,https://api.openverse.org/v1/images/0f1a031e-ec36-40f6-9dba-71fc3899e98a/thumb/
22374,AIRLINE BAG VINTAGE JET SET RED,4.25,General,
22375,AIRLINE BAG VINTAGE JET SET BROWN,4.25,General,https://api.openverse.org/v1/images/36081fd8-09f4-4f30-9bd7-20e48e3c1280/thumb/
22376,AIRLINE BAG VINTAGE JET SET WHITE,4.25,General,
22377,BOTTLE BAG RETROSPOT,2.10,General,https://api.openverse.org/v1/images/cb3e1d79-54b4-47d2-9678-84b342331819/thumb/
22378,WALL TIDY RETROSPOT,2.10,General,
22379,RECYCLING BAG RETROSPOT,2.10,General,https://api.openverse.org/v1/images/cb3e1d79-54b4-47d2-9678-84b342331819/thumb/
22380,TOY TIDY SPACEBOY,2.10,General,
22381,TOY TIDY PINK POLKADOT,2.10,General,https://api.openverse.org/v1/images/f23d932e-e8cf-40f4-9b24-1b155e43b6c3/thumb/
22382,LUNCH BAG SPACEBOY DESIGN,1.65,General,
22383,LUNCH BAG SUKI  DESIGN,1.65,General,
22384,LUNCH BAG PINK POLKADOT,1.65,General,https://api.openverse.org/v1/images/cb3e1d79-54b4-47d2-9678-84b342331819/thumb/
22385,JUMBO BAG SPACEBOY DESIGN,1.95,General,https://api.openverse.org/v1/images/cb3e1d79-54b4-47d2-9678-84b342331819/thumb/
22386,JUMBO BAG PINK POLKADOT,1.95,General,https://api.openverse.org/v1/images/cb3e1d79-54b4-47d2-9678-84b342331819/thumb/
22389,PAPERWEIGHT SAVE THE PLANET,2.55,General,
22390,PAPERWEIGHT CHILDHOOD MEMORIES,2.55,General,
22391,PAPERWEIGHT HOME SWEET HOME,2.55,General,
22393,PAPERWEIGHT VINTAGE COLLAGE,2.55,General,https://api.openverse.org/v1/images/bd298642-0230-4e95-a336-f1ada359ffd2/thumb/
22394,PAPERWEIGHT KINGS CHOICE,2.55,General,https://api.openverse.org/v1/images/3231d406-384f-47e8-9954-dd433143483a/thumb/
22395,PAPERWEIGHT VINTAGE PAISLEY,2.55,General,
22396,MAGNETS PACK OF 4 RETRO PHOTO,1.06,General,
22398,MAGNETS PACK OF 4 SWALLOWS,1.25,General,
22399,MAGNETS PACK OF 4 CHILDHOOD MEMORY,1.25,General,
22400,MAGNETS PACK OF 4 HOME SWEET HOME,1.25,General,
22402,MAGNETS PACK OF 4 VINTAGE COLLAGE,1.25,General,https://api.openverse.org/v1/images/bd298642-0230-4e95-a336-f1ada359ffd2/thumb/
22403,MAGNETS PACK OF 4 VINTAGE LABELS,1.25,General,
22405,MONEY BOX POCKET MONEY DESIGN,1.25,General,
22406,MONEY BOX KINGS CHOICE DESIGN,1.25,General,https://api.openverse.org/v1/images/3231d406-384f-47e8-9954-dd433143483a/thumb/
22407,MONEY BOX FIRST ADE DESIGN,1.25,General,https://api.openverse.org/v1/images/674f9695-2333-4b44-a946-ecdab31283f9/thumb/
22408,MONEY BOX CONFECTIONERY DESIGN,1.25,General,https://api.openverse.org/v1/images/4c9c2ab2-aa0e-4a74-92b6-f6f132f2f1bc/thumb/
22409,MONEY BOX BISCUITS DESIGN,1.25,General,https://api.openverse.org/v1/images/674b8c03-a316-4cfd-841e-39f5a81d8e2c/thumb/
22410,MONEY BOX HOUSEKEEPING DESIGN,1.25,General,
22411,JUMBO SHOPPER VINTAGE RED PAISLEY,1.95,General,https://api.openverse.org/v1/images/7e1d1dca-0192-4b92-aea7-8c736128b082/thumb/
22412,METAL SIGN NEIGHBOURHOOD WITCH,2.10,General,
22413,METAL SIGN TAKE IT OR LEAVE IT,2.95,General,
22414,DOORMAT NEIGHBOURHOOD WITCH,7.95,General,
22415,WHITE TISSUE REAM,7.95,General,
22416,SET OF 36 DOILIES SPACEBOY DESIGN,1.45,General,
22417,PACK OF 60 SPACEBOY CAKE CASES,0.55,General,https://api.openverse.org/v1/images/65355e41-3c33-4970-856c-37b07597329e/thumb/
22418,10 COLOUR SPACEBOY PEN,0.85,General,
22419,LIPSTICK PEN RED,0.42,General,
22420,LIPSTICK PEN BABY PINK,0.42,General,https://api.openverse.org/v1/images/fe501190-e34f-4c92-b3be-2041621aed52/thumb/
22421,LIPSTICK PEN FUSCHIA,0.42,General,https://api.openverse.org/v1/images/219c8156-1e57-4138-a5fe-e84d2666027d/thumb/
22422,TOOTHPASTE TUBE PEN,1.25,General,
22423,REGENCY CAKESTAND 3 TIER,12.75,General,https://api.openverse.org/v1/images/bbfd0457-8f2f-4058-8b74-5afc10fed71b/thumb/
22424,ENAMEL BREAD BIN CREAM,12.75,General,https://api.openverse.org/v1/images/f93fce2b-cf12-4103-ba81-77143148e088/thumb/
22425,ENAMEL COLANDER CREAM,4.95,General,https://api.openverse.org/v1/images/60144a88-27fd-4a27-bd04-970ad6c61b4d/thumb/
22426,ENAMEL WASH BOWL CREAM,3.75,General,https://api.openverse.org/v1/images/dcf29c13-b3ea-4a75-91c9-6c5892fc52c7/thumb/
22427,ENAMEL FLOWER JUG CREAM,5.95,General,
22428,ENAMEL FIRE BUCKET CREAM,6.95,General,https://api.openverse.org/v1/images/7daa25e3-fbf5-4312-b8eb-513991b729e2/thumb/
22429,ENAMEL MEASURING JUG CREAM,4.25,General,
22430,ENAMEL WATERING CAN CREAM,4.95,General,https://api.openverse.org/v1/images/13ed2519-a959-4401-9699-8f187b39b02d/thumb/
22431,WATERING CAN BLUE ELEPHANT,1.95,General,https://api.openverse.org/v1/images/146f30d7-823b-40b4-ba51-0724599a01e8/thumb/
22432,WATERING CAN PINK BUNNY,1.95,General,https://api.openverse.org/v1/images/874159dc-219d-4c09-8f30-f4075070f063/thumb/
22433,WATERING CAN GREEN DINOSAUR,1.95,General,https://api.openverse.org/v1/images/146a2019-cafb-406d-ae4d-2e8e91949745/thumb/
22434,BALLOON PUMP WITH 10 BALLOONS,1.95,General,https://api.openverse.org/v1/images/6a18d6fd-0157-4a7b-a856-f0a49cecf8a7/thumb/
22435,SET OF 9 HEART SHAPED BALLOONS,1.25,General,https://api.openverse.org/v1/images/6a18d6fd-0157-4a7b-a856-f0a49cecf8a7/thumb/
22436,12 COLOURED PARTY BALLOONS,0.65,General,https://api.openverse.org/v1/images/6a18d6fd-0157-4a7b-a856-f0a49cecf8a7/thumb/
22437,SET OF 9 BLACK SKULL BALLOONS,0.85,General,https://api.openverse.org/v1/images/6a18d6fd-0157-4a7b-a856-f0a49cecf8a7/thumb/
22438,BALLOON ART MAKE YOUR OWN FLOWERS,1.95,General,https://api.openverse.org/v1/images/61419a75-885c-4e6b-bb24-28b68fb5411b/thumb/
22439,6 ROCKET BALLOONS,0.65,General,https://api.openverse.org/v1/images/6a18d6fd-0157-4a7b-a856-f0a49cecf8a7/thumb/
22440,BALLOON WATER BOMB PACK OF 35,0.42,General,https://api.openverse.org/v1/images/af4cbee4-f59c-473d-b96e-b94e33c3bd35/thumb/
22441,GROW YOUR OWN BASIL IN ENAMEL MUG,2.10,General,https://api.openverse.org/v1/images/5f490aab-714a-4ab0-ba1c-65035a8ab4fb/thumb/
22442,GROW YOUR OWN FLOWERS SET OF 3,7.95,General,https://api.openverse.org/v1/images/61419a75-885c-4e6b-bb24-28b68fb5411b/thumb/
22443,GROW YOUR OWN HERBS SET OF 3,7.95,General,
22444,GROW YOUR OWN PLANT IN A CAN,1.25,General,https://api.openverse.org/v1/images/13ed2519-a959-4401-9699-8f187b39b02d/thumb/
22445,PENCIL CASE LIFE IS BEAUTIFUL,2.95,General,https://api.openverse.org/v1/images/6f4b1c60-a05a-47a1-8e6c-339d3474c9b1/thumb/
22446,PIN CUSHION BABUSHKA PINK,2.51,General,https://api.openverse.org/v1/images/e1bed587-ee31-4508-b01e-bb3b1cca4d35/thumb/
22447,PIN CUSHION BABUSHKA BLUE,3.35,General,https://api.openverse.org/v1/images/e1bed587-ee31-4508-b01e-bb3b1cca4d35/thumb/
22448,PIN CUSHION BABUSHKA RED,3.35,General,https://api.openverse.org/v1/images/e1bed587-ee31-4508-b01e-bb3b1cca4d35/thumb/
22449,SILK PURSE BABUSHKA PINK,3.35,General,https://api.openverse.org/v1/images/e1bed587-ee31-4508-b01e-bb3b1cca4d35/thumb/
22450,SILK PURSE BABUSHKA BLUE,3.35,General,https://api.openverse.org/v1/images/e1bed587-ee31-4508-b01e-bb3b1cca4d35/thumb/
22451,SILK PURSE BABUSHKA RED,3.35,General,https://api.openverse.org/v1/images/e1bed587-ee31-4508-b01e-bb3b1cca4d35/thumb/
22452,MEASURING TAPE BABUSHKA PINK,2.95,General,https://api.openverse.org/v1/images/e1bed587-ee31-4508-b01e-bb3b1cca4d35/thumb/
22453,MEASURING TAPE BABUSHKA BLUE,2.95,General,https://api.openverse.org/v1/images/e1bed587-ee31-4508-b01e-bb3b1cca4d35/thumb/
22454,MEASURING TAPE BABUSHKA RED,2.95,General,https://api.openverse.org/v1/images/e1bed587-ee31-4508-b01e-bb3b1cca4d35/thumb/
22456,NATURAL SLATE CHALKBOARD LARGE,4.95,General,https://api.openverse.org/v1/images/f7850acf-1863-4735-87bf-2124b08734d7/thumb/
22457,NATURAL SLATE HEART CHALKBOARD,2.95,General,https://api.openverse.org/v1/images/f7850acf-1863-4735-87bf-2124b08734d7/thumb/
22458,CAST IRON HOOK GARDEN FORK,2.55,General,https://api.openverse.org/v1/images/f4fa2c09-f4b7-4561-a898-e2b10d4d4de9/thumb/
22459,CAST IRON HOOK GARDEN TROWEL,2.55,General,
22460,EMBOSSED GLASS TEALIGHT HOLDER,1.25,General,https://api.openverse.org/v1/images/dfed723f-0d7e-4814-900e-01daa1b92abc/thumb/
22461,SAVOY ART DECO CLOCK,12.75,General,https://api.openverse.org/v1/images/c214cdd4-b5a6-40f5-9d1b-883b6e386095/thumb/
22464,HANGING METAL HEART LANTERN,1.65,General,
22465,HANGING METAL STAR LANTERN,1.65,General,
22466,FAIRY TALE COTTAGE NIGHTLIGHT,1.95,General,
22467,GUMBALL COAT RACK,2.55,General,
22468,BABUSHKA LIGHTS STRING OF 10,6.75,General,
22469,HEART OF WICKER SMALL,1.65,General,https://api.openverse.org/v1/images/359f0abc-1878-4c88-99dc-4815d2588ead/thumb/
22470,HEART OF WICKER LARGE,2.95,General,https://api.openverse.org/v1/images/98f79772-51e8-4b42-9e1c-3a5a4a5d5033/thumb/
22471,TV DINNER TRAY AIR HOSTESS,4.95,General,
22472,TV DINNER TRAY DOLLY GIRL,4.95,General,https://api.openverse.org/v1/images/42478b17-1ad0-447a-ac75-3dfa6b7e5e18/thumb/
22473,TV DINNER TRAY VINTAGE PAISLEY,4.95,General,
22474,SPACEBOY TV DINNER TRAY,4.95,General,https://api.openverse.org/v1/images/f2e4e7aa-e3d0-4c0d-b59a-e717dd128a65/thumb/
22475,SKULL DESIGN TV DINNER TRAY,4.95,General,https://api.openverse.org/v1/images/f2e4e7aa-e3d0-4c0d-b59a-e717dd128a65/thumb/
22476,EMPIRE UNION JACK TV DINNER TRAY,4.95,General,https://api.openverse.org/v1/images/f2e4e7aa-e3d0-4c0d-b59a-e717dd128a65/thumb/
22477,WATERING CAN GARDEN MARKER,1.25,General,
22478,BIRDHOUSE GARDEN MARKER,1.25,General,
22479,DAISY GARDEN MARKER,1.25,General,
22480,RED TEA TOWEL CLASSIC DESIGN,1.25,General,https://api.openverse.org/v1/images/ca0f77db-3c2c-4865-8bae-226eb7ed17ac/thumb/
22481,BLACK TEA TOWEL CLASSIC DESIGN,1.25,General,https://api.openverse.org/v1/images/ca0f77db-3c2c-4865-8bae-226eb7ed17ac/thumb/
22482,BLUE TEA TOWEL CLASSIC DESIGN,1.25,General,https://api.openverse.org/v1/images/ca0f77db-3c2c-4865-8bae-226eb7ed17ac/thumb/
22483,RED GINGHAM TEDDY BEAR,2.95,General,https://api.openverse.org/v1/images/0804295a-5526-4a49-b05d-599106ade818/thumb/
22485,SET OF 2 WOODEN MARKET CRATES,12.75,General,https://api.openverse.org/v1/images/1a44eb0c-2346-4dc7-9230-e593f4e34bee/thumb/
22486,PLASMATRONIC LAMP,8.29,General,
22487,WHITE WOOD GARDEN PLANT LADDER,9.95,General,
22488,NATURAL SLATE RECTANGLE CHALKBOARD,1.65,General,https://api.openverse.org/v1/images/f7850acf-1863-4735-87bf-2124b08734d7/thumb/
22489,PACK OF 12 TRADITIONAL CRAYONS,0.42,General,https://api.openverse.org/v1/images/43d00ef5-cdb9-49e9-918e-95ee26ab133b/thumb/
22491,PACK OF 12 COLOURED PENCILS,0.85,General,
22492,MINI PAINT SET VINTAGE,0.65,General,
22493,PAINT YOUR OWN CANVAS SET,1.65,General,https://api.openverse.org/v1/images/bc1e691e-b1fd-4b81-a05d-6e788900d573/thumb/
22494,EMERGENCY FIRST AID TIN,1.25,General,https://api.openverse.org/v1/images/348bc62a-d0d7-4ac6-be4f-77ebbd27b328/thumb/
22495,SET OF 2 ROUND TINS CAMEMBERT,2.95,General,https://api.openverse.org/v1/images/b6845cbc-dde9-4d03-8649-75d15ea80b5c/thumb/
22496,SET OF 2 ROUND TINS DUTCH CHEESE,2.95,General,https://api.openverse.org/v1/images/f9e91269-933d-48bb-b437-5405732ffb9d/thumb/
22497,SET OF 2 TINS VINTAGE BATHROOM,4.25,General,https://api.openverse.org/v1/images/6bb3889a-af32-4c5d-b7c5-afca88663df2/thumb/
22498,WOODEN REGATTA BUNTING,5.95,General,https://api.openverse.org/v1/images/1a953731-c4da-4d60-8b00-df1c28a9ca24/thumb/
22499,WOODEN UNION JACK BUNTING,5.95,General,https://api.openverse.org/v1/images/1a953731-c4da-4d60-8b00-df1c28a9ca24/thumb/
22500,SET OF 2 TINS JARDIN DE PROVENCE,4.95,General,
22501,PICNIC BASKET WICKER LARGE,9.95,General,
22502,PICNIC BASKET WICKER SMALL,5.95,General,
22503,CABIN BAG VINTAGE PAISLEY,29.95,General,
22504,CABIN BAG VINTAGE RETROSPOT,29.95,General,https://api.openverse.org/v1/images/cb3e1d79-54b4-47d2-9678-84b342331819/thumb/
22505,MEMO BOARD COTTAGE DESIGN,4.95,General,https://api.openverse.org/v1/images/c842bcf8-0c29-40cd-a3e2-103b888b829b/thumb/
22507,MEMO BOARD RETROSPOT  DESIGN,4.95,General,https://api.openverse.org/v1/images/2d1fd16e-8da4-4ab3-a21c-bfb27d2aa3de/thumb/
22508,DOORSTOP RETROSPOT HEART,3.75,General,https://api.openverse.org/v1/images/edd89cc9-1a79-4f0a-aaad-a735de7ce10b/thumb/
22509,SEWING BOX RETROSPOT DESIGN,16.95,General,https://api.openverse.org/v1/images/1190a5b6-5e15-4eb7-a0c8-ec57704d85aa/thumb/
22510,GINGHAM BABUSHKA DOORSTOP,3.75,General,https://api.openverse.org/v1/images/edd89cc9-1a79-4f0a-aaad-a735de7ce10b/thumb/
22511,RETROSPOT BABUSHKA DOORSTOP,3.75,General,https://api.openverse.org/v1/images/edd89cc9-1a79-4f0a-aaad-a735de7ce10b/thumb/
22512,DOORSTOP RACING CAR DESIGN,3.75,General,https://api.openverse.org/v1/images/0d6afa92-6678-49b0-86df-37154a083a32/thumb/
22513,DOORSTOP FOOTBALL DESIGN,3.75,General,https://api.openverse.org/v1/images/7ba872ad-2c27-4d3d-abaa-26ce49a65b2d/thumb/
22514,CHILDS GARDEN SPADE BLUE,2.10,General,
22515,CHILDS GARDEN SPADE PINK,2.10,General,
22516,CHILDS GARDEN RAKE BLUE,2.10,General,
22517,CHILDS GARDEN RAKE PINK,2.10,General,
22518,CHILDS GARDEN BRUSH BLUE,2.10,General,https://api.openverse.org/v1/images/375720dc-c31f-4bd8-bb1c-ce7cbbfae838/thumb/
22519,CHILDS GARDEN BRUSH PINK,2.10,General,https://api.openverse.org/v1/images/375720dc-c31f-4bd8-bb1c-ce7cbbfae838/thumb/
22520,CHILDS GARDEN TROWEL BLUE,0.85,General,
22521,CHILDS GARDEN TROWEL PINK,0.85,General,
22522,CHILDS GARDEN FORK BLUE,0.85,General,https://api.openverse.org/v1/images/f4fa2c09-f4b7-4561-a898-e2b10d4d4de9/thumb/
22523,CHILDS GARDEN FORK PINK,0.85,General,https://api.openverse.org/v1/images/f4fa2c09-f4b7-4561-a898-e2b10d4d4de9/thumb/
22524,CHILDRENS GARDEN GLOVES BLUE,1.25,General,https://api.openverse.org/v1/images/829b34ac-e094-4745-ad21-86d40a4a70a0/thumb/
22525,CHILDRENS GARDEN GLOVES PINK,1.25,General,https://api.openverse.org/v1/images/829b34ac-e094-4745-ad21-86d40a4a70a0/thumb/
22526,WHEELBARROW FOR CHILDREN,12.75,General,https://api.openverse.org/v1/images/7fb9581f-824a-4e8a-8483-b958cd50855c/thumb/
22528,GARDENERS KNEELING PAD,1.25,General,
22529,MAGIC DRAWING SLATE GO TO THE FAIR,0.42,General,https://api.openverse.org/v1/images/55b5517a-23d9-418d-bfd7-03010483b925/thumb/
22530,MAGIC DRAWING SLATE DOLLY GIRL,0.42,General,https://api.openverse.org/v1/images/42478b17-1ad0-447a-ac75-3dfa6b7e5e18/thumb/
22531,MAGIC DRAWING SLATE CIRCUS PARADE,0.42,General,
22532,MAGIC DRAWING SLATE LEAP FROG,0.42,General,https://api.openverse.org/v1/images/a0c70269-027f-4080-887c-6ff104379fff/thumb/
22533,MAGIC DRAWING SLATE BAKE A CAKE,0.42,General,https://api.openverse.org/v1/images/e3f04f4d-9346-44e6-80a8-f160171979a3/thumb/
22534,MAGIC DRAWING SLATE SPACEBOY,0.42,General,
22535,MAGIC DRAWING SLATE BUNNIES,0.42,General,https://api.openverse.org/v1/images/874159dc-219d-4c09-8f30-f4075070f063/thumb/
22536,MAGIC DRAWING SLATE PURDEY,0.42,General,
22537,MAGIC DRAWING SLATE DINOSAUR,0.42,General,https://api.openverse.org/v1/images/146a2019-cafb-406d-ae4d-2e8e91949745/thumb/
22538,MINI JIGSAW GO TO THE FAIR,0.42,General,https://api.openverse.org/v1/images/55b5517a-23d9-418d-bfd7-03010483b925/thumb/
22539,MINI JIGSAW DOLLY GIRL,0.42,General,https://api.openverse.org/v1/images/42478b17-1ad0-447a-ac75-3dfa6b7e5e18/thumb/
22540,MINI JIGSAW CIRCUS PARADE,0.42,General,
22541,MINI JIGSAW LEAP FROG,0.42,General,https://api.openverse.org/v1/images/a0c70269-027f-4080-887c-6ff104379fff/thumb/
22543,MINI JIGSAW BAKE A CAKE,0.42,General,https://api.openverse.org/v1/images/e3f04f4d-9346-44e6-80a8-f160171979a3/thumb/
22544,MINI JIGSAW SPACEBOY,0.42,General,
22545,MINI JIGSAW BUNNIES,0.42,General,https://api.openverse.org/v1/images/874159dc-219d-4c09-8f30-f4075070f063/thumb/
22546,MINI JIGSAW PURDEY,0.42,General,
22547,MINI JIGSAW DINOSAUR,0.42,General,https://api.openverse.org/v1/images/146a2019-cafb-406d-ae4d-2e8e91949745/thumb/
22548,HEADS AND TAILS SPORTING FUN,1.25,General,https://api.openverse.org/v1/images/e52a7853-5efe-45d4-a59f-35308bfe1fd2/thumb/
22549,PICTURE DOMINOES,1.45,General,https://api.openverse.org/v1/images/1b824e38-d2fe-4058-bf14-dfaa9722526d/thumb/
22550,HOLIDAY FUN LUDO,3.75,General,
22551,PLASTERS IN TIN SPACEBOY,1.65,General,
22553,PLASTERS IN TIN SKULLS,1.65,General,
22554,PLASTERS IN TIN WOODLAND ANIMALS,1.65,General,https://api.openverse.org/v1/images/02e00a12-c1d2-4e99-b076-85d304faf263/thumb/
22555,PLASTERS IN TIN STRONGMAN,1.65,General,
22556,PLASTERS IN TIN CIRCUS PARADE,1.65,General,
22557,PLASTERS IN TIN VINTAGE PAISLEY,1.65,General,
22558,CLOTHES PEGS RETROSPOT PACK 24,1.49,General,
22559,SEASIDE FLYING DISC,1.25,General,https://api.openverse.org/v1/images/95c21b93-a8f2-4906-ab3f-7e58c8e652c3/thumb/
22560,TRADITIONAL MODELLING CLAY,1.25,General,https://api.openverse.org/v1/images/4cec3f0d-d098-4950-8568-902e56294869/thumb/
22561,WOODEN SCHOOL COLOURING SET,1.65,General,https://api.openverse.org/v1/images/d2ee2733-1dcb-4688-878a-30c3ce79215f/thumb/
22562,MONSTERS STENCIL CRAFT,1.25,General,https://api.openverse.org/v1/images/aa660343-0fb7-4883-a5f7-94836cec1234/thumb/
22563,HAPPY STENCIL CRAFT,1.25,General,https://api.openverse.org/v1/images/aa660343-0fb7-4883-a5f7-94836cec1234/thumb/
22564,ALPHABET STENCIL CRAFT,1.25,General,https://api.openverse.org/v1/images/aa660343-0fb7-4883-a5f7-94836cec1234/thumb/
22565,FELTCRAFT HAIRBANDS PINK AND WHITE,0.85,General,https://api.openverse.org/v1/images/f92d6dc3-421f-4c58-a509-0c7b258682c5/thumb/
22566,FELTCRAFT HAIRBAND PINK AND PURPLE,0.85,General,
22567,20 DOLLY PEGS RETROSPOT,1.25,General,
22568,FELTCRAFT CUSHION OWL,3.75,General,
22569,FELTCRAFT CUSHION BUTTERFLY,3.75,General,https://api.openverse.org/v1/images/edc6d028-8bf4-4f0b-b590-dcaace881890/thumb/
22570,FELTCRAFT CUSHION RABBIT,3.75,General,
22571,ROCKING HORSE RED CHRISTMAS,0.85,General,
22572,ROCKING HORSE GREEN CHRISTMAS,0.85,General,
22573,STAR WOODEN CHRISTMAS DECORATION,0.85,General,https://api.openverse.org/v1/images/e9d6182a-6d55-46e6-9bfc-a1084236113a/thumb/
22574,HEART WOODEN CHRISTMAS DECORATION,0.85,General,https://api.openverse.org/v1/images/e9d6182a-6d55-46e6-9bfc-a1084236113a/thumb/
22575,METAL MERRY CHRISTMAS WREATH,1.95,General,
22576,SWALLOW WOODEN CHRISTMAS DECORATION,0.85,General,https://api.openverse.org/v1/images/e9d6182a-6d55-46e6-9bfc-a1084236113a/thumb/
22577,WOODEN HEART CHRISTMAS SCANDINAVIAN,0.85,General,
22578,WOODEN STAR CHRISTMAS SCANDINAVIAN,0.83,General,
22579,WOODEN TREE CHRISTMAS SCANDINAVIAN,0.85,General,
22580,ADVENT CALENDAR GINGHAM SACK,5.95,General,
22581,WOOD STOCKING CHRISTMAS SCANDISPOT,0.85,General,
22582,PACK OF 6 SWEETIE GIFT BOXES,2.55,General,https://api.openverse.org/v1/images/1190a5b6-5e15-4eb7-a0c8-ec57704d85aa/thumb/
22583,PACK OF 6 HANDBAG GIFT BOXES,2.55,General,https://api.openverse.org/v1/images/1190a5b6-5e15-4eb7-a0c8-ec57704d85aa/thumb/
22584,PACK OF 6 PANNETONE GIFT BOXES,2.55,General,https://api.openverse.org/v1/images/1190a5b6-5e15-4eb7-a0c8-ec57704d85aa/thumb/
22585,PACK OF 6 BIRDY GIFT TAGS,1.25,General,
22586,FELTCRAFT HAIRBAND PINK AND BLUE,0.85,General,https://api.openverse.org/v1/images/f92d6dc3-421f-4c58-a509-0c7b258682c5/thumb/
22587,FELTCRAFT HAIRBAND RED AND BLUE,0.85,General,https://api.openverse.org/v1/images/f92d6dc3-421f-4c58-a509-0c7b258682c5/thumb/
22588,CARD HOLDER GINGHAM HEART,2.55,General,https://api.openverse.org/v1/images/6760dd66-c96f-4e74-ba1f-1e6edee77d72/thumb/
22589,CARDHOLDER GINGHAM STAR,2.55,General,https://api.openverse.org/v1/images/6760dd66-c96f-4e74-ba1f-1e6edee77d72/thumb/
22591,CARDHOLDER GINGHAM CHRISTMAS TREE,2.55,General,https://api.openverse.org/v1/images/d224c01b-ea04-4ba0-abfa-30a0b719aa66/thumb/
22592,CARDHOLDER HOLLY WREATH METAL,3.75,General,
22593,CHRISTMAS GINGHAM STAR,0.85,General,https://api.openverse.org/v1/images/6760dd66-c96f-4e74-ba1f-1e6edee77d72/thumb/
22594,CHRISTMAS GINGHAM TREE,0.85,General,https://api.openverse.org/v1/images/d224c01b-ea04-4ba0-abfa-30a0b719aa66/thumb/
22595,GINGHAM HEART DECORATION,0.85,General,https://api.openverse.org/v1/images/e9d6182a-6d55-46e6-9bfc-a1084236113a/thumb/
22596,CHRISTMAS STAR WISH LIST CHALKBOARD,1.25,General,https://api.openverse.org/v1/images/f7850acf-1863-4735-87bf-2124b08734d7/thumb/
22597,MUSICAL ZINC HEART DECORATION,0.85,General,https://api.openverse.org/v1/images/e9d6182a-6d55-46e6-9bfc-a1084236113a/thumb/
22598,CHRISTMAS MUSICAL ZINC TREE,0.83,General,https://api.openverse.org/v1/images/d224c01b-ea04-4ba0-abfa-30a0b719aa66/thumb/
22599,CHRISTMAS MUSICAL ZINC STAR,0.83,General,
22600,CHRISTMAS RETROSPOT STAR WOOD,0.85,General,
22601,CHRISTMAS RETROSPOT ANGEL WOOD,0.85,General,https://api.openverse.org/v1/images/4ecc7ae2-d8b7-4f08-b6ae-0e6c1eb67a55/thumb/
22602,CHRISTMAS RETROSPOT HEART WOOD,0.85,General,
22603,CHRISTMAS RETROSPOT TREE WOOD,0.85,General,https://api.openverse.org/v1/images/d224c01b-ea04-4ba0-abfa-30a0b719aa66/thumb/
22604,SET OF 4 NAPKIN CHARMS CUTLERY,2.55,General,https://api.openverse.org/v1/images/bb4c5a31-7068-48c8-b76a-7bb03b457303/thumb/
22605,WOODEN CROQUET GARDEN SET,12.75,General,https://api.openverse.org/v1/images/86ec59f2-d0c8-41e9-b1ec-0619170d115f/thumb/
22606,WOODEN SKITTLES GARDEN SET,15.95,General,https://api.openverse.org/v1/images/86ec59f2-d0c8-41e9-b1ec-0619170d115f/thumb/
22607,WOODEN ROUNDERS GARDEN SET,8.50,General,https://api.openverse.org/v1/images/86ec59f2-d0c8-41e9-b1ec-0619170d115f/thumb/
22608,PENS ASSORTED FUNKY JEWELED,0.42,General,
22609,PENS ASSORTED SPACEBALL,0.21,General,
22610,PENS ASSORTED FUNNY FACE,0.21,General,https://api.openverse.org/v1/images/4d457867-a044-4ebc-8341-836ff69d3469/thumb/
22611,VINTAGE UNION JACK SHOPPING BAG,4.95,General,https://api.openverse.org/v1/images/cb3e1d79-54b4-47d2-9678-84b342331819/thumb/
22612,TEA COSY VINTAGE UNION JACK,3.75,General,
22613,PACK OF 20 SPACEBOY NAPKINS,0.85,General,
22614,PACK OF 12 SPACEBOY TISSUES,0.29,General,
22615,PACK OF 12 CIRCUS PARADE TISSUES,0.29,General,
22616,PACK OF 12 LONDON TISSUES,0.29,General,
22617,BAKING SET SPACEBOY DESIGN,4.95,General,
22618,COOKING SET RETROSPOT,9.95,General,https://api.openverse.org/v1/images/23987ad3-9da2-46da-94b1-e36d79df9620/thumb/
22619,SET OF 6 SOLDIER SKITTLES,3.75,General,
22620,4 TRADITIONAL SPINNING TOPS,1.45,General,
22621,TRADITIONAL KNITTING NANCY,1.65,General,
22622,BOX OF VINTAGE ALPHABET BLOCKS,9.95,General,https://api.openverse.org/v1/images/1788672a-a60e-44cf-91b9-2cf1be3d9d14/thumb/
22623,BOX OF VINTAGE JIGSAW BLOCKS,4.95,General,https://api.openverse.org/v1/images/1788672a-a60e-44cf-91b9-2cf1be3d9d14/thumb/
22624,IVORY KITCHEN SCALES,8.50,General,
22625,RED KITCHEN SCALES,8.50,General,
22626,BLACK KITCHEN SCALES,8.50,General,
22627,MINT KITCHEN SCALES,8.50,General,
22628,PICNIC BOXES SET OF 3 RETROSPOT,4.95,General,https://api.openverse.org/v1/images/1190a5b6-5e15-4eb7-a0c8-ec57704d85aa/thumb/
22629,SPACEBOY LUNCH BOX,1.95,General,https://api.openverse.org/v1/images/1190a5b6-5e15-4eb7-a0c8-ec57704d85aa/thumb/
22630,DOLLY GIRL LUNCH BOX,1.95,General,https://api.openverse.org/v1/images/1190a5b6-5e15-4eb7-a0c8-ec57704d85aa/thumb/
22631,CIRCUS PARADE LUNCH BOX,1.95,General,https://api.openverse.org/v1/images/1190a5b6-5e15-4eb7-a0c8-ec57704d85aa/thumb/
22632,HAND WARMER RED RETROSPOT,2.10,General,
22633,HAND WARMER UNION JACK,2.10,General,
22634,CHILDS BREAKFAST SET SPACEBOY,9.95,General,
22635,CHILDS BREAKFAST SET DOLLY GIRL,9.95,General,https://api.openverse.org/v1/images/42478b17-1ad0-447a-ac75-3dfa6b7e5e18/thumb/
22636,CHILDS BREAKFAST SET CIRCUS PARADE,8.50,General,
22637,PIGGY BANK RETROSPOT,2.55,General,https://api.openverse.org/v1/images/0ec9d4f0-ee00-435a-9f52-246890937f89/thumb/
22638,SET OF 4 NAPKIN CHARMS CROWNS,2.55,General,https://api.openverse.org/v1/images/5c62b339-1c09-432c-b5ba-a2f4e87b14e5/thumb/
22639,SET OF 4 NAPKIN CHARMS HEARTS,2.55,General,
22640,SET OF 4 NAPKIN CHARMS 3 KEYS,2.55,General,
22641,SET OF 4 NAPKIN CHARMS INSTRUMENT,2.55,General,
22642,SET OF 4 NAPKIN CHARMS STARS,2.55,General,
22643,SET OF 4 NAPKIN CHARMS LEAVES,2.55,General,
22644,CERAMIC CHERRY CAKE MONEY BANK,1.45,General,https://api.openverse.org/v1/images/0ec9d4f0-ee00-435a-9f52-246890937f89/thumb/
22645,CERAMIC HEART FAIRY CAKE MONEY BANK,1.45,General,https://api.openverse.org/v1/images/0ec9d4f0-ee00-435a-9f52-246890937f89/thumb/
22646,CERAMIC STRAWBERRY CAKE MONEY BANK,1.45,General,https://api.openverse.org/v1/images/0ec9d4f0-ee00-435a-9f52-246890937f89/thumb/
22647,CERAMIC LOVE HEART MONEY BANK,1.45,General,https://api.openverse.org/v1/images/0ec9d4f0-ee00-435a-9f52-246890937f89/thumb/
22649,STRAWBERRY FAIRY CAKE TEAPOT,4.95,General,
22650,CERAMIC PIRATE CHEST MONEY BANK,1.45,General,https://api.openverse.org/v1/images/0ec9d4f0-ee00-435a-9f52-246890937f89/thumb/
22651,GENTLEMAN SHIRT REPAIR KIT,0.85,General,https://api.openverse.org/v1/images/c7a32cc5-3e99-4b9a-95cd-f5828f50ea34/thumb/
22652,TRAVEL SEWING KIT,1.65,General,https://api.openverse.org/v1/images/c7a32cc5-3e99-4b9a-95cd-f5828f50ea34/thumb/
22653,BUTTON BOX,1.95,General,https://api.openverse.org/v1/images/1190a5b6-5e15-4eb7-a0c8-ec57704d85aa/thumb/
22654,DELUXE SEWING KIT,5.95,General,https://api.openverse.org/v1/images/c7a32cc5-3e99-4b9a-95cd-f5828f50ea34/thumb/
22655,VINTAGE RED KITCHEN CABINET,125.00,General,https://api.openverse.org/v1/images/f4f13708-64ca-4b70-b384-0e3d34fd567f/thumb/
22656,VINTAGE BLUE KITCHEN CABINET,295.00,General,https://api.openverse.org/v1/images/f4f13708-64ca-4b70-b384-0e3d34fd567f/thumb/
22657,HEN & 2 CHICKS IN BASKET,0.85,General,https://api.openverse.org/v1/images/af89ea03-416d-4169-bac7-ba0837176dcc/thumb/
22659,LUNCH BOX I LOVE LONDON,1.95,General,
22660,DOORMAT I LOVE LONDON,7.95,General,
22661,CHARLOTTE BAG DOLLY GIRL DESIGN,0.85,General,https://api.openverse.org/v1/images/42478b17-1ad0-447a-ac75-3dfa6b7e5e18/thumb/
22662,LUNCH BAG DOLLY GIRL DESIGN,1.65,General,https://api.openverse.org/v1/images/42478b17-1ad0-447a-ac75-3dfa6b7e5e18/thumb/
22663,JUMBO BAG DOLLY GIRL DESIGN,2.08,General,https://api.openverse.org/v1/images/42478b17-1ad0-447a-ac75-3dfa6b7e5e18/thumb/
22664,TOY TIDY DOLLY GIRL DESIGN,2.10,General,https://api.openverse.org/v1/images/42478b17-1ad0-447a-ac75-3dfa6b7e5e18/thumb/
22665,RECIPE BOX BLUE SKETCHBOOK DESIGN,2.95,General,
22666,RECIPE BOX PANTRY YELLOW DESIGN,2.95,General,
22667,RECIPE BOX RETROSPOT,2.95,General,https://api.openverse.org/v1/images/1190a5b6-5e15-4eb7-a0c8-ec57704d85aa/thumb/
22668,PINK BABY BUNTING,2.95,General,https://api.openverse.org/v1/images/1a953731-c4da-4d60-8b00-df1c28a9ca24/thumb/
22669,RED BABY BUNTING,2.95,General,https://api.openverse.org/v1/images/1a953731-c4da-4d60-8b00-df1c28a9ca24/thumb/
22670,FRENCH WC SIGN BLUE METAL,1.25,General,https://api.openverse.org/v1/images/4b56ac14-c109-43db-a3b8-6f8491648aef/thumb/
22671,FRENCH LAUNDRY SIGN BLUE METAL,1.65,General,https://api.openverse.org/v1/images/4b56ac14-c109-43db-a3b8-6f8491648aef/thumb/
22672,FRENCH BATHROOM SIGN BLUE METAL,1.65,General,https://api.openverse.org/v1/images/4b56ac14-c109-43db-a3b8-6f8491648aef/thumb/
22673,FRENCH GARDEN SIGN BLUE METAL,1.25,General,https://api.openverse.org/v1/images/4b56ac14-c109-43db-a3b8-6f8491648aef/thumb/
22674,FRENCH TOILET SIGN BLUE METAL,1.25,General,https://api.openverse.org/v1/images/4b56ac14-c109-43db-a3b8-6f8491648aef/thumb/
22675,FRENCH KITCHEN SIGN BLUE METAL,1.25,General,https://api.openverse.org/v1/images/4b56ac14-c109-43db-a3b8-6f8491648aef/thumb/
22676,FRENCH BLUE METAL DOOR SIGN 1,1.25,General,https://api.openverse.org/v1/images/4b56ac14-c109-43db-a3b8-6f8491648aef/thumb/
22677,FRENCH BLUE METAL DOOR SIGN 2,1.25,General,https://api.openverse.org/v1/images/4b56ac14-c109-43db-a3b8-6f8491648aef/thumb/
22678,FRENCH BLUE METAL DOOR SIGN 3,1.25,General,https://api.openverse.org/v1/images/4b56ac14-c109-43db-a3b8-6f8491648aef/thumb/
22679,FRENCH BLUE METAL DOOR SIGN 4,1.25,General,https://api.openverse.org/v1/images/4b56ac14-c109-43db-a3b8-6f8491648aef/thumb/
22680,FRENCH BLUE METAL DOOR SIGN 5,1.25,General,https://api.openverse.org/v1/images/4b56ac14-c109-43db-a3b8-6f8491648aef/thumb/
22681,FRENCH BLUE METAL DOOR SIGN 6,1.25,General,https://api.openverse.org/v1/images/4b56ac14-c109-43db-a3b8-6f8491648aef/thumb/
22682,FRENCH BLUE METAL DOOR SIGN 7,1.25,General,https://api.openverse.org/v1/images/4b56ac14-c109-43db-a3b8-6f8491648aef/thumb/
22683,FRENCH BLUE METAL DOOR SIGN 8,1.25,General,https://api.openverse.org/v1/images/4b56ac14-c109-43db-a3b8-6f8491648aef/thumb/
22684,FRENCH BLUE METAL DOOR SIGN 9,1.25,General,https://api.openverse.org/v1/images/4b56ac14-c109-43db-a3b8-6f8491648aef/thumb/
22685,FRENCH BLUE METAL DOOR SIGN 0,1.25,General,https://api.openverse.org/v1/images/4b56ac14-c109-43db-a3b8-6f8491648aef/thumb/
22686,FRENCH BLUE METAL DOOR SIGN No,1.25,General,https://api.openverse.org/v1/images/4b56ac14-c109-43db-a3b8-6f8491648aef/thumb/
22687,DOORMAT CHRISTMAS VILLAGE,7.95,General,
22688,DOORMAT PEACE ON EARTH BLUE,7.95,General,https://api.openverse.org/v1/images/8c194029-26c7-4fbe-9c35-fff2c4d9cbd6/thumb/
22689,DOORMAT MERRY CHRISTMAS RED,7.95,General,
22690,DOORMAT HOME SWEET HOME BLUE,7.95,General,
22691,DOORMAT WELCOME SUNRISE,7.95,General,
22692,DOORMAT WELCOME TO OUR HOME,7.95,General,
22693,GROW A FLYTRAP OR SUNFLOWER IN TIN,1.25,General,https://api.openverse.org/v1/images/348bc62a-d0d7-4ac6-be4f-77ebbd27b328/thumb/
22694,WICKER STAR,2.10,General,
22695,WICKER WREATH SMALL,1.45,General,
22696,WICKER WREATH LARGE,1.95,General,
22697,GREEN REGENCY TEACUP AND SAUCER,2.95,General,https://api.openverse.org/v1/images/78db50d0-c6cf-4391-899d-e1c3a133820e/thumb/
22698,PINK REGENCY TEACUP AND SAUCER,2.95,General,https://api.openverse.org/v1/images/78db50d0-c6cf-4391-899d-e1c3a133820e/thumb/
22699,ROSES REGENCY TEACUP AND SAUCER,2.95,General,https://api.openverse.org/v1/images/78db50d0-c6cf-4391-899d-e1c3a133820e/thumb/
22700,BLACK AND WHITE DOG BOWL,2.95,General,https://api.openverse.org/v1/images/dcf29c13-b3ea-4a75-91c9-6c5892fc52c7/thumb/
22701,PINK DOG BOWL,2.95,General,https://api.openverse.org/v1/images/dcf29c13-b3ea-4a75-91c9-6c5892fc52c7/thumb/
22702,BLACK AND WHITE CAT BOWL,2.10,General,https://api.openverse.org/v1/images/dcf29c13-b3ea-4a75-91c9-6c5892fc52c7/thumb/
22703,PINK CAT BOWL,1.63,General,https://api.openverse.org/v1/images/dcf29c13-b3ea-4a75-91c9-6c5892fc52c7/thumb/
22704,WRAP RED APPLES,0.42,General,https://api.openverse.org/v1/images/abe939b0-9741-4d30-b63e-19b08b3baf71/thumb/
22705,WRAP GREEN PEARS,0.42,General,
22706,WRAP COWBOYS,0.42,General,https://api.openverse.org/v1/images/86cec092-7c35-4011-9715-a0da3608b89f/thumb/
22707,WRAP MONSTER FUN,0.42,General,https://api.openverse.org/v1/images/e52a7853-5efe-45d4-a59f-35308bfe1fd2/thumb/
22708,WRAP DOLLY GIRL,0.42,General,https://api.openverse.org/v1/images/42478b17-1ad0-447a-ac75-3dfa6b7e5e18/thumb/
22709,WRAP WEDDING DAY,0.42,General,https://api.openverse.org/v1/images/08ce4817-a9d9-4624-ac37-ddea4f7d52b6/thumb/
22710,WRAP I LOVE LONDON,0.42,General,
22711,WRAP CIRCUS PARADE,0.42,General,
22712,CARD DOLLY GIRL,0.42,General,https://api.openverse.org/v1/images/42478b17-1ad0-447a-ac75-3dfa6b7e5e18/thumb/
22713,CARD I LOVE LONDON,0.42,General,
22714,CARD BIRTHDAY COWBOY,0.42,General,https://api.openverse.org/v1/images/86cec092-7c35-4011-9715-a0da3608b89f/thumb/
22715,CARD WEDDING DAY,0.42,General,https://api.openverse.org/v1/images/08ce4817-a9d9-4624-ac37-ddea4f7d52b6/thumb/
22716,CARD CIRCUS PARADE,0.42,General,
22717,CARD DOG AND BALL,0.42,General,https://api.openverse.org/v1/images/971070ab-c6c2-40a3-89d2-1103bb39a07f/thumb/
22718,CARD CAT AND TREE,0.42,General,https://api.openverse.org/v1/images/d224c01b-ea04-4ba0-abfa-30a0b719aa66/thumb/
22719,GUMBALL MONOCHROME COAT RACK,2.46,General,
22720,SET OF 3 CAKE TINS PANTRY DESIGN,4.95,General,
22721,SET OF 3 CAKE TINS SKETCHBOOK,4.95,General,
22722,SET OF 6 SPICE TINS PANTRY DESIGN,3.95,General,
22723,SET OF 6 HERB TINS SKETCHBOOK,3.95,General,
22725,ALARM CLOCK BAKELIKE CHOCOLATE,3.75,General,https://api.openverse.org/v1/images/5a7df0c3-2347-4e26-aa2a-a5a80758a9af/thumb/
22726,ALARM CLOCK BAKELIKE GREEN,3.75,General,https://api.openverse.org/v1/images/33912185-6533-43f3-ada6-8a8167a9f66f/thumb/
22727,ALARM CLOCK BAKELIKE RED,3.75,General,https://api.openverse.org/v1/images/33912185-6533-43f3-ada6-8a8167a9f66f/thumb/
22728,ALARM CLOCK BAKELIKE PINK,3.75,General,
22729,ALARM CLOCK BAKELIKE ORANGE,3.75,General,
22730,ALARM CLOCK BAKELIKE IVORY,3.75,General,
22731,3D CHRISTMAS STAMPS STICKERS,1.25,General,https://api.openverse.org/v1/images/713edf7e-d3be-4993-b671-7372c1d675fa/thumb/
22732,3D VINTAGE CHRISTMAS STICKERS,1.25,General,https://api.openverse.org/v1/images/713edf7e-d3be-4993-b671-7372c1d675fa/thumb/
22733,3D TRADITIONAL CHRISTMAS STICKERS,1.25,General,https://api.openverse.org/v1/images/713edf7e-d3be-4993-b671-7372c1d675fa/thumb/
22734,SET OF 6 RIBBONS VINTAGE CHRISTMAS,2.89,General,
22735,RIBBON REEL SOCKS AND MITTENS,1.65,General,
22736,RIBBON REEL MAKING SNOWMEN,1.65,General,
22737,RIBBON REEL CHRISTMAS PRESENT,1.65,General,
22738,RIBBON REEL SNOWY VILLAGE,1.65,General,
22739,RIBBON REEL CHRISTMAS SOCK BAUBLE,1.65,General,https://api.openverse.org/v1/images/34c4d1eb-4502-4372-bf12-be02d55b974f/thumb/
22740,POLKADOT PEN,0.85,General,
22741,FUNKY DIVA PEN,0.85,General,
22742,MAKE YOUR OWN PLAYTIME CARD KIT,2.95,General,https://api.openverse.org/v1/images/c7a32cc5-3e99-4b9a-95cd-f5828f50ea34/thumb/
22743,MAKE YOUR OWN FLOWERPOWER CARD KIT,2.95,General,https://api.openverse.org/v1/images/c7a32cc5-3e99-4b9a-95cd-f5828f50ea34/thumb/
22744,MAKE YOUR OWN MONSOON CARD KIT,2.95,General,https://api.openverse.org/v1/images/c7a32cc5-3e99-4b9a-95cd-f5828f50ea34/thumb/
22745,POPPY'S PLAYHOUSE BEDROOM,2.10,General,https://api.openverse.org/v1/images/1d9f29c7-75a6-4e68-aaf8-a95ffa3bbe28/thumb/
22746,POPPY'S PLAYHOUSE LIVINGROOM,2.10,General,
22747,POPPY'S PLAYHOUSE BATHROOM,2.10,General,https://api.openverse.org/v1/images/6bb3889a-af32-4c5d-b7c5-afca88663df2/thumb/
22748,POPPY'S PLAYHOUSE KITCHEN,2.10,General,
22749,FELTCRAFT PRINCESS CHARLOTTE DOLL,3.75,General,https://api.openverse.org/v1/images/86785c8f-616f-497d-b6cb-61b50455b84b/thumb/
22750,FELTCRAFT PRINCESS LOLA DOLL,3.75,General,https://api.openverse.org/v1/images/86785c8f-616f-497d-b6cb-61b50455b84b/thumb/
22751,FELTCRAFT PRINCESS OLIVIA DOLL,3.75,General,https://api.openverse.org/v1/images/86785c8f-616f-497d-b6cb-61b50455b84b/thumb/
22752,SET 7 BABUSHKA NESTING BOXES,8.50,General,https://api.openverse.org/v1/images/1190a5b6-5e15-4eb7-a0c8-ec57704d85aa/thumb/
22753,SMALL YELLOW BABUSHKA NOTEBOOK,0.85,General,https://api.openverse.org/v1/images/bc534457-cd5d-4887-ad2c-f42c33344be5/thumb/
22754,SMALL RED BABUSHKA NOTEBOOK,0.85,General,https://api.openverse.org/v1/images/bc534457-cd5d-4887-ad2c-f42c33344be5/thumb/
22755,SMALL PURPLE BABUSHKA NOTEBOOK,0.85,General,https://api.openverse.org/v1/images/bc534457-cd5d-4887-ad2c-f42c33344be5/thumb/
22756,LARGE YELLOW BABUSHKA NOTEBOOK,1.25,General,https://api.openverse.org/v1/images/bc534457-cd5d-4887-ad2c-f42c33344be5/thumb/
22757,LARGE RED BABUSHKA NOTEBOOK,1.25,General,https://api.openverse.org/v1/images/bc534457-cd5d-4887-ad2c-f42c33344be5/thumb/
22758,LARGE PURPLE BABUSHKA NOTEBOOK,1.25,General,https://api.openverse.org/v1/images/bc534457-cd5d-4887-ad2c-f42c33344be5/thumb/
22759,SET OF 3 NOTEBOOKS IN PARCEL,1.65,General,
22760,"TRAY, BREAKFAST IN BED",12.75,General,https://api.openverse.org/v1/images/cd999752-d39f-4942-b425-85a91f9220e8/thumb/
22761,CHEST 7 DRAWER MA CAMPAGNE,24.95,General,https://api.openverse.org/v1/images/cecc0e5a-b486-47d0-8b22-fb62f5e7203c/thumb/
22762,CUPBOARD 3 DRAWER MA CAMPAGNE,14.95,General,https://api.openverse.org/v1/images/cecc0e5a-b486-47d0-8b22-fb62f5e7203c/thumb/
22763,KEY CABINET MA CAMPAGNE,9.95,General,https://api.openverse.org/v1/images/cecc0e5a-b486-47d0-8b22-fb62f5e7203c/thumb/
22764,"RUSTIC WOODEN CABINET, GLASS DOORS",24.95,General,https://api.openverse.org/v1/images/f1e5deb0-058d-401e-ba71-ea388f9454d0/thumb/
22765,NEWSPAPER STAND,14.95,General,https://api.openverse.org/v1/images/1c805922-fd5f-49af-9cb5-f438ca31390b/thumb/
22766,PHOTO FRAME CORNICE,2.95,General,https://api.openverse.org/v1/images/cb062cf4-c52b-4a7c-b524-f18adbb4604f/thumb/
22767,TRIPLE PHOTO FRAME CORNICE,9.95,General,https://api.openverse.org/v1/images/cb062cf4-c52b-4a7c-b524-f18adbb4604f/thumb/
22768,FAMILY PHOTO FRAME CORNICE,9.95,General,https://api.openverse.org/v1/images/cb062cf4-c52b-4a7c-b524-f18adbb4604f/thumb/
22769,CHALKBOARD KITCHEN ORGANISER,24.95,General,
22770,MIRROR CORNICE,14.95,General,https://api.openverse.org/v1/images/cb062cf4-c52b-4a7c-b524-f18adbb4604f/thumb/
22771,CLEAR DRAWER KNOB ACRYLIC EDWARDIAN,1.25,General,https://api.openverse.org/v1/images/39cde11f-d2f5-488a-9a92-e660d8348198/thumb/
22772,PINK DRAWER KNOB ACRYLIC EDWARDIAN,1.25,General,https://api.openverse.org/v1/images/39cde11f-d2f5-488a-9a92-e660d8348198/thumb/
22773,GREEN DRAWER KNOB ACRYLIC EDWARDIAN,1.25,General,https://api.openverse.org/v1/images/39cde11f-d2f5-488a-9a92-e660d8348198/thumb/
22774,RED DRAWER KNOB ACRYLIC EDWARDIAN,1.25,General,https://api.openverse.org/v1/images/39cde11f-d2f5-488a-9a92-e660d8348198/thumb/
22775,PURPLE DRAWERKNOB ACRYLIC EDWARDIAN,1.25,General,https://api.openverse.org/v1/images/39cde11f-d2f5-488a-9a92-e660d8348198/thumb/
22776,SWEETHEART CAKESTAND 3 TIER,9.95,General,
22777,GLASS CLOCHE LARGE,8.50,General,https://api.openverse.org/v1/images/ccf9ef9f-6a1f-4fe5-a904-8755850be554/thumb/
22778,GLASS CLOCHE SMALL,3.95,General,https://api.openverse.org/v1/images/ccf9ef9f-6a1f-4fe5-a904-8755850be554/thumb/
22779,WOODEN OWLS LIGHT GARLAND,4.25,General,https://api.openverse.org/v1/images/a97911af-e24d-4823-8bd3-92fd3af7c472/thumb/
22780,LIGHT GARLAND BUTTERFILES PINK,4.25,General,https://api.openverse.org/v1/images/87ea3730-fc29-47ae-95cb-426cbbb9c69f/thumb/
22781,GUMBALL MAGAZINE RACK,7.65,General,
22782,SET 3 WICKER STORAGE BASKETS,24.95,General,https://api.openverse.org/v1/images/af89ea03-416d-4169-bac7-ba0837176dcc/thumb/
22783,SET 3 WICKER OVAL BASKETS W LIDS,19.95,General,
22784,LANTERN CREAM GAZEBO,4.95,General,https://api.openverse.org/v1/images/42564487-6320-4a50-87c5-548a759a2859/thumb/
22785,SQUARECUSHION COVER PINK UNION FLAG,6.75,General,https://api.openverse.org/v1/images/f0f57df5-5840-4116-b32d-3fef21853f8f/thumb/
22786,CUSHION COVER PINK UNION JACK,5.95,General,
22788,BROCANTE COAT RACK,9.95,General,
22789,T-LIGHT HOLDER SWEETHEART HANGING,1.95,General,
22790,"MIRROR, ARCHED GEORGIAN",19.42,General,https://api.openverse.org/v1/images/e0ac4847-5e04-4efa-a718-89c39677b352/thumb/
22791,T-LIGHT GLASS FLUTED ANTIQUE,1.25,General,https://api.openverse.org/v1/images/397baaa3-982a-49ae-8b7a-108fe8bc256c/thumb/
22792,FLUTED ANTIQUE CANDLE HOLDER,0.85,General,https://api.openverse.org/v1/images/dfed723f-0d7e-4814-900e-01daa1b92abc/thumb/
22794,SWEETHEART WIRE MAGAZINE RACK,7.95,General,
22795,SWEETHEART RECIPE BOOK STAND,6.75,General,https://api.openverse.org/v1/images/1c805922-fd5f-49af-9cb5-f438ca31390b/thumb/
22796,PHOTO FRAME 3 CLASSIC HANGING,9.95,General,https://api.openverse.org/v1/images/ca0f77db-3c2c-4865-8bae-226eb7ed17ac/thumb/
22797,CHEST OF DRAWERS GINGHAM HEART,16.95,General,https://api.openverse.org/v1/images/6760dd66-c96f-4e74-ba1f-1e6edee77d72/thumb/
22798,ANTIQUE GLASS DRESSING TABLE POT,2.95,General,
22799,SWEETHEART WIRE FRUIT BOWL,8.50,General,https://api.openverse.org/v1/images/dcf29c13-b3ea-4a75-91c9-6c5892fc52c7/thumb/
22800,ANTIQUE TALL SWIRLGLASS TRINKET POT,3.75,General,
22801,ANTIQUE GLASS PEDESTAL BOWL,3.75,General,https://api.openverse.org/v1/images/dcf29c13-b3ea-4a75-91c9-6c5892fc52c7/thumb/
22802,FAUX FUR CHOCOLATE THROW,19.95,General,
22803,IVORY EMBROIDERED QUILT,35.75,General,
22804,CANDLEHOLDER PINK HANGING HEART,2.95,General,https://api.openverse.org/v1/images/f4dd512b-9488-4224-9214-6e6a1a7747e6/thumb/
22805,BLUE DRAWER KNOB ACRYLIC EDWARDIAN,1.25,General,https://api.openverse.org/v1/images/39cde11f-d2f5-488a-9a92-e660d8348198/thumb/
22806,SET OF 6 T-LIGHTS WEDDING CAKE,2.95,General,https://api.openverse.org/v1/images/e3f04f4d-9346-44e6-80a8-f160171979a3/thumb/
22807,SET OF 6 T-LIGHTS TOADSTOOLS,2.95,General,
22808,SET OF 6 T-LIGHTS EASTER CHICKS,2.95,General,https://api.openverse.org/v1/images/c1ba6e52-97fb-4d2f-85bd-d14d405247b0/thumb/
22809,SET OF 6 T-LIGHTS SANTA,2.95,General,
22810,SET OF 6 T-LIGHTS SNOWMEN,2.95,General,
22811,SET OF 6 T-LIGHTS CACTI,2.95,General,https://api.openverse.org/v1/images/9f670ede-b532-4ddf-a212-3e49afb85b66/thumb/
22812,PACK 3 BOXES CHRISTMAS PANNETONE,1.95,General,
22813,PACK 3 BOXES BIRD PANNETONE,1.95,General,
22814,CARD PARTY GAMES,0.42,General,https://api.openverse.org/v1/images/95dc3996-449b-49ab-9f78-772218683dbe/thumb/
22815,CARD PSYCHEDELIC APPLES,0.42,General,https://api.openverse.org/v1/images/abe939b0-9741-4d30-b63e-19b08b3baf71/thumb/
22816,CARD MOTORBIKE SANTA,0.42,General,
22817,CARD SUKI BIRTHDAY,0.42,General,
22818,CARD CHRISTMAS VILLAGE,0.42,General,
22819,"BIRTHDAY CARD, RETRO SPOT",0.42,General,
22820,GIFT BAG BIRTHDAY,0.65,General,https://api.openverse.org/v1/images/cb3e1d79-54b4-47d2-9678-84b342331819/thumb/
22821,GIFT BAG PSYCHEDELIC APPLES,0.65,General,https://api.openverse.org/v1/images/abe939b0-9741-4d30-b63e-19b08b3baf71/thumb/
22822,CREAM WALL PLANTER HEART SHAPED,5.95,General,
22823,CHEST NATURAL WOOD 20 DRAWERS,117.50,General,https://api.openverse.org/v1/images/52ce00df-859b-403a-a6fe-335ea584532e/thumb/
22824,3 TIER SWEETHEART GARDEN SHELF,35.95,General,
22825,DECORATIVE PLANT POT WITH FRIEZE,7.95,General,https://api.openverse.org/v1/images/ad12177f-9577-4871-a8fc-3c25f9c0c1d5/thumb/
22826,LOVE SEAT ANTIQUE WHITE METAL,85.00,General,
22827,RUSTIC  SEVENTEEN DRAWER SIDEBOARD,165.00,General,
22828,REGENCY MIRROR WITH SHUTTERS,155.00,General,
22829,SWEETHEART WIRE WALL TIDY,9.95,General,
22830,UTILTY CABINET WITH HOOKS,26.95,General,
22831,WHITE BROCANTE SOAP DISH,2.95,General,https://api.openverse.org/v1/images/d84197b1-da39-46dd-9350-61826d77e124/thumb/
22832,BROCANTE SHELF WITH HOOKS,10.75,General,
22833,HALL CABINET WITH 3 DRAWERS,49.95,General,https://api.openverse.org/v1/images/52ce00df-859b-403a-a6fe-335ea584532e/thumb/
22834,HAND WARMER BABUSHKA DESIGN,2.10,General,https://api.openverse.org/v1/images/e1bed587-ee31-4508-b01e-bb3b1cca4d35/thumb/
22835,HOT WATER BOTTLE I AM SO POORLY,4.65,General,
22837,HOT WATER BOTTLE BABUSHKA,4.65,General,https://api.openverse.org/v1/images/e1bed587-ee31-4508-b01e-bb3b1cca4d35/thumb/
22838,3 TIER CAKE TIN RED AND CREAM,14.95,General,https://api.openverse.org/v1/images/348bc62a-d0d7-4ac6-be4f-77ebbd27b328/thumb/
22839,3 TIER CAKE TIN GREEN AND CREAM,14.95,General,https://api.openverse.org/v1/images/348bc62a-d0d7-4ac6-be4f-77ebbd27b328/thumb/
22840,ROUND CAKE TIN VINTAGE RED,7.95,General,https://api.openverse.org/v1/images/348bc62a-d0d7-4ac6-be4f-77ebbd27b328/thumb/
22841,ROUND CAKE TIN VINTAGE GREEN,7.95,General,https://api.openverse.org/v1/images/348bc62a-d0d7-4ac6-be4f-77ebbd27b328/thumb/
22842,BISCUIT TIN VINTAGE RED,6.75,General,https://api.openverse.org/v1/images/348bc62a-d0d7-4ac6-be4f-77ebbd27b328/thumb/
22843,BISCUIT TIN VINTAGE GREEN,6.75,General,https://api.openverse.org/v1/images/348bc62a-d0d7-4ac6-be4f-77ebbd27b328/thumb/
22844,VINTAGE CREAM DOG FOOD CONTAINER,8.50,General,https://api.openverse.org/v1/images/ec9e1b64-dc3b-4852-833f-662c04c37337/thumb/
22845,VINTAGE CREAM CAT FOOD CONTAINER,6.35,General,https://api.openverse.org/v1/images/ec9e1b64-dc3b-4852-833f-662c04c37337/thumb/
22846,BREAD BIN DINER STYLE RED,16.95,General,https://api.openverse.org/v1/images/478a9753-b373-4fc3-a991-c0a0b230a87c/thumb/
22847,BREAD BIN DINER STYLE IVORY,16.95,General,https://api.openverse.org/v1/images/478a9753-b373-4fc3-a991-c0a0b230a87c/thumb/
22848,BREAD BIN DINER STYLE PINK,16.95,General,https://api.openverse.org/v1/images/478a9753-b373-4fc3-a991-c0a0b230a87c/thumb/
22849,BREAD BIN DINER STYLE MINT,16.95,General,
22850,BREAD BIN DINER STYLE BLACK,15.95,General,https://api.openverse.org/v1/images/478a9753-b373-4fc3-a991-c0a0b230a87c/thumb/
22851,SET 20 NAPKINS FAIRY CAKES DESIGN,0.85,General,https://api.openverse.org/v1/images/e3f04f4d-9346-44e6-80a8-f160171979a3/thumb/
22852,DOG BOWL VINTAGE CREAM,4.25,General,https://api.openverse.org/v1/images/dcf29c13-b3ea-4a75-91c9-6c5892fc52c7/thumb/
22853,CAT BOWL VINTAGE CREAM,3.25,General,https://api.openverse.org/v1/images/dcf29c13-b3ea-4a75-91c9-6c5892fc52c7/thumb/
22854,CREAM SWEETHEART EGG HOLDER,4.95,General,https://api.openverse.org/v1/images/dfed723f-0d7e-4814-900e-01daa1b92abc/thumb/
22855,FINE WICKER HEART,1.25,General,
22856,ASSORTED EASTER DECORATIONS  BELLS,1.25,General,https://api.openverse.org/v1/images/b1ed4d2d-f256-4dca-b12f-cc11d1fca2a5/thumb/
22857,ASSORTED EASTER GIFT TAGS,0.85,General,
22858,EASTER TIN KEEPSAKE,1.65,General,
22859,EASTER TIN BUNNY BOUQUET,1.65,General,https://api.openverse.org/v1/images/06b1d6b3-21f1-4951-bab2-5c80966310af/thumb/
22860,EASTER TIN CHICKS PINK DAISY,1.65,General,https://api.openverse.org/v1/images/58cf07e2-849a-4e12-a222-284f63fda360/thumb/
22861,EASTER TIN CHICKS IN GARDEN,1.65,General,https://api.openverse.org/v1/images/86ec59f2-d0c8-41e9-b1ec-0619170d115f/thumb/
22862,LOVE HEART NAPKIN BOX,4.25,General,https://api.openverse.org/v1/images/1190a5b6-5e15-4eb7-a0c8-ec57704d85aa/thumb/
22863,SOAP DISH BROCANTE,2.95,General,https://api.openverse.org/v1/images/1c4873bb-816a-47dc-98a1-47fc5f8028e0/thumb/
22864,MUG AND COASTER SET RED CIRCLES,0.42,General,https://api.openverse.org/v1/images/bfa302ca-b509-4145-adda-7fcbc4178c7c/thumb/
22865,HAND WARMER OWL DESIGN,2.10,General,https://live.staticflickr.com/2148/1889599167_3b41dfe988_b.jpg
22866,HAND WARMER SCOTTY DOG DESIGN,2.10,General,https://api.openverse.org/v1/images/dcef0b54-2338-4141-9be0-1b5bb50fa729/thumb/
22867,HAND WARMER BIRD DESIGN,2.10,General,https://api.openverse.org/v1/images/c4d08a5b-c8a4-4b40-92f2-7fe03892dcbd/thumb/
22868,NUMBER TILE COTTAGE GARDEN 0,1.95,General,https://api.openverse.org/v1/images/86ec59f2-d0c8-41e9-b1ec-0619170d115f/thumb/
22869,NUMBER TILE COTTAGE GARDEN 1,4.13,General,https://api.openverse.org/v1/images/86ec59f2-d0c8-41e9-b1ec-0619170d115f/thumb/
22870,NUMBER TILE COTTAGE GARDEN 2,4.13,General,https://api.openverse.org/v1/images/86ec59f2-d0c8-41e9-b1ec-0619170d115f/thumb/
22871,NUMBER TILE COTTAGE GARDEN 3,4.13,General,https://api.openverse.org/v1/images/86ec59f2-d0c8-41e9-b1ec-0619170d115f/thumb/
22872,NUMBER TILE COTTAGE GARDEN 4,4.13,General,https://api.openverse.org/v1/images/86ec59f2-d0c8-41e9-b1ec-0619170d115f/thumb/
22873,NUMBER TILE COTTAGE GARDEN 5,1.95,General,https://api.openverse.org/v1/images/86ec59f2-d0c8-41e9-b1ec-0619170d115f/thumb/
22874,NUMBER TILE COTTAGE GARDEN 6,1.95,General,https://api.openverse.org/v1/images/86ec59f2-d0c8-41e9-b1ec-0619170d115f/thumb/
22875,NUMBER TILE COTTAGE GARDEN 7,1.95,General,https://api.openverse.org/v1/images/86ec59f2-d0c8-41e9-b1ec-0619170d115f/thumb/
22876,NUMBER TILE COTTAGE GARDEN 8,1.95,General,https://api.openverse.org/v1/images/86ec59f2-d0c8-41e9-b1ec-0619170d115f/thumb/
22877,NUMBER TILE COTTAGE GARDEN 9,1.95,General,https://api.openverse.org/v1/images/86ec59f2-d0c8-41e9-b1ec-0619170d115f/thumb/
22878,NUMBER TILE COTTAGE GARDEN No,4.13,General,https://api.openverse.org/v1/images/86ec59f2-d0c8-41e9-b1ec-0619170d115f/thumb/
22879,NUMBER TILE VINTAGE FONT 0,4.13,General,https://api.openverse.org/v1/images/5808d7f2-d6e9-4e02-93a5-bcc17458b1f0/thumb/
22880,NUMBER TILE VINTAGE FONT 1,4.13,General,https://api.openverse.org/v1/images/5808d7f2-d6e9-4e02-93a5-bcc17458b1f0/thumb/
22881,NUMBER TILE VINTAGE FONT 2,4.13,General,https://api.openverse.org/v1/images/5808d7f2-d6e9-4e02-93a5-bcc17458b1f0/thumb/
22882,NUMBER TILE VINTAGE FONT 3,2.17,General,https://api.openverse.org/v1/images/5808d7f2-d6e9-4e02-93a5-bcc17458b1f0/thumb/
22883,NUMBER TILE VINTAGE FONT 4,4.13,General,https://api.openverse.org/v1/images/5808d7f2-d6e9-4e02-93a5-bcc17458b1f0/thumb/
22884,NUMBER TILE VINTAGE FONT 5,4.13,General,https://api.openverse.org/v1/images/5808d7f2-d6e9-4e02-93a5-bcc17458b1f0/thumb/
22885,NUMBER TILE VINTAGE FONT 6,4.13,General,https://api.openverse.org/v1/images/5808d7f2-d6e9-4e02-93a5-bcc17458b1f0/thumb/
22886,NUMBER TILE VINTAGE FONT 7,2.17,General,https://api.openverse.org/v1/images/5808d7f2-d6e9-4e02-93a5-bcc17458b1f0/thumb/
22887,NUMBER TILE VINTAGE FONT 8,3.15,General,https://api.openverse.org/v1/images/5808d7f2-d6e9-4e02-93a5-bcc17458b1f0/thumb/
22888,NUMBER TILE VINTAGE FONT 9,4.13,General,https://api.openverse.org/v1/images/5808d7f2-d6e9-4e02-93a5-bcc17458b1f0/thumb/
22889,NUMBER TILE VINTAGE FONT No,4.13,General,https://api.openverse.org/v1/images/5808d7f2-d6e9-4e02-93a5-bcc17458b1f0/thumb/
22890,NOVELTY BISCUITS CAKE STAND 3 TIER,9.95,General,
22891,TEA FOR ONE POLKADOT,4.25,General,
22892,SET OF SALT AND PEPPER TOADSTOOLS,1.25,General,
22893,MINI CAKE STAND T-LIGHT HOLDER,0.42,General,https://api.openverse.org/v1/images/dfed723f-0d7e-4814-900e-01daa1b92abc/thumb/
22894,TABLECLOTH RED APPLES DESIGN,9.95,General,https://api.openverse.org/v1/images/abe939b0-9741-4d30-b63e-19b08b3baf71/thumb/
22895,SET OF 2 TEA TOWELS APPLE AND PEARS,3.25,General,
22896,PEG BAG APPLES DESIGN,2.55,General,https://api.openverse.org/v1/images/abe939b0-9741-4d30-b63e-19b08b3baf71/thumb/
22897,OVEN MITT APPLES DESIGN,1.45,General,https://api.openverse.org/v1/images/abe939b0-9741-4d30-b63e-19b08b3baf71/thumb/
22898,CHILDRENS APRON APPLES DESIGN,1.95,General,https://api.openverse.org/v1/images/abe939b0-9741-4d30-b63e-19b08b3baf71/thumb/
22899,CHILDREN'S APRON DOLLY GIRL,2.10,General,https://api.openverse.org/v1/images/42478b17-1ad0-447a-ac75-3dfa6b7e5e18/thumb/
22900,SET 2 TEA TOWELS I LOVE LONDON,3.25,General,
22902,TOTE BAG I LOVE LONDON,2.10,General,
22903,CALENDAR FAMILY FAVOURITES,2.95,General,https://api.openverse.org/v1/images/9d8257f7-d4fc-47fc-9b82-74d3467731df/thumb/
22904,CALENDAR PAPER CUT DESIGN,2.95,General,https://api.openverse.org/v1/images/d984a0fd-1939-4f57-b232-7de607696275/thumb/
22905,CALENDAR IN SEASON DESIGN,2.95,General,
22906,12 MESSAGE CARDS WITH ENVELOPES,1.65,General,https://api.openverse.org/v1/images/de5f4719-9693-48b0-ba2b-c2187181d3d9/thumb/
22907,PACK OF 20 NAPKINS PANTRY DESIGN,0.85,General,
22908,PACK OF 20 NAPKINS RED APPLES,0.85,General,https://api.openverse.org/v1/images/abe939b0-9741-4d30-b63e-19b08b3baf71/thumb/
22909,SET OF 20 VINTAGE CHRISTMAS NAPKINS,0.85,General,
22910,PAPER CHAIN KIT VINTAGE CHRISTMAS,2.95,General,https://api.openverse.org/v1/images/c7a32cc5-3e99-4b9a-95cd-f5828f50ea34/thumb/
22911,PAPER CHAIN KIT LONDON,2.95,General,
22912,YELLOW COAT RACK PARIS FASHION,4.95,General,https://api.openverse.org/v1/images/73bc5b58-7ce1-4e18-a7e9-33661948b3b5/thumb/
22913,RED COAT RACK PARIS FASHION,4.95,General,https://api.openverse.org/v1/images/73bc5b58-7ce1-4e18-a7e9-33661948b3b5/thumb/
22914,BLUE COAT RACK PARIS FASHION,4.95,General,https://api.openverse.org/v1/images/73bc5b58-7ce1-4e18-a7e9-33661948b3b5/thumb/
22915,ASSORTED BOTTLE TOP  MAGNETS,0.42,General,https://api.openverse.org/v1/images/c1db1cee-90fe-4859-bbfc-8ab207962756/thumb/
22916,HERB MARKER THYME,0.65,General,
22917,HERB MARKER ROSEMARY,0.65,General,
22918,HERB MARKER PARSLEY,0.65,General,
22919,HERB MARKER MINT,0.65,General,
22920,HERB MARKER BASIL,0.65,General,https://api.openverse.org/v1/images/5f84a42c-54dd-434d-bf80-0534c9221197/thumb/
22921,HERB MARKER CHIVES,0.65,General,https://api.openverse.org/v1/images/eaab9056-837d-4cda-8d2b-e111ba2893a3/thumb/
22922,FRIDGE MAGNETS US DINER ASSORTED,0.85,General,https://api.openverse.org/v1/images/478a9753-b373-4fc3-a991-c0a0b230a87c/thumb/
22923,FRIDGE MAGNETS LES ENFANTS ASSORTED,0.85,General,https://api.openverse.org/v1/images/28ec2148-4548-40a4-955c-2c48a505df22/thumb/
22924,FRIDGE MAGNETS LA VIE EN ROSE,0.85,General,https://api.openverse.org/v1/images/1f375716-64cb-4fea-942c-2c5a440cd9ed/thumb/
22925,BLUE GIANT GARDEN THERMOMETER,5.95,General,
22926,IVORY GIANT GARDEN THERMOMETER,5.95,General,
22927,GREEN GIANT GARDEN THERMOMETER,5.95,General,
22928,YELLOW GIANT GARDEN THERMOMETER,5.95,General,
22929,SCHOOL DESK AND CHAIR,65.00,General,https://api.openverse.org/v1/images/4726baf8-1d66-4e42-9ca2-90391f430a03/thumb/
22930,BAKING MOULD HEART MILK CHOCOLATE,2.55,General,https://api.openverse.org/v1/images/5a7df0c3-2347-4e26-aa2a-a5a80758a9af/thumb/
22931,BAKING MOULD HEART WHITE CHOCOLATE,2.55,General,https://api.openverse.org/v1/images/5a7df0c3-2347-4e26-aa2a-a5a80758a9af/thumb/
22932,BAKING MOULD TOFFEE CUP CHOCOLATE,2.55,General,https://api.openverse.org/v1/images/5a7df0c3-2347-4e26-aa2a-a5a80758a9af/thumb/
22933,BAKING MOULD EASTER EGG MILK CHOC,2.95,General,https://api.openverse.org/v1/images/05f377f6-97d3-4605-ac03-a77caeb1d8ac/thumb/
22934,BAKING MOULD EASTER EGG WHITE CHOC,2.95,General,https://api.openverse.org/v1/images/05f377f6-97d3-4605-ac03-a77caeb1d8ac/thumb/
22935,BAKING MOULD ROSE MILK CHOCOLATE,3.25,General,https://api.openverse.org/v1/images/5a7df0c3-2347-4e26-aa2a-a5a80758a9af/thumb/
22936,BAKING MOULD ROSE WHITE CHOCOLATE,3.25,General,https://api.openverse.org/v1/images/5a7df0c3-2347-4e26-aa2a-a5a80758a9af/thumb/
22937,BAKING MOULD CHOCOLATE CUPCAKES,2.55,General,https://api.openverse.org/v1/images/20e2f160-e160-43f8-ba70-ea95f78d137f/thumb/
22938,CUPCAKE LACE PAPER SET 6,1.95,General,
22939,APRON APPLE DELIGHT,4.95,General,https://api.openverse.org/v1/images/ecc2b6f5-3055-486f-827f-72a4c884e681/thumb/
22940,FELTCRAFT CHRISTMAS FAIRY,4.25,General,https://api.openverse.org/v1/images/a57f4802-23be-49ce-b22f-efd61f5f7d96/thumb/
22941,CHRISTMAS LIGHTS 10 REINDEER,8.50,General,
22942,CHRISTMAS LIGHTS 10 SANTAS,8.50,General,
22943,CHRISTMAS LIGHTS 10 VINTAGE BAUBLES,4.95,General,https://api.openverse.org/v1/images/34c4d1eb-4502-4372-bf12-be02d55b974f/thumb/
22944,CHRISTMAS METAL POSTCARD WITH BELLS,0.97,General,https://api.openverse.org/v1/images/b1ed4d2d-f256-4dca-b12f-cc11d1fca2a5/thumb/
22945,CHRISTMAS METAL TAGS ASSORTED,0.85,General,
22946,WOODEN ADVENT CALENDAR CREAM,16.95,General,https://api.openverse.org/v1/images/f0794aea-2daa-40eb-87f7-b26de591e4b3/thumb/
22947,WOODEN ADVENT CALENDAR RED,16.63,General,https://api.openverse.org/v1/images/f0794aea-2daa-40eb-87f7-b26de591e4b3/thumb/
22948,METAL DECORATION NAUGHTY CHILDREN,0.85,General,https://api.openverse.org/v1/images/7fb9581f-824a-4e8a-8483-b958cd50855c/thumb/
22949,36 DOILIES DOLLY GIRL,1.45,General,https://api.openverse.org/v1/images/42478b17-1ad0-447a-ac75-3dfa6b7e5e18/thumb/
22950,36 DOILIES VINTAGE CHRISTMAS,1.45,General,https://api.openverse.org/v1/images/b5abaf15-1d5a-4fb1-800c-fc9de7255200/thumb/
22951,60 CAKE CASES DOLLY GIRL DESIGN,0.55,General,https://api.openverse.org/v1/images/42478b17-1ad0-447a-ac75-3dfa6b7e5e18/thumb/
22952,60 CAKE CASES VINTAGE CHRISTMAS,0.55,General,https://api.openverse.org/v1/images/65355e41-3c33-4970-856c-37b07597329e/thumb/
22953,BIRTHDAY PARTY CORDON BARRIER TAPE,1.25,General,
22954,HEN PARTY CORDON BARRIER TAPE,1.25,General,
22955,36 FOIL STAR CAKE CASES,2.10,General,https://api.openverse.org/v1/images/65355e41-3c33-4970-856c-37b07597329e/thumb/
22956,36 FOIL HEART CAKE CASES,2.10,General,https://api.openverse.org/v1/images/65355e41-3c33-4970-856c-37b07597329e/thumb/
22957,SET 3 PAPER VINTAGE CHICK PAPER EGG,2.95,General,https://api.openverse.org/v1/images/9ad156e7-e62e-4afd-b52b-0b4ddfc52bb4/thumb/
22959,WRAP CHRISTMAS VILLAGE,0.42,General,
22960,JAM MAKING SET WITH JARS,4.25,General,
22961,JAM MAKING SET PRINTED,1.45,General,
22962,JAM JAR WITH PINK LID,0.85,General,
22963,JAM JAR WITH GREEN LID,0.85,General,
22964,3 PIECE SPACEBOY COOKIE CUTTER SET,2.10,General,https://api.openverse.org/v1/images/d3c40131-f31a-434e-9894-b993ecbd2479/thumb/
22965,3 TRADITIONAl BISCUIT CUTTERS  SET,2.10,General,https://api.openverse.org/v1/images/d3c40131-f31a-434e-9894-b993ecbd2479/thumb/
22966,GINGERBREAD MAN COOKIE CUTTER,1.25,General,https://api.openverse.org/v1/images/d3c40131-f31a-434e-9894-b993ecbd2479/thumb/
22967,SET 3 SONG BIRD PAPER EGGS ASSORTED,2.95,General,https://api.openverse.org/v1/images/9ad156e7-e62e-4afd-b52b-0b4ddfc52bb4/thumb/
22968,ROSE COTTAGE KEEPSAKE BOX,9.95,General,https://api.openverse.org/v1/images/1190a5b6-5e15-4eb7-a0c8-ec57704d85aa/thumb/
22969,HOMEMADE JAM SCENTED CANDLES,1.45,General,https://api.openverse.org/v1/images/08b80744-52cf-4b6f-98fb-c03218cfb7b2/thumb/
22970,LONDON BUS COFFEE MUG,2.55,General,https://api.openverse.org/v1/images/5f490aab-714a-4ab0-ba1c-65035a8ab4fb/thumb/
22971,QUEENS GUARD COFFEE MUG,2.55,General,https://api.openverse.org/v1/images/5f490aab-714a-4ab0-ba1c-65035a8ab4fb/thumb/
22972,CHILDREN'S SPACEBOY MUG,1.65,General,https://api.openverse.org/v1/images/5f490aab-714a-4ab0-ba1c-65035a8ab4fb/thumb/
22973,CHILDREN'S CIRCUS PARADE MUG,1.65,General,https://api.openverse.org/v1/images/5f490aab-714a-4ab0-ba1c-65035a8ab4fb/thumb/
22974,CHILDRENS DOLLY GIRL MUG,1.65,General,https://api.openverse.org/v1/images/5f490aab-714a-4ab0-ba1c-65035a8ab4fb/thumb/
22975,SPACEBOY CHILDRENS EGG CUP,1.25,General,https://api.openverse.org/v1/images/d199fcb5-c343-42bf-82a1-3b4b6f82c653/thumb/
22976,CIRCUS PARADE CHILDRENS EGG CUP,1.25,General,https://api.openverse.org/v1/images/d199fcb5-c343-42bf-82a1-3b4b6f82c653/thumb/
22977,DOLLY GIRL CHILDRENS EGG CUP,1.25,General,https://api.openverse.org/v1/images/d199fcb5-c343-42bf-82a1-3b4b6f82c653/thumb/
22978,PANTRY ROLLING PIN,3.75,General,
22979,PANTRY WASHING UP BRUSH,1.45,General,https://api.openverse.org/v1/images/375720dc-c31f-4bd8-bb1c-ce7cbbfae838/thumb/
22980,PANTRY SCRUBBING BRUSH,1.65,General,https://api.openverse.org/v1/images/375720dc-c31f-4bd8-bb1c-ce7cbbfae838/thumb/
22981,PANTRY APPLE CORER,1.45,General,https://api.openverse.org/v1/images/2fd4e868-4133-4b88-aba9-347697f15d36/thumb/
22982,PANTRY PASTRY BRUSH,1.25,General,https://api.openverse.org/v1/images/375720dc-c31f-4bd8-bb1c-ce7cbbfae838/thumb/
22983,CARD BILLBOARD FONT,0.42,General,https://api.openverse.org/v1/images/5808d7f2-d6e9-4e02-93a5-bcc17458b1f0/thumb/
22984,CARD GINGHAM ROSE,0.42,General,https://api.openverse.org/v1/images/1f375716-64cb-4fea-942c-2c5a440cd9ed/thumb/
22985,"WRAP, BILLBOARD FONTS DESIGN",0.42,General,https://api.openverse.org/v1/images/5808d7f2-d6e9-4e02-93a5-bcc17458b1f0/thumb/
22986,GINGHAM ROSE WRAP,0.42,General,https://api.openverse.org/v1/images/6dbda933-025f-41ea-8e49-85fe18db9274/thumb/
22987,"WRAP , SUMMER ROSE DESIGN",0.42,General,https://api.openverse.org/v1/images/1f375716-64cb-4fea-942c-2c5a440cd9ed/thumb/
22988,SOLDIERS EGG CUP,1.25,General,https://api.openverse.org/v1/images/d199fcb5-c343-42bf-82a1-3b4b6f82c653/thumb/
22989,SET 2 PANTRY DESIGN TEA TOWELS,3.25,General,
22990,COTTON APRON PANTRY DESIGN,4.95,General,
22991,GIRAFFE WOODEN RULER,1.95,General,
22992,REVOLVER WOODEN RULER,1.95,General,
22993,SET OF 4 PANTRY JELLY MOULDS,1.25,General,
22994,TRAVEL CARD WALLET RETROSPOT,0.42,General,
22995,TRAVEL CARD WALLET SUKI,0.42,General,
22996,TRAVEL CARD WALLET VINTAGE TICKET,0.42,General,
22997,TRAVEL CARD WALLET UNION JACK,0.42,General,
22998,TRAVEL CARD WALLET KEEP CALM,0.42,General,https://api.openverse.org/v1/images/561d3392-fc1f-4093-894d-b41287d9fa5e/thumb/
22999,TRAVEL CARD WALLET VINTAGE LEAF,0.42,General,
23000,TRAVEL CARD WALLET TRANSPORT,0.42,General,
23002,TRAVEL CARD WALLET SKULLS,0.42,General,
23003,TRAVEL CARD WALLET VINTAGE ROSE,0.42,General,https://api.openverse.org/v1/images/1f375716-64cb-4fea-942c-2c5a440cd9ed/thumb/
23004,TRAVEL CARD WALLET PANTRY,0.42,General,
23005,TRAVEL CARD WALLET I LOVE LONDON,0.42,General,
23006,TRAVEL CARD WALLET FLOWER MEADOW,0.42,General,
23007,SPACEBOY BABY GIFT SET,16.95,General,https://api.openverse.org/v1/images/fe501190-e34f-4c92-b3be-2041621aed52/thumb/
23008,DOLLY GIRL BABY GIFT SET,16.95,General,https://api.openverse.org/v1/images/fe501190-e34f-4c92-b3be-2041621aed52/thumb/
23009,I LOVE LONDON BABY GIFT SET,16.95,General,https://api.openverse.org/v1/images/fe501190-e34f-4c92-b3be-2041621aed52/thumb/
23010,CIRCUS PARADE BABY GIFT SET,16.95,General,https://api.openverse.org/v1/images/fe501190-e34f-4c92-b3be-2041621aed52/thumb/
23012,GLASS APOTHECARY BOTTLE PERFUME,3.95,General,
23013,GLASS APOTHECARY BOTTLE TONIC,3.95,General,
23014,GLASS APOTHECARY BOTTLE ELIXIR,3.95,General,https://api.openverse.org/v1/images/f7dc5048-cebc-4cb7-b11e-ce110cf526ff/thumb/
23015,CORDIAL GLASS JUG,8.25,General,
23016,GLASS TWIST BON BON JAR,7.85,General,
23017,APOTHECARY MEASURING JAR,12.50,General,
23018,LARGE APOTHECARY MEASURING JAR,12.50,General,
23019,SMALL APOTHECARY MEASURING JAR,8.25,General,
23020,GLASS  SONGBIRD STORAGE JAR,12.50,General,
23021,GLASS BONNE JAM JAR,4.15,General,
23022,SMALL BONNE JAM JAR  T-LIGHT HOLDER,2.08,General,https://api.openverse.org/v1/images/dfed723f-0d7e-4814-900e-01daa1b92abc/thumb/
23023,RIDGED BONNE JAM JAR T-LIGHT HOLDER,1.65,General,https://api.openverse.org/v1/images/dfed723f-0d7e-4814-900e-01daa1b92abc/thumb/
23024,LARGE BONNE JAM JAR  T-LIGHT HOLDER,2.89,General,https://api.openverse.org/v1/images/dfed723f-0d7e-4814-900e-01daa1b92abc/thumb/
23025,DRAWER KNOB VINTAGE GLASS BALL,2.08,General,https://api.openverse.org/v1/images/971070ab-c6c2-40a3-89d2-1103bb39a07f/thumb/
23026,DRAWER KNOB VINTAGE GLASS STAR,2.08,General,
23027,DRAWER KNOB VINTAGE GLASS HEXAGON,2.08,General,
23028,DRAWER KNOB CRACKLE GLAZE BLUE,1.65,General,https://api.openverse.org/v1/images/22aa7c8c-a228-40ca-8ae7-c1e6f27751fc/thumb/
23029,DRAWER KNOB CRACKLE GLAZE GREEN,1.65,General,https://api.openverse.org/v1/images/22aa7c8c-a228-40ca-8ae7-c1e6f27751fc/thumb/
23031,DRAWER KNOB CRACKLE GLAZE PINK,1.65,General,https://api.openverse.org/v1/images/22aa7c8c-a228-40ca-8ae7-c1e6f27751fc/thumb/
23032,DRAWER KNOB CRACKLE GLAZE IVORY,1.65,General,https://api.openverse.org/v1/images/22aa7c8c-a228-40ca-8ae7-c1e6f27751fc/thumb/
23033,DRAWER KNOB CERAMIC RED,1.45,General,
23034,DRAWER KNOB CERAMIC BLACK,1.45,General,
23035,DRAWER KNOB CERAMIC IVORY,1.45,General,
23036,T-LIGHT HOLDER SILVER PETIT FOUR,1.25,General,https://api.openverse.org/v1/images/65bd3a3b-68e2-4fea-b80f-a0fe353bde8f/thumb/
23037,CANDLE HOLDER SILVER MADELINE,1.65,General,
23038,T-LIGHT HOLDER SILVER SAUCER,1.63,General,
23039,T-LIGHT HOLDER SILVER HEART HANDLE,1.95,General,https://api.openverse.org/v1/images/50ee06b0-7dd9-4055-b0b6-c94d112f05bd/thumb/
23040,PAPER LANTERN 9 POINT SNOW STAR,5.75,General,
23041,PAPER LANTERN 9 POINT SNOW STAR,4.15,General,
23042,PAPER LANTERN 7 POINT SNOW STAR,6.65,General,
23043,PAPER LANTERN 9 POINT HOLLY STAR L,6.25,General,
23044,PAPER LANTERN 9 POINT HOLLY STAR S,4.15,General,
23045,PAPER LANTERN 5 POINT STAR MOON,4.15,General,
23046,PAPER LANTERN 9 POINT DELUXE STAR,6.65,General,https://api.openverse.org/v1/images/d9e1e930-7e75-4168-a6ac-5e52b0a3b856/thumb/
23047,PAPER LANTERN 5 POINT SEQUIN STAR,5.75,General,
23048,SET OF 10 LANTERNS FAIRY LIGHT STAR,4.15,General,
23049,RECYCLED ACAPULCO MAT RED,8.25,General,
23050,RECYCLED ACAPULCO MAT GREEN,8.25,General,
23051,RECYCLED ACAPULCO MAT BLUE,8.25,General,
23052,RECYCLED ACAPULCO MAT TURQUOISE,8.25,General,
23053,RECYCLED ACAPULCO MAT PINK,8.25,General,
23054,RECYCLED ACAPULCO MAT LAVENDER,8.25,General,
23055,IVORY CHANDELIER T-LIGHT HOLDER,6.25,General,https://api.openverse.org/v1/images/dfed723f-0d7e-4814-900e-01daa1b92abc/thumb/
23056,FLOWERS CHANDELIER T-LIGHT HOLDER,6.25,General,https://api.openverse.org/v1/images/dfed723f-0d7e-4814-900e-01daa1b92abc/thumb/
23057,BEADED CHANDELIER T-LIGHT HOLDER,4.95,General,https://api.openverse.org/v1/images/dfed723f-0d7e-4814-900e-01daa1b92abc/thumb/
23058,CHRISTMAS HANGING SNOWFLAKE,0.79,General,
23060,HEART BEADED TRELLIS DECORATION,2.08,General,https://api.openverse.org/v1/images/e9d6182a-6d55-46e6-9bfc-a1084236113a/thumb/
23061,VINTAGE EMBOSSED HEART,1.25,General,https://api.openverse.org/v1/images/6720c9c1-d66c-49f0-9c2d-793fc8ebb52b/thumb/
23064,CINDERELLA CHANDELIER,49.95,General,https://api.openverse.org/v1/images/1920cf3d-2b8d-4a71-989f-5ab38d84391d/thumb/
23065,LARGE DECO JEWELLERY STAND,12.50,General,https://api.openverse.org/v1/images/1c805922-fd5f-49af-9cb5-f438ca31390b/thumb/
23066,SMALL DECO JEWELLERY STAND,8.25,General,https://api.openverse.org/v1/images/1c805922-fd5f-49af-9cb5-f438ca31390b/thumb/
23067,HANGING ENGRAVED METAL HEART,4.15,General,https://api.openverse.org/v1/images/bf2d5ed1-51a0-4404-9f21-8b272cb14e7e/thumb/
23068,ALUMINIUM STAMPED HEART,2.49,General,
23069,EDWARDIAN PHOTO FRAME,6.25,General,https://api.openverse.org/v1/images/8ec53748-2acc-4984-8a6f-528cbb3fb3d9/thumb/
23070,EDWARDIAN HEART PHOTO FRAME,4.15,General,https://api.openverse.org/v1/images/8ec53748-2acc-4984-8a6f-528cbb3fb3d9/thumb/
23071,MARIE ANTOINETTE TRINKET BOX GOLD,12.50,General,https://api.openverse.org/v1/images/1190a5b6-5e15-4eb7-a0c8-ec57704d85aa/thumb/
23072,MARIE ANTOINETTE TRINKET BOX SILVER,12.50,General,https://api.openverse.org/v1/images/1190a5b6-5e15-4eb7-a0c8-ec57704d85aa/thumb/
23073,GEORGIAN TRINKET BOX,12.50,General,https://api.openverse.org/v1/images/1190a5b6-5e15-4eb7-a0c8-ec57704d85aa/thumb/
23074,EMBOSSED HEART TRINKET BOX,2.08,General,https://api.openverse.org/v1/images/1190a5b6-5e15-4eb7-a0c8-ec57704d85aa/thumb/
23075,PARLOUR CERAMIC WALL HOOK,4.15,General,https://api.openverse.org/v1/images/1fc08491-7c6e-4183-be28-60a2ca87c2b7/thumb/
23076,ICE CREAM SUNDAE LIP GLOSS,1.25,General,https://api.openverse.org/v1/images/21e9854c-8501-47eb-9f37-4193205981e1/thumb/
23077,DOUGHNUT LIP GLOSS,1.25,General,https://api.openverse.org/v1/images/21e9854c-8501-47eb-9f37-4193205981e1/thumb/
23078,ICE CREAM PEN LIP GLOSS,1.25,General,https://api.openverse.org/v1/images/21e9854c-8501-47eb-9f37-4193205981e1/thumb/
23079,TOADSTOOL BEDSIDE LIGHT,8.95,General,
23080,RED METAL BOX TOP SECRET,8.25,General,
23081,GREEN METAL BOX ARMY SUPPLIES,8.25,General,
23082,SET 6 PAPER TABLE LANTERN HEARTS,3.75,General,
23083,SET 6 PAPER TABLE LANTERN STARS,3.75,General,
23084,RABBIT NIGHT LIGHT,2.08,General,
23085,ANTIQUE SILVER BAUBLE LAMP,10.40,General,
23086,ZINC  STAR T-LIGHT HOLDER,1.25,General,https://api.openverse.org/v1/images/dfed723f-0d7e-4814-900e-01daa1b92abc/thumb/
23087,ZINC  HEART T-LIGHT HOLDER,1.25,General,https://api.openverse.org/v1/images/dfed723f-0d7e-4814-900e-01daa1b92abc/thumb/
23088,ZINC HEART FLOWER T-LIGHT HOLDER,1.25,General,https://api.openverse.org/v1/images/dfed723f-0d7e-4814-900e-01daa1b92abc/thumb/
23089,GLASS BON BON JAR,1.95,General,
23090,VINTAGE GLASS T-LIGHT HOLDER,0.83,General,https://api.openverse.org/v1/images/dfed723f-0d7e-4814-900e-01daa1b92abc/thumb/
23091,ZINC HERB GARDEN CONTAINER,6.25,General,https://api.openverse.org/v1/images/ec9e1b64-dc3b-4852-833f-662c04c37337/thumb/
23092,LARGE ANTIQUE WHITE PHOTO FRAME,7.90,General,https://api.openverse.org/v1/images/8ec53748-2acc-4984-8a6f-528cbb3fb3d9/thumb/
23093,SMALL PARISIENNE HEART PHOTO FRAME,2.49,General,https://api.openverse.org/v1/images/8ec53748-2acc-4984-8a6f-528cbb3fb3d9/thumb/
23094,LE GRAND TRAY CHIC SET,12.50,General,https://api.openverse.org/v1/images/7f880619-efbb-465c-b58b-75e13ad0587b/thumb/
23096,PETIT TRAY CHIC,1.65,General,https://api.openverse.org/v1/images/7f880619-efbb-465c-b58b-75e13ad0587b/thumb/
23099,FRENCH CARRIAGE LANTERN,6.65,General,
23100,SILVER BELLS TABLE DECORATION,1.25,General,https://api.openverse.org/v1/images/e9d6182a-6d55-46e6-9bfc-a1084236113a/thumb/
23101,SILVER STARS TABLE DECORATION,0.83,General,https://api.openverse.org/v1/images/e9d6182a-6d55-46e6-9bfc-a1084236113a/thumb/
23102,SILVER HEARTS TABLE DECORATION,0.83,General,https://api.openverse.org/v1/images/e9d6182a-6d55-46e6-9bfc-a1084236113a/thumb/
23103,JINGLE BELL HEART DECORATION,1.65,General,https://api.openverse.org/v1/images/e9d6182a-6d55-46e6-9bfc-a1084236113a/thumb/
23104,IVORY CAFE HANGING LAMP,12.50,General,
23106,ZINC HEARTS PLANT POT HOLDER,2.89,General,https://api.openverse.org/v1/images/dfed723f-0d7e-4814-900e-01daa1b92abc/thumb/
23107,WHITE HEARTS WIRE PLANT POT HOLDER,2.89,General,https://api.openverse.org/v1/images/dfed723f-0d7e-4814-900e-01daa1b92abc/thumb/
23108,SET OF 10 LED DOLLY LIGHTS,6.25,General,https://api.openverse.org/v1/images/765d9a44-9ba5-4ac3-bde1-9dc9a7eb2770/thumb/
23109,PACK OF SIX LED TEA LIGHTS,2.89,General,https://api.openverse.org/v1/images/765d9a44-9ba5-4ac3-bde1-9dc9a7eb2770/thumb/
23110,PARISIENNE KEY CABINET,5.75,General,https://api.openverse.org/v1/images/f4f13708-64ca-4b70-b384-0e3d34fd567f/thumb/
23111,PARISIENNE SEWING BOX,12.50,General,https://api.openverse.org/v1/images/1190a5b6-5e15-4eb7-a0c8-ec57704d85aa/thumb/
23112,PARISIENNE CURIO CABINET,7.50,General,https://api.openverse.org/v1/images/f4f13708-64ca-4b70-b384-0e3d34fd567f/thumb/
23113,PANTRY CHOPPING BOARD,4.95,General,https://api.openverse.org/v1/images/2d1fd16e-8da4-4ab3-a21c-bfb27d2aa3de/thumb/
23114,VINTAGE LEAF CHOPPING BOARD,4.95,General,https://api.openverse.org/v1/images/2d1fd16e-8da4-4ab3-a21c-bfb27d2aa3de/thumb/
23115,RED APPLES CHOPPING BOARD,4.95,General,https://api.openverse.org/v1/images/2d1fd16e-8da4-4ab3-a21c-bfb27d2aa3de/thumb/
23116,VEGETABLE GARDEN CHOPPING BOARD,4.95,General,https://api.openverse.org/v1/images/2d1fd16e-8da4-4ab3-a21c-bfb27d2aa3de/thumb/
23117,POPPY FIELDS CHOPPING BOARD,4.95,General,https://api.openverse.org/v1/images/2d1fd16e-8da4-4ab3-a21c-bfb27d2aa3de/thumb/
23118,PARISIENNE JEWELLERY DRAWER,7.50,General,https://api.openverse.org/v1/images/52ce00df-859b-403a-a6fe-335ea584532e/thumb/
23119,PACK OF 6 LARGE FRUIT STRAWS,0.62,General,
23120,PACK OF 6 SMALL FRUIT STRAWS,0.42,General,
23121,PACK OF 6 COCKTAIL PARASOL STRAWS,0.42,General,
23122,PARTY CHARMS 50 PIECES,0.83,General,
23123,COCKTAIL SWORDS 50 PIECES,0.83,General,
23124,18PC WOODEN CUTLERY SET DISPOSABLE,1.25,General,https://api.openverse.org/v1/images/6f68bd5a-f08e-4b24-aa5c-2ae92d3c17b8/thumb/
23125,6PC WOOD PLATE SET DISPOSABLE,2.46,General,https://api.openverse.org/v1/images/6f68bd5a-f08e-4b24-aa5c-2ae92d3c17b8/thumb/
23126,FELTCRAFT GIRL AMELIE KIT,4.95,General,https://api.openverse.org/v1/images/c7a32cc5-3e99-4b9a-95cd-f5828f50ea34/thumb/
23127,FELTCRAFT GIRL NICOLE KIT,4.95,General,https://api.openverse.org/v1/images/c7a32cc5-3e99-4b9a-95cd-f5828f50ea34/thumb/
23128,FELTCRAFT BOY JEAN-PAUL KIT,4.95,General,https://api.openverse.org/v1/images/c7a32cc5-3e99-4b9a-95cd-f5828f50ea34/thumb/
23129,HEART SHAPED HOLLY WREATH,4.15,General,
23130,MISTLETOE HEART WREATH GREEN,4.15,General,
23131,MISTLETOE HEART WREATH CREAM,4.15,General,
23132,SMALL IVORY HEART WALL ORGANISER,5.75,General,
23133,LARGE IVORY HEART WALL ORGANISER,8.25,General,
23134,LARGE ZINC HEART WALL ORGANISER,8.25,General,
23135,SMALL ZINC HEART WALL ORGANISER,5.75,General,
23136,IVORY WIRE SWEETHEART LETTER TRAY,3.75,General,https://api.openverse.org/v1/images/f2e4e7aa-e3d0-4c0d-b59a-e717dd128a65/thumb/
23137,ZINC WIRE SWEETHEART LETTER TRAY,3.75,General,https://api.openverse.org/v1/images/f2e4e7aa-e3d0-4c0d-b59a-e717dd128a65/thumb/
23138,SINGLE WIRE HOOK IVORY HEART,1.45,General,https://api.openverse.org/v1/images/1fc08491-7c6e-4183-be28-60a2ca87c2b7/thumb/
23139,SINGLE WIRE HOOK PINK HEART,1.45,General,https://api.openverse.org/v1/images/1fc08491-7c6e-4183-be28-60a2ca87c2b7/thumb/
23140,TRIPLE WIRE HOOK IVORY HEART,4.15,General,https://api.openverse.org/v1/images/1fc08491-7c6e-4183-be28-60a2ca87c2b7/thumb/
23141,TRIPLE WIRE HOOK PINK HEART,4.15,General,https://api.openverse.org/v1/images/1fc08491-7c6e-4183-be28-60a2ca87c2b7/thumb/
23142,IVORY WIRE KITCHEN ORGANISER,10.40,General,
23143,ZINC WIRE KITCHEN ORGANISER,10.40,General,
23144,ZINC T-LIGHT HOLDER STARS SMALL,0.83,General,
23145,ZINC T-LIGHT HOLDER STAR LARGE,0.95,General,https://api.openverse.org/v1/images/dfed723f-0d7e-4814-900e-01daa1b92abc/thumb/
23146,TRIPLE HOOK ANTIQUE IVORY ROSE,3.29,General,https://api.openverse.org/v1/images/1f375716-64cb-4fea-942c-2c5a440cd9ed/thumb/
23147,SINGLE ANTIQUE ROSE HOOK IVORY,1.45,General,https://api.openverse.org/v1/images/1fc08491-7c6e-4183-be28-60a2ca87c2b7/thumb/
23148,MINIATURE ANTIQUE ROSE HOOK IVORY,0.83,General,https://api.openverse.org/v1/images/1fc08491-7c6e-4183-be28-60a2ca87c2b7/thumb/
23149,ANTIQUE IVORY WIRE BOWL SMALL,2.49,General,https://api.openverse.org/v1/images/dcf29c13-b3ea-4a75-91c9-6c5892fc52c7/thumb/
23150,IVORY SWEETHEART SOAP DISH,2.49,General,https://api.openverse.org/v1/images/d84197b1-da39-46dd-9350-61826d77e124/thumb/
23151,ZINC SWEETHEART SOAP DISH,2.49,General,https://api.openverse.org/v1/images/d84197b1-da39-46dd-9350-61826d77e124/thumb/
23152,IVORY SWEETHEART WIRE LETTER RACK,3.75,General,
23153,ZINC SWEETHEART WIRE LETTER RACK,3.75,General,
23154,SET OF 4 JAM JAR MAGNETS,2.08,General,https://api.openverse.org/v1/images/c1db1cee-90fe-4859-bbfc-8ab207962756/thumb/
23155,KNICKERBOCKERGLORY MAGNET ASSORTED,0.83,General,
23156,SET OF 5 MINI GROCERY MAGNETS,2.08,General,https://api.openverse.org/v1/images/c1db1cee-90fe-4859-bbfc-8ab207962756/thumb/
23157,SET OF 6 NATIVITY MAGNETS,2.08,General,https://api.openverse.org/v1/images/c1db1cee-90fe-4859-bbfc-8ab207962756/thumb/
23158,SET OF 5 LUCKY CAT MAGNETS,2.08,General,https://api.openverse.org/v1/images/c1db1cee-90fe-4859-bbfc-8ab207962756/thumb/
23159,SET OF 5 PANCAKE DAY MAGNETS,2.08,General,https://api.openverse.org/v1/images/c1db1cee-90fe-4859-bbfc-8ab207962756/thumb/
23160,REGENCY TEA SPOON,1.25,General,
23161,REGENCY CAKE FORK,1.25,General,https://api.openverse.org/v1/images/f4fa2c09-f4b7-4561-a898-e2b10d4d4de9/thumb/
23162,REGENCY TEA STRAINER,3.75,General,
23163,REGENCY SUGAR TONGS,2.49,General,
23164,REGENCY CAKE SLICE,4.95,General,
23165,LARGE CERAMIC TOP STORAGE JAR,1.65,General,
23166,MEDIUM CERAMIC TOP STORAGE JAR,1.25,General,
23167,SMALL CERAMIC TOP STORAGE JAR,0.83,General,
23168,CLASSIC CAFE SUGAR DISPENSER,1.25,General,https://api.openverse.org/v1/images/e86ee604-f976-4d92-9acb-1a02c02dbcc8/thumb/
23169,CLASSIC GLASS COOKIE JAR,4.15,General,
23170,REGENCY TEA PLATE ROSES,1.65,General,
23171,REGENCY TEA PLATE GREEN,1.65,General,https://api.openverse.org/v1/images/c81a5b8f-093c-46bd-8753-50cdb2af7378/thumb/
23172,REGENCY TEA PLATE PINK,1.65,General,https://api.openverse.org/v1/images/c81a5b8f-093c-46bd-8753-50cdb2af7378/thumb/
23173,REGENCY TEAPOT ROSES,9.95,General,
23174,REGENCY SUGAR BOWL GREEN,4.15,General,https://api.openverse.org/v1/images/dcf29c13-b3ea-4a75-91c9-6c5892fc52c7/thumb/
23175,REGENCY MILK JUG PINK,3.25,General,
23176,ABC TREASURE BOOK BOX,2.25,General,https://api.openverse.org/v1/images/1190a5b6-5e15-4eb7-a0c8-ec57704d85aa/thumb/
23177,TREASURE ISLAND BOOK BOX,2.25,General,https://api.openverse.org/v1/images/1190a5b6-5e15-4eb7-a0c8-ec57704d85aa/thumb/
23178,JAM CLOCK MAGNET,2.89,General,
23179,CLOCK MAGNET MUM'S KITCHEN,2.89,General,
23180,MUM'S KITCHEN CLOCK,4.95,General,https://api.openverse.org/v1/images/c214cdd4-b5a6-40f5-9d1b-883b6e386095/thumb/
23181,BULL DOG BOTTLE TOP WALL CLOCK,8.25,General,https://api.openverse.org/v1/images/c214cdd4-b5a6-40f5-9d1b-883b6e386095/thumb/
23182,TOILET SIGN OCCUPIED OR VACANT,0.83,General,
23183,MOTHER'S KITCHEN SPOON REST,3.75,General,
23184,BULL DOG BOTTLE OPENER,4.95,General,
23185,FRENCH STYLE STORAGE JAR JAM,0.29,General,
23186,FRENCH STYLE STORAGE JAR CAFE,0.29,General,https://api.openverse.org/v1/images/846266ae-d290-4d3f-a88a-3fd33dc0ac88/thumb/
23187,FRENCH STYLE STORAGE JAR BONBONS,0.29,General,
23188,VINTAGE  2 METER FOLDING RULER,1.65,General,
23189,SET OF 12 FORK CANDLES,2.89,General,https://api.openverse.org/v1/images/08b80744-52cf-4b6f-98fb-c03218cfb7b2/thumb/
23190,BUNDLE OF 3 SCHOOL EXERCISE BOOKS,1.65,General,https://api.openverse.org/v1/images/26966751-3191-41d5-b8f8-593822219640/thumb/
23191,BUNDLE OF 3 RETRO NOTE BOOKS,1.65,General,https://api.openverse.org/v1/images/26966751-3191-41d5-b8f8-593822219640/thumb/
23192,BUNDLE OF 3 ALPHABET EXERCISE BOOKS,1.65,General,https://api.openverse.org/v1/images/26966751-3191-41d5-b8f8-593822219640/thumb/
23193,BUFFALO BILL TREASURE BOOK BOX,2.25,General,https://api.openverse.org/v1/images/1190a5b6-5e15-4eb7-a0c8-ec57704d85aa/thumb/
23194,GYMKHANA TREASURE BOOK BOX,2.25,General,https://api.openverse.org/v1/images/1190a5b6-5e15-4eb7-a0c8-ec57704d85aa/thumb/
23196,VINTAGE LEAF MAGNETIC NOTEPAD,1.45,General,
23197,SKETCHBOOK MAGNETIC SHOPPING LIST,1.45,General,
23198,PANTRY MAGNETIC  SHOPPING LIST,1.45,General,
23199,JUMBO BAG APPLES,2.08,General,https://api.openverse.org/v1/images/abe939b0-9741-4d30-b63e-19b08b3baf71/thumb/
23200,JUMBO BAG PEARS,2.08,General,
23201,JUMBO BAG ALPHABET,2.08,General,https://api.openverse.org/v1/images/93ac7dfc-e4a5-45ba-b29a-71ee3be708e0/thumb/
23202,JUMBO BAG VINTAGE LEAF,2.08,General,
23203,JUMBO BAG VINTAGE DOILY,2.08,General,https://api.openverse.org/v1/images/b5abaf15-1d5a-4fb1-800c-fc9de7255200/thumb/
23204,CHARLOTTE BAG APPLES DESIGN,0.85,General,https://api.openverse.org/v1/images/abe939b0-9741-4d30-b63e-19b08b3baf71/thumb/
23205,CHARLOTTE BAG VINTAGE ALPHABET,0.85,General,https://api.openverse.org/v1/images/93ac7dfc-e4a5-45ba-b29a-71ee3be708e0/thumb/
23206,LUNCH BAG APPLE DESIGN,1.65,General,https://api.openverse.org/v1/images/abe939b0-9741-4d30-b63e-19b08b3baf71/thumb/
23207,LUNCH BAG ALPHABET DESIGN,1.65,General,https://api.openverse.org/v1/images/93ac7dfc-e4a5-45ba-b29a-71ee3be708e0/thumb/
23208,LUNCH BAG VINTAGE LEAF DESIGN,1.65,General,
23209,LUNCH BAG VINTAGE DOILY,1.65,General,https://api.openverse.org/v1/images/b5abaf15-1d5a-4fb1-800c-fc9de7255200/thumb/
23210,WHITE ROCKING HORSE HAND PAINTED,1.25,General,
23211,RED ROCKING HORSE HAND PAINTED,1.25,General,
23212,HEART WREATH DECORATION WITH BELL,1.25,General,https://api.openverse.org/v1/images/b1ed4d2d-f256-4dca-b12f-cc11d1fca2a5/thumb/
23213,STAR WREATH DECORATION WITH BELL,1.25,General,https://api.openverse.org/v1/images/b1ed4d2d-f256-4dca-b12f-cc11d1fca2a5/thumb/
23214,JINGLE BELL HEART ANTIQUE GOLD,2.08,General,https://api.openverse.org/v1/images/b1ed4d2d-f256-4dca-b12f-cc11d1fca2a5/thumb/
23215,JINGLE BELL HEART ANTIQUE SILVER,2.08,General,https://api.openverse.org/v1/images/b1ed4d2d-f256-4dca-b12f-cc11d1fca2a5/thumb/
23216,LAUREL HEART ANTIQUE GOLD,1.25,General,
23217,LAUREL HEART ANTIQUE SILVER,1.25,General,
23218,LAUREL STAR ANTIQUE GOLD,1.25,General,
23219,LAUREL STAR ANTIQUE SILVER,1.25,General,
23220,REINDEER HEART DECORATION GOLD,0.83,General,https://api.openverse.org/v1/images/e9d6182a-6d55-46e6-9bfc-a1084236113a/thumb/
23221,REINDEER HEART DECORATION SILVER,0.83,General,https://api.openverse.org/v1/images/e9d6182a-6d55-46e6-9bfc-a1084236113a/thumb/
23222,CHRISTMAS TREE HANGING GOLD,0.83,General,https://api.openverse.org/v1/images/d224c01b-ea04-4ba0-abfa-30a0b719aa66/thumb/
23223,CHRISTMAS TREE HANGING SILVER,0.83,General,https://api.openverse.org/v1/images/d224c01b-ea04-4ba0-abfa-30a0b719aa66/thumb/
23224,CHERUB HEART DECORATION GOLD,0.83,General,https://api.openverse.org/v1/images/e9d6182a-6d55-46e6-9bfc-a1084236113a/thumb/
23225,CHERUB HEART DECORATION SILVER,0.83,General,https://api.openverse.org/v1/images/e9d6182a-6d55-46e6-9bfc-a1084236113a/thumb/
23226,FILIGREE HEART DAISY WHITE,1.25,General,https://api.openverse.org/v1/images/58cf07e2-849a-4e12-a222-284f63fda360/thumb/
23227,FILIGREE HEART BUTTERFLY WHITE,1.25,General,https://api.openverse.org/v1/images/edc6d028-8bf4-4f0b-b590-dcaace881890/thumb/
23228,FILIGREE HEART BIRD WHITE,1.25,General,https://api.openverse.org/v1/images/c4d08a5b-c8a4-4b40-92f2-7fe03892dcbd/thumb/
23229,VINTAGE DONKEY TAIL GAME,3.75,General,https://api.openverse.org/v1/images/95dc3996-449b-49ab-9f78-772218683dbe/thumb/
23230,WRAP ALPHABET DESIGN,0.42,General,https://api.openverse.org/v1/images/93ac7dfc-e4a5-45ba-b29a-71ee3be708e0/thumb/
23231,WRAP DOILEY DESIGN,0.42,General,https://api.openverse.org/v1/images/f81ffa01-2648-4fbe-98bf-37e0b119cb92/thumb/
23232,WRAP VINTAGE LEAF DESIGN,0.42,General,
23233,WRAP POPPIES  DESIGN,0.42,General,
23234,BISCUIT TIN VINTAGE CHRISTMAS,2.89,General,https://api.openverse.org/v1/images/348bc62a-d0d7-4ac6-be4f-77ebbd27b328/thumb/
23235,STORAGE TIN VINTAGE LEAF,2.89,General,
23236,STORAGE TIN VINTAGE DOILY,2.89,General,https://api.openverse.org/v1/images/b5abaf15-1d5a-4fb1-800c-fc9de7255200/thumb/
23237,SET OF 4 KNICK KNACK TINS LEAF,4.15,General,
23238,SET OF 4 KNICK KNACK TINS LONDON,4.15,General,
23239,SET OF 4 KNICK KNACK TINS POPPIES,4.15,General,
23240,SET OF 4 KNICK KNACK TINS DOILY,4.15,General,https://api.openverse.org/v1/images/b5abaf15-1d5a-4fb1-800c-fc9de7255200/thumb/
23241,TREASURE TIN GYMKHANA DESIGN,2.08,General,https://api.openverse.org/v1/images/68609e31-7794-422c-bad9-8db73823924e/thumb/
23242,TREASURE TIN BUFFALO BILL,2.08,General,https://api.openverse.org/v1/images/9903201b-bd96-4c9a-bcbd-06533cf65b9c/thumb/
23243,SET OF TEA COFFEE SUGAR TINS PANTRY,4.95,General,
23244,ROUND STORAGE TIN VINTAGE LEAF,1.95,General,
23245,SET OF 3 REGENCY CAKE TINS,4.95,General,
23247,BISCUIT TIN 50'S CHRISTMAS,2.89,General,https://api.openverse.org/v1/images/348bc62a-d0d7-4ac6-be4f-77ebbd27b328/thumb/
23249,VINTAGE RED ENAMEL TRIM PLATE,1.65,General,https://api.openverse.org/v1/images/c81a5b8f-093c-46bd-8753-50cdb2af7378/thumb/
23250,VINTAGE RED TRIM ENAMEL BOWL,1.25,General,https://api.openverse.org/v1/images/dcf29c13-b3ea-4a75-91c9-6c5892fc52c7/thumb/
23251,VINTAGE RED ENAMEL TRIM MUG,1.25,General,https://api.openverse.org/v1/images/5f490aab-714a-4ab0-ba1c-65035a8ab4fb/thumb/
23252,VINTAGE RED ENAMEL TRIM JUG,3.75,General,
23253,16 PIECE CUTLERY SET PANTRY DESIGN,15.95,General,
23254,CHILDRENS CUTLERY DOLLY GIRL,4.15,General,https://api.openverse.org/v1/images/42478b17-1ad0-447a-ac75-3dfa6b7e5e18/thumb/
23255,CHILDRENS CUTLERY CIRCUS PARADE,4.15,General,
23256,CHILDRENS CUTLERY SPACEBOY,4.15,General,
23263,SET OF 3 WOODEN HEART DECORATIONS,1.25,General,https://api.openverse.org/v1/images/e9d6182a-6d55-46e6-9bfc-a1084236113a/thumb/
23264,SET OF 3 WOODEN SLEIGH DECORATIONS,1.25,General,https://api.openverse.org/v1/images/e9d6182a-6d55-46e6-9bfc-a1084236113a/thumb/
23265,SET OF 3 WOODEN TREE DECORATIONS,1.25,General,https://api.openverse.org/v1/images/e9d6182a-6d55-46e6-9bfc-a1084236113a/thumb/
23266,SET OF 3 WOODEN STOCKING DECORATION,1.25,General,https://api.openverse.org/v1/images/e9d6182a-6d55-46e6-9bfc-a1084236113a/thumb/
23267,SET OF 4 SANTA PLACE SETTINGS,1.25,General,
23268,SET OF 2 CERAMIC CHRISTMAS REINDEER,1.45,General,
23269,SET OF 2 CERAMIC CHRISTMAS TREES,1.45,General,
23270,SET OF 2 CERAMIC PAINTED HEARTS,1.45,General,
23271,CHRISTMAS TABLE SILVER CANDLE SPIKE,0.83,General,
23272,TREE T-LIGHT HOLDER WILLIE WINKIE,1.65,General,
23273,HEART T-LIGHT HOLDER WILLIE WINKIE,1.65,General,
23274,STAR T-LIGHT HOLDER WILLIE WINKIE,1.65,General,
23275,SET OF 3 HANGING OWLS OLLIE BEAK,1.25,General,https://api.openverse.org/v1/images/f3e96848-2873-4a4b-9fe5-356e832254a0/thumb/
23280,FOLDING BUTTERFLY MIRROR HOT PINK,0.83,General,
23281,FOLDING BUTTERFLY MIRROR RED,0.83,General,https://api.openverse.org/v1/images/50a14bda-9275-4685-ae87-7dd051c3a213/thumb/
23282,FOLDING BUTTERFLY MIRROR IVORY,0.83,General,https://api.openverse.org/v1/images/50a14bda-9275-4685-ae87-7dd051c3a213/thumb/
23283,DOORMAT VINTAGE LEAF,7.95,General,
23284,DOORMAT KEEP CALM AND COME IN,7.95,General,https://api.openverse.org/v1/images/f426d967-9fe5-4f54-a029-f6945cea7f61/thumb/
23285,PINK VINTAGE SPOT BEAKER,0.85,General,https://api.openverse.org/v1/images/80fe1b58-6844-489e-8ee8-d538318dd5e5/thumb/
23286,BLUE VINTAGE SPOT BEAKER,0.85,General,https://api.openverse.org/v1/images/80fe1b58-6844-489e-8ee8-d538318dd5e5/thumb/
23287,RED VINTAGE SPOT BEAKER,0.85,General,https://api.openverse.org/v1/images/80fe1b58-6844-489e-8ee8-d538318dd5e5/thumb/
23288,GREEN VINTAGE SPOT BEAKER,0.85,General,https://api.openverse.org/v1/images/80fe1b58-6844-489e-8ee8-d538318dd5e5/thumb/
23289,DOLLY GIRL CHILDRENS BOWL,1.25,General,https://api.openverse.org/v1/images/dcf29c13-b3ea-4a75-91c9-6c5892fc52c7/thumb/
23290,SPACEBOY CHILDRENS BOWL,1.25,General,https://api.openverse.org/v1/images/dcf29c13-b3ea-4a75-91c9-6c5892fc52c7/thumb/
23291,DOLLY GIRL CHILDRENS CUP,1.25,General,https://api.openverse.org/v1/images/d199fcb5-c343-42bf-82a1-3b4b6f82c653/thumb/
23292,SPACEBOY CHILDRENS CUP,1.25,General,https://api.openverse.org/v1/images/d199fcb5-c343-42bf-82a1-3b4b6f82c653/thumb/
23293,SET OF 12 FAIRY CAKE BAKING CASES,0.83,General,https://api.openverse.org/v1/images/65355e41-3c33-4970-856c-37b07597329e/thumb/
23294,SET OF 6 SNACK LOAF BAKING CASES,0.83,General,https://api.openverse.org/v1/images/65355e41-3c33-4970-856c-37b07597329e/thumb/
23295,SET OF 12 MINI LOAF BAKING CASES,0.83,General,https://api.openverse.org/v1/images/65355e41-3c33-4970-856c-37b07597329e/thumb/
23296,SET OF 6 TEA TIME BAKING CASES,1.25,General,https://api.openverse.org/v1/images/65355e41-3c33-4970-856c-37b07597329e/thumb/
23297,SET 40 HEART SHAPE PETIT FOUR CASES,1.65,General,https://api.openverse.org/v1/images/65355e41-3c33-4970-856c-37b07597329e/thumb/
23298,SPOTTY BUNTING,4.95,General,https://api.openverse.org/v1/images/1a953731-c4da-4d60-8b00-df1c28a9ca24/thumb/
23299,FOOD COVER WITH BEADS SET 2,3.75,General,https://api.openverse.org/v1/images/7eabdd52-92e2-4e83-bc31-103cfb50608d/thumb/
23300,GARDENERS KNEELING PAD CUP OF TEA,1.65,General,
23301,GARDENERS KNEELING PAD KEEP CALM,1.65,General,https://api.openverse.org/v1/images/561d3392-fc1f-4093-894d-b41287d9fa5e/thumb/
23302,KNEELING MAT HOUSEWORK  DESIGN,1.65,General,
23303,SET 4 PICNIC CUTLERY FONDANT,1.95,General,https://api.openverse.org/v1/images/fad72ce9-1f8a-4f5b-89e9-f239851d2778/thumb/
23304,SET 4 PICNIC CUTLERY CHERRY,1.95,General,https://api.openverse.org/v1/images/542e538f-9315-46e5-8e96-fc832cf29a1d/thumb/
23305,SET 4 PICNIC CUTLERY BLUEBERRY,1.95,General,https://api.openverse.org/v1/images/385ba629-aacd-4299-a8a5-0249d530173e/thumb/
23306,SET OF 36 DOILIES PANTRY DESIGN,1.45,General,
23307,SET OF 60 PANTRY DESIGN CAKE CASES,0.55,General,https://api.openverse.org/v1/images/65355e41-3c33-4970-856c-37b07597329e/thumb/
23308,SET OF 60 VINTAGE LEAF CAKE CASES,0.55,General,https://api.openverse.org/v1/images/65355e41-3c33-4970-856c-37b07597329e/thumb/
23309,SET OF 60 I LOVE LONDON CAKE CASES,0.55,General,https://api.openverse.org/v1/images/65355e41-3c33-4970-856c-37b07597329e/thumb/
23310,BUBBLEGUM RING ASSORTED,0.42,General,https://api.openverse.org/v1/images/39e17456-3795-4ef9-9fba-143906935f6f/thumb/
23311,VINTAGE CHRISTMAS STOCKING,2.55,General,
23312,VINTAGE CHRISTMAS GIFT SACK,4.15,General,
23313,VINTAGE CHRISTMAS BUNTING,4.95,General,https://api.openverse.org/v1/images/1a953731-c4da-4d60-8b00-df1c28a9ca24/thumb/
23314,VINTAGE CHRISTMAS TABLECLOTH,12.50,General,
23315,IVORY REFECTORY CLOCK,9.95,General,https://api.openverse.org/v1/images/c214cdd4-b5a6-40f5-9d1b-883b6e386095/thumb/
23316,RED REFECTORY CLOCK,9.95,General,https://api.openverse.org/v1/images/c214cdd4-b5a6-40f5-9d1b-883b6e386095/thumb/
23317,BLUE REFECTORY CLOCK,9.95,General,https://api.openverse.org/v1/images/c214cdd4-b5a6-40f5-9d1b-883b6e386095/thumb/
23318,BOX OF 6 MINI VINTAGE CRACKERS,2.49,General,https://api.openverse.org/v1/images/50d64804-2063-4a95-bc2d-430d0bd8f7a0/thumb/
23319,BOX OF 6 MINI 50'S CRACKERS,2.49,General,https://api.openverse.org/v1/images/50d64804-2063-4a95-bc2d-430d0bd8f7a0/thumb/
23320,GIANT 50'S CHRISTMAS CRACKER,2.89,General,https://api.openverse.org/v1/images/50d64804-2063-4a95-bc2d-430d0bd8f7a0/thumb/
23321,SMALL WHITE HEART OF WICKER,1.65,General,
23322,LARGE WHITE HEART OF WICKER,2.95,General,
23323,WHITE WICKER STAR,2.10,General,
23324,RUSTIC STRAWBERRY JAM POT LARGE,2.08,General,
23325,RUSTIC STRAWBERRY JAM POT SMALL,1.65,General,
23326,HANGING MINI COLOURED BOTTLES,0.63,General,https://api.openverse.org/v1/images/6ec63ef0-d09a-4044-8a62-246a1c6f58b4/thumb/
23327,HANGING CLEAR MINI BOTTLE,0.63,General,https://api.openverse.org/v1/images/6ec63ef0-d09a-4044-8a62-246a1c6f58b4/thumb/
23328,SET 6 SCHOOL MILK BOTTLES IN CRATE,3.75,General,https://api.openverse.org/v1/images/1a44eb0c-2346-4dc7-9230-e593f4e34bee/thumb/
23329,DECORATIVE WICKER HEART LARGE,1.65,General,
23330,DECORATIVE WICKER HEART MEDIUM,1.25,General,
23331,DECORATIVE WICKER HEART SMALL,0.63,General,
23332,IVORY WICKER HEART LARGE,1.65,General,
23333,IVORY WICKER HEART MEDIUM,1.25,General,
23334,IVORY WICKER HEART SMALL,0.63,General,
23335,EGG FRYING PAN IVORY,2.08,General,
23336,EGG FRYING PAN PINK,2.08,General,
23337,EGG FRYING PAN MINT,2.08,General,
23338,EGG FRYING PAN RED,2.08,General,
23339,EGG FRYING PAN BLUE,2.08,General,
23340,VINTAGE CHRISTMAS CAKE FRILL,1.65,General,https://api.openverse.org/v1/images/932b48b5-3e66-443b-8a2e-642f8727a9ec/thumb/
23341,PINK DINER WALL CLOCK,8.50,General,https://api.openverse.org/v1/images/c214cdd4-b5a6-40f5-9d1b-883b6e386095/thumb/
23342,MINT DINER WALL CLOCK,8.50,General,https://api.openverse.org/v1/images/c214cdd4-b5a6-40f5-9d1b-883b6e386095/thumb/
23343,JUMBO BAG VINTAGE CHRISTMAS,2.08,General,https://api.openverse.org/v1/images/cb3e1d79-54b4-47d2-9678-84b342331819/thumb/
23344,JUMBO BAG 50'S CHRISTMAS,2.08,General,https://api.openverse.org/v1/images/cb3e1d79-54b4-47d2-9678-84b342331819/thumb/
23345,DOLLY GIRL BEAKER,1.25,General,https://api.openverse.org/v1/images/80fe1b58-6844-489e-8ee8-d538318dd5e5/thumb/
23346,SPACEBOY BEAKER,1.25,General,https://api.openverse.org/v1/images/80fe1b58-6844-489e-8ee8-d538318dd5e5/thumb/
23347,I LOVE LONDON BEAKER,1.25,General,https://api.openverse.org/v1/images/80fe1b58-6844-489e-8ee8-d538318dd5e5/thumb/
23348,CHILDRENS TOY COOKING UTENSIL SET,2.08,General,
23349,ROLL WRAP VINTAGE CHRISTMAS,1.25,General,https://api.openverse.org/v1/images/6dbda933-025f-41ea-8e49-85fe18db9274/thumb/
23350,ROLL WRAP VINTAGE SPOT,1.25,General,
23351,ROLL WRAP 50'S CHRISTMAS,1.25,General,https://api.openverse.org/v1/images/6dbda933-025f-41ea-8e49-85fe18db9274/thumb/
23352,ROLL WRAP 50'S RED CHRISTMAS,1.25,General,https://api.openverse.org/v1/images/6dbda933-025f-41ea-8e49-85fe18db9274/thumb/
23353,6 GIFT TAGS VINTAGE CHRISTMAS,0.83,General,
23354,6 GIFT TAGS 50'S CHRISTMAS,0.83,General,
23355,HOT WATER BOTTLE KEEP CALM,4.95,General,https://api.openverse.org/v1/images/561d3392-fc1f-4093-894d-b41287d9fa5e/thumb/
23356,LOVE HOT WATER BOTTLE,5.95,General,https://api.openverse.org/v1/images/6ec63ef0-d09a-4044-8a62-246a1c6f58b4/thumb/
23357,HOT WATER BOTTLE SEX BOMB,4.95,General,https://api.openverse.org/v1/images/af4cbee4-f59c-473d-b96e-b94e33c3bd35/thumb/
23358,HOT STUFF HOT WATER BOTTLE,3.75,General,https://api.openverse.org/v1/images/6ec63ef0-d09a-4044-8a62-246a1c6f58b4/thumb/
23359,SET OF 12 T-LIGHTS VINTAGE DOILY,1.95,General,https://api.openverse.org/v1/images/b5abaf15-1d5a-4fb1-800c-fc9de7255200/thumb/
23360,SET 8 CANDLES VINTAGE DOILY,1.95,General,https://api.openverse.org/v1/images/b5abaf15-1d5a-4fb1-800c-fc9de7255200/thumb/
23365,SET 12 COLOUR PENCILS LOVE LONDON,0.65,General,
23366,SET 12 COLOURING PENCILS DOILY,0.65,General,https://api.openverse.org/v1/images/b5abaf15-1d5a-4fb1-800c-fc9de7255200/thumb/
23367,SET 12 COLOUR PENCILS SPACEBOY,0.65,General,
23368,SET 12 COLOUR PENCILS DOLLY GIRL,0.65,General,https://api.openverse.org/v1/images/42478b17-1ad0-447a-ac75-3dfa6b7e5e18/thumb/
23369,SET 36 COLOUR PENCILS LOVE LONDON,1.25,General,
23370,SET 36 COLOURING PENCILS DOILY,1.25,General,https://api.openverse.org/v1/images/b5abaf15-1d5a-4fb1-800c-fc9de7255200/thumb/
23371,SET 36 COLOUR PENCILS SPACEBOY,1.25,General,
23372,SET 36 COLOUR PENCILS DOLLY GIRL,1.25,General,https://api.openverse.org/v1/images/42478b17-1ad0-447a-ac75-3dfa6b7e5e18/thumb/
23373,VINTAGE CHRISTMAS PAPER GIFT BAG,0.82,General,https://api.openverse.org/v1/images/cb3e1d79-54b4-47d2-9678-84b342331819/thumb/
23374,RED SPOT PAPER GIFT BAG,0.82,General,https://api.openverse.org/v1/images/cb3e1d79-54b4-47d2-9678-84b342331819/thumb/
23375,50'S CHRISTMAS PAPER GIFT BAG,0.82,General,https://api.openverse.org/v1/images/cb3e1d79-54b4-47d2-9678-84b342331819/thumb/
23376,PACK OF 12 VINTAGE CHRISTMAS TISSUE,0.39,General,
23377,PACK OF 12 DOLLY GIRL TISSUES,0.39,General,
23378,PACK OF 12 50'S CHRISTMAS TISSUES,0.39,General,
23379,PACK OF 12 RED APPLE TISSUES,0.39,General,
23380,PACK OF 12 VINTAGE DOILY TISSUES,0.39,General,
23381,PACK OF 12 VINTAGE LEAF TISSUES,0.39,General,
23382,BOX OF 6 CHRISTMAS CAKE DECORATIONS,3.75,General,https://api.openverse.org/v1/images/e9d6182a-6d55-46e6-9bfc-a1084236113a/thumb/
23388,WOODLAND MINI BACKPACK,4.15,General,https://api.openverse.org/v1/images/7c3fbfef-f7ac-4fbb-bcd6-8dd2b0808c20/thumb/
23389,SPACEBOY MINI BACKPACK,4.15,General,https://api.openverse.org/v1/images/7c3fbfef-f7ac-4fbb-bcd6-8dd2b0808c20/thumb/
23390,DOLLY GIRL MINI BACKPACK,4.15,General,https://api.openverse.org/v1/images/7c3fbfef-f7ac-4fbb-bcd6-8dd2b0808c20/thumb/
23391,I LOVE LONDON MINI BACKPACK,4.15,General,https://api.openverse.org/v1/images/7c3fbfef-f7ac-4fbb-bcd6-8dd2b0808c20/thumb/
23392,SPACEBOY ROCKET LOLLY MAKERS,2.08,General,
23393,HOME SWEET HOME CUSHION COVER,3.75,General,https://api.openverse.org/v1/images/3cd7adbe-bdf7-4633-b108-e861b6827dec/thumb/
23394,POSTE FRANCE CUSHION COVER,3.75,General,https://api.openverse.org/v1/images/3cd7adbe-bdf7-4633-b108-e861b6827dec/thumb/
23395,BELLE JARDINIERE CUSHION COVER,3.75,General,https://api.openverse.org/v1/images/3cd7adbe-bdf7-4633-b108-e861b6827dec/thumb/
23396,LE JARDIN BOTANIQUE CUSHION COVER,3.75,General,https://api.openverse.org/v1/images/3cd7adbe-bdf7-4633-b108-e861b6827dec/thumb/
23397,FOOT STOOL HOME SWEET HOME,9.95,General,
23398,HANGING HEART BONHEUR,0.85,General,https://api.openverse.org/v1/images/ad5f3658-0e4e-42e0-824b-91006df776d4/thumb/
23399,HOME SWEET HOME HANGING HEART,0.85,General,
23400,SHELF WITH 4 HOOKS HOME SWEET HOME,6.25,General,
23401,RUSTIC MIRROR WITH LACE HEART,6.25,General,
23402,HOME SWEET HOME 3 PEG HANGER,3.75,General,https://api.openverse.org/v1/images/b984bec7-0df5-47f0-b8d7-d6c67685f1e1/thumb/
23403,LETTER HOLDER HOME SWEET HOME,3.75,General,
23404,HOME SWEET HOME BLACKBOARD,4.95,General,https://api.openverse.org/v1/images/e11fbd8f-5c1a-4e18-9d38-7870bfd7007a/thumb/
23405,HOME SWEET HOME 2 DRAWER CABINET,4.95,General,https://api.openverse.org/v1/images/f4f13708-64ca-4b70-b384-0e3d34fd567f/thumb/
23406,HOME SWEET HOME KEY HOLDER,6.25,General,https://api.openverse.org/v1/images/dfed723f-0d7e-4814-900e-01daa1b92abc/thumb/
23407,SET OF 2 TRAYS HOME SWEET HOME,9.95,General,
23408,PHOTO FRAME LINEN AND LACE SMALL,2.08,General,
23409,PHOTO FRAME LINEN AND LACE LARGE,3.75,General,
23410,CURIO CABINET LINEN AND LACE,8.15,General,
23411,TRELLIS COAT RACK,4.95,General,
23412,HEART MIRROR ANTIQUE WHITE,7.50,General,https://api.openverse.org/v1/images/50a14bda-9275-4685-ae87-7dd051c3a213/thumb/
23413,VINTAGE COFFEE GRINDER BOX,4.95,General,https://api.openverse.org/v1/images/1190a5b6-5e15-4eb7-a0c8-ec57704d85aa/thumb/
23414,ZINC BOX SIGN HOME,9.95,General,
23415,HOME SWEET HOME HOOK,1.65,General,https://api.openverse.org/v1/images/1fc08491-7c6e-4183-be28-60a2ca87c2b7/thumb/
23416,CHAMBRE HOOK,1.65,General,https://api.openverse.org/v1/images/1fc08491-7c6e-4183-be28-60a2ca87c2b7/thumb/
23417,BATHROOM HOOK,1.65,General,https://api.openverse.org/v1/images/1fc08491-7c6e-4183-be28-60a2ca87c2b7/thumb/
23418,LAVENDER TOILETTE BOTTLE,2.08,General,https://api.openverse.org/v1/images/6ec63ef0-d09a-4044-8a62-246a1c6f58b4/thumb/
23419,HOME SWEET HOME BOTTLE,2.08,General,https://api.openverse.org/v1/images/6ec63ef0-d09a-4044-8a62-246a1c6f58b4/thumb/
23420,PANTRY HOOK TEA STRAINER,2.08,General,
23421,PANTRY HOOK SPATULA,2.08,General,
23422,PANTRY HOOK BALLOON WHISK,2.08,General,
23423,PANTRY 3 HOOK ROLLING PIN HANGER,3.75,General,https://api.openverse.org/v1/images/b984bec7-0df5-47f0-b8d7-d6c67685f1e1/thumb/
23424,GINGHAM RECIPE BOOK BOX,4.95,General,https://api.openverse.org/v1/images/1190a5b6-5e15-4eb7-a0c8-ec57704d85aa/thumb/
23425,STORAGE TIN HOME SWEET HOME,2.49,General,
23426,METAL SIGN DROP YOUR PANTS,2.89,General,
23427,STOOL HOME SWEET HOME,12.50,General,
23428,IVORY RETRO KITCHEN WALL CLOCK,8.15,General,https://api.openverse.org/v1/images/c214cdd4-b5a6-40f5-9d1b-883b6e386095/thumb/
23429,RED RETRO KITCHEN WALL CLOCK,8.15,General,https://api.openverse.org/v1/images/c214cdd4-b5a6-40f5-9d1b-883b6e386095/thumb/
23430,BLUE RETRO KITCHEN WALL CLOCK,8.15,General,https://api.openverse.org/v1/images/c214cdd4-b5a6-40f5-9d1b-883b6e386095/thumb/
23431,NATURAL HANGING QUILTED HEARTS,0.83,General,
23432,PRETTY HANGING QUILTED HEARTS,0.83,General,
23433,HANGING QUILTED PATCHWORK APPLES,0.83,General,https://api.openverse.org/v1/images/abe939b0-9741-4d30-b63e-19b08b3baf71/thumb/
23434,3 RAFFIA RIBBONS 50'S CHRISTMAS,0.79,General,
23435,3 RAFFIA RIBBONS VINTAGE CHRISTMAS,0.83,General,
23436,VINTAGE CHRISTMAS GIFT BAG LARGE,1.25,General,https://api.openverse.org/v1/images/cb3e1d79-54b4-47d2-9678-84b342331819/thumb/
23437,50'S CHRISTMAS GIFT BAG LARGE,1.25,General,https://api.openverse.org/v1/images/cb3e1d79-54b4-47d2-9678-84b342331819/thumb/
23438,RED SPOT GIFT BAG LARGE,1.25,General,https://api.openverse.org/v1/images/cb3e1d79-54b4-47d2-9678-84b342331819/thumb/
23439,HAND WARMER RED LOVE HEART,2.10,General,
23440,PAINT YOUR OWN EGGS IN CRATE,2.08,General,https://api.openverse.org/v1/images/1a44eb0c-2346-4dc7-9230-e593f4e34bee/thumb/
23441,HAND PAINTED HANGING EASTER EGG,0.42,General,https://api.openverse.org/v1/images/9ad156e7-e62e-4afd-b52b-0b4ddfc52bb4/thumb/
23442,12 HANGING EGGS HAND PAINTED,2.08,General,
23444,Next Day Carriage,15.00,General,https://api.openverse.org/v1/images/308bb910-80c8-42ee-a045-999af034dad9/thumb/
23445,ICE CREAM BUBBLES,0.83,General,https://api.openverse.org/v1/images/02150a10-f525-4d43-8db9-0f7d77686469/thumb/
23446,BLUE BUNNY EASTER EGG BASKET,1.65,General,https://api.openverse.org/v1/images/af89ea03-416d-4169-bac7-ba0837176dcc/thumb/
23447,PINK BUNNY EASTER EGG BASKET,1.65,General,https://api.openverse.org/v1/images/af89ea03-416d-4169-bac7-ba0837176dcc/thumb/
23448,CREAM BUNNY EASTER EGG BASKET,1.65,General,https://api.openverse.org/v1/images/af89ea03-416d-4169-bac7-ba0837176dcc/thumb/
23449,SET OF 6 EASTER RAINBOW CHICKS,1.25,General,https://api.openverse.org/v1/images/c1ba6e52-97fb-4d2f-85bd-d14d405247b0/thumb/
23451,SQUARE MINI PORTRAIT FRAME,1.95,General,https://api.openverse.org/v1/images/8ec53748-2acc-4984-8a6f-528cbb3fb3d9/thumb/
23452,HEART MINI PORTRAIT FRAME,1.95,General,https://api.openverse.org/v1/images/8ec53748-2acc-4984-8a6f-528cbb3fb3d9/thumb/
23453,OVAL  MINI PORTRAIT FRAME,1.95,General,https://api.openverse.org/v1/images/8ec53748-2acc-4984-8a6f-528cbb3fb3d9/thumb/
23454,THREE MINI HANGING FRAMES,4.15,General,https://api.openverse.org/v1/images/8ec53748-2acc-4984-8a6f-528cbb3fb3d9/thumb/
23455,SMALL PARLOUR PICTURE FRAME,2.89,General,https://api.openverse.org/v1/images/8ec53748-2acc-4984-8a6f-528cbb3fb3d9/thumb/
23456,MEDIUM PARLOUR PICTURE FRAME,4.15,General,https://api.openverse.org/v1/images/8ec53748-2acc-4984-8a6f-528cbb3fb3d9/thumb/
23457,LARGE PARLOUR PICTURE FRAME,4.95,General,https://api.openverse.org/v1/images/8ec53748-2acc-4984-8a6f-528cbb3fb3d9/thumb/
23458,DOLLY CABINET 3 DRAWERS,14.95,General,https://api.openverse.org/v1/images/52ce00df-859b-403a-a6fe-335ea584532e/thumb/
23459,DOLLY CABINET 2 DRAWERS,12.50,General,https://api.openverse.org/v1/images/52ce00df-859b-403a-a6fe-335ea584532e/thumb/
23460,SWEETHEART WALL TIDY,9.95,General,
23461,SWEETHEART BIRD HOUSE,4.15,General,
23462,ROCOCO WALL MIRROR WHITE,19.95,General,https://api.openverse.org/v1/images/50a14bda-9275-4685-ae87-7dd051c3a213/thumb/
23463,VINTAGE ZINC WATERING CAN,9.95,General,https://api.openverse.org/v1/images/13ed2519-a959-4401-9699-8f187b39b02d/thumb/
23464,VINTAGE ZINC WATERING CAN SMALL,4.95,General,https://api.openverse.org/v1/images/13ed2519-a959-4401-9699-8f187b39b02d/thumb/
23465,TUSCAN VILLA BIRD FEEDER,8.25,General,https://api.openverse.org/v1/images/45a08dfa-6e84-4a2c-a09a-c4dae570fab5/thumb/
23466,TUSCAN VILLA DOVECOTE BIRD FEEDER,8.25,General,https://api.openverse.org/v1/images/45a08dfa-6e84-4a2c-a09a-c4dae570fab5/thumb/
23467,VINTAGE ZINC PLANTER,3.29,General,
23468,TUSCAN VILLA BIRD TABLE,8.25,General,https://api.openverse.org/v1/images/c4d08a5b-c8a4-4b40-92f2-7fe03892dcbd/thumb/
23469,CARD HOLDER LOVE BIRD SMALL,4.15,General,https://api.openverse.org/v1/images/c4d08a5b-c8a4-4b40-92f2-7fe03892dcbd/thumb/
23470,CARD HOLDER LOVE BIRD LARGE,6.25,General,https://api.openverse.org/v1/images/c4d08a5b-c8a4-4b40-92f2-7fe03892dcbd/thumb/
23471,SIX DRAWER OFFICE TIDY,9.95,General,
23472,NINE DRAWER OFFICE TIDY,14.95,General,
23473,WOODLAND SMALL RED FELT HEART,0.83,General,
23474,WOODLAND SMALL BLUE FELT HEART,0.83,General,
23475,WOODLAND SMALL PINK FELT HEART,0.83,General,
23476,WOODLAND LARGE RED FELT HEART,1.25,General,
23477,WOODLAND LARGE BLUE FELT HEART,1.25,General,
23478,WOODLAND LARGE PINK FELT HEART,1.25,General,
23479,WIRE EGG BASKET,7.85,General,https://api.openverse.org/v1/images/af89ea03-416d-4169-bac7-ba0837176dcc/thumb/
23480,MINI LIGHTS WOODLAND MUSHROOMS,3.75,General,
23481,PEARLISED IVORY HEART SMALL,1.25,General,
23482,PEARLISED IVORY HEART LARGE,1.65,General,
23483,HANGING  BUTTERFLY T-LIGHT HOLDER,1.25,General,https://api.openverse.org/v1/images/dfed723f-0d7e-4814-900e-01daa1b92abc/thumb/
23484,HEART TRELLIS TRIPLE T-LIGHT HOLDER,2.89,General,https://api.openverse.org/v1/images/dfed723f-0d7e-4814-900e-01daa1b92abc/thumb/
23485,BOTANICAL GARDENS WALL CLOCK,25.00,General,https://api.openverse.org/v1/images/c214cdd4-b5a6-40f5-9d1b-883b6e386095/thumb/
23486,ANTIQUE HEART SHELF UNIT,16.65,General,
23487,SWEET HEART CAKE CARRIER,9.95,General,https://api.openverse.org/v1/images/2e7704db-b948-4602-9cad-635be31f57f7/thumb/
23489,VINTAGE BELLS GARLAND,2.89,General,https://api.openverse.org/v1/images/a97911af-e24d-4823-8bd3-92fd3af7c472/thumb/
23490,T-LIGHT HOLDER HANGING LOVE BIRD,3.75,General,https://api.openverse.org/v1/images/c4d08a5b-c8a4-4b40-92f2-7fe03892dcbd/thumb/
23491,VINTAGE JINGLE BELLS HEART,8.25,General,https://api.openverse.org/v1/images/b1ed4d2d-f256-4dca-b12f-cc11d1fca2a5/thumb/
23492,VINTAGE JINGLE BELLS WREATH,8.25,General,
23493,VINTAGE DOILY TRAVEL SEWING KIT,1.95,General,https://api.openverse.org/v1/images/c7a32cc5-3e99-4b9a-95cd-f5828f50ea34/thumb/
23494,VINTAGE DOILY DELUXE SEWING KIT,5.95,General,https://api.openverse.org/v1/images/c7a32cc5-3e99-4b9a-95cd-f5828f50ea34/thumb/
23495,SET OF 3 PANTRY WOODEN SPOONS,1.25,General,
23496,PANTRY KITCHEN THERMOMETER,1.25,General,
23497,CLASSIC CHROME BICYCLE BELL,1.45,General,https://api.openverse.org/v1/images/b1ed4d2d-f256-4dca-b12f-cc11d1fca2a5/thumb/
23498,CLASSIC BICYCLE CLIPS,1.45,General,https://api.openverse.org/v1/images/dfed723f-0d7e-4814-900e-01daa1b92abc/thumb/
23499,SET 12 VINTAGE DOILY CHALK,0.42,General,https://api.openverse.org/v1/images/78b500fc-4089-405a-bd22-3413c3028b79/thumb/
23500,KEY RING BASEBALL BOOT ASSORTED,1.25,General,https://api.openverse.org/v1/images/b18afb0e-adaf-42f3-ae54-3fc2099ba3c6/thumb/
23501,KEY RING BASEBALL BOOT UNION JACK,1.25,General,
23502,PLAYING CARDS VINTAGE DOILY,1.25,General,https://api.openverse.org/v1/images/b5abaf15-1d5a-4fb1-800c-fc9de7255200/thumb/
23503,PLAYING CARDS KEEP CALM & CARRY ON,1.25,General,https://api.openverse.org/v1/images/f44a6b0f-6695-4dc3-951f-358986ce431d/thumb/
23504,PLAYING CARDS JUBILEE UNION JACK,1.25,General,
23505,PLAYING CARDS I LOVE LONDON,1.25,General,
23506,MINI PLAYING CARDS SPACEBOY,0.42,General,
23507,MINI PLAYING CARDS BUFFALO BILL,0.42,General,https://api.openverse.org/v1/images/9903201b-bd96-4c9a-bcbd-06533cf65b9c/thumb/
23508,MINI PLAYING CARDS DOLLY GIRL,0.42,General,https://api.openverse.org/v1/images/42478b17-1ad0-447a-ac75-3dfa6b7e5e18/thumb/
23509,MINI PLAYING CARDS FUN FAIR,0.42,General,https://api.openverse.org/v1/images/55b5517a-23d9-418d-bfd7-03010483b925/thumb/
23510,MINI PLAYING CARDS GYMKHANA,0.42,General,https://api.openverse.org/v1/images/68609e31-7794-422c-bad9-8db73823924e/thumb/
23511,EMBROIDERED RIBBON REEL EMILY,2.08,General,https://api.openverse.org/v1/images/6f65eef0-e910-4ba5-9ec0-827af3943923/thumb/
23512,EMBROIDERED RIBBON REEL ROSIE,2.08,General,
23513,EMBROIDERED RIBBON REEL SUSIE,2.08,General,
23514,EMBROIDERED RIBBON REEL SALLY,2.08,General,
23515,EMBROIDERED RIBBON REEL DAISY,2.08,General,https://api.openverse.org/v1/images/58cf07e2-849a-4e12-a222-284f63fda360/thumb/
23516,EMBROIDERED RIBBON REEL SOPHIE,3.75,General,
23517,EMBROIDERED RIBBON REEL REBECCA,2.89,General,
23518,EMBROIDERED RIBBON REEL RACHEL,2.89,General,
23519,EMBROIDERED RIBBON REEL CLAIRE,3.75,General,https://api.openverse.org/v1/images/7a24a5b9-3b36-4393-9afe-742a2c481ad0/thumb/
23520,EMBROIDERED RIBBON REEL RUBY,3.75,General,
23521,WALL ART CAT AND BIRD,4.34,General,https://api.openverse.org/v1/images/c4d08a5b-c8a4-4b40-92f2-7fe03892dcbd/thumb/
23522,WALL ART DOG AND BALL,2.89,General,https://api.openverse.org/v1/images/971070ab-c6c2-40a3-89d2-1103bb39a07f/thumb/
23523,WALL ART TREASURE AHOY,3.75,General,https://api.openverse.org/v1/images/60265662-e82b-4c8f-9267-ec71254b4e2e/thumb/
23524,WALL ART HORSE & PONY,3.75,General,
23525,WALL ART BUFFALO BILL,3.75,General,https://api.openverse.org/v1/images/9903201b-bd96-4c9a-bcbd-06533cf65b9c/thumb/
23526,WALL ART DOG LICENCE,5.95,General,
23527,WALL ART ANIMALS AND NATURE,3.75,General,
23528,WALL ART SPACEBOY,3.75,General,
23529,WALL ART DOLLY GIRL,3.75,General,https://api.openverse.org/v1/images/42478b17-1ad0-447a-ac75-3dfa6b7e5e18/thumb/
23530,WALL ART ONLY ONE PERSON,4.95,General,
23531,WALL ART BIG LOVE,6.95,General,
23532,WALL ART WORK REST AND PLAY,4.95,General,
23533,WALL ART GARDEN HAVEN,5.95,General,https://api.openverse.org/v1/images/71fc2e32-e419-4c0b-b8cf-b1eadc114835/thumb/
23534,WALL ART STOP FOR TEA,5.95,General,
23535,WALL ART BICYCLE SAFETY,5.95,General,
23536,WALL ART VILLAGE SHOW,5.95,General,
23537,WALL ART I LOVE LONDON,4.95,General,
23538,WALL ART VINTAGE HEART,4.95,General,https://api.openverse.org/v1/images/f5ab3e3e-0c85-49d4-9a73-a044a9ff7096/thumb/
23539,WALL ART LOVES' SECRET,5.95,General,
23540,WALL ART THE MAGIC FOREST,6.95,General,https://api.openverse.org/v1/images/937a1001-5040-4f05-8c39-76cdd1d0c791/thumb/
23541,WALL ART CLASSIC PUDDINGS,8.25,General,
23542,WALL ART 70'S ALPHABET,8.25,General,https://api.openverse.org/v1/images/93ac7dfc-e4a5-45ba-b29a-71ee3be708e0/thumb/
23543,WALL ART KEEP CALM,8.25,General,https://api.openverse.org/v1/images/561d3392-fc1f-4093-894d-b41287d9fa5e/thumb/
23544,WALL ART MID CENTURY MODERN,8.25,General,
23545,WRAP RED VINTAGE DOILY,0.42,General,https://api.openverse.org/v1/images/b5abaf15-1d5a-4fb1-800c-fc9de7255200/thumb/
23546,WRAP PAISLEY PARK,0.42,General,
23547,WRAP FLOWER SHOP,0.42,General,
23548,WRAP MAGIC FOREST,0.42,General,https://api.openverse.org/v1/images/937a1001-5040-4f05-8c39-76cdd1d0c791/thumb/
23549,WRAP BIRD GARDEN,0.42,General,https://api.openverse.org/v1/images/86ec59f2-d0c8-41e9-b1ec-0619170d115f/thumb/
23550,WRAP ALPHABET POSTER,0.42,General,
23551,PACK OF 12 PAISLEY PARK TISSUES,0.39,General,
23552,BICYCLE PUNCTURE REPAIR KIT,2.08,General,https://api.openverse.org/v1/images/c7a32cc5-3e99-4b9a-95cd-f5828f50ea34/thumb/
23553,LANDMARK FRAME CAMDEN TOWN,12.50,General,
23554,LANDMARK FRAME OXFORD STREET,12.50,General,
23555,LANDMARK FRAME NOTTING HILL,12.50,General,
23556,LANDMARK FRAME COVENT GARDEN,12.50,General,https://api.openverse.org/v1/images/86ec59f2-d0c8-41e9-b1ec-0619170d115f/thumb/
23557,LANDMARK FRAME BAKER STREET,12.50,General,
23558,LANDMARK FRAME LONDON BRIDGE,12.50,General,https://api.openverse.org/v1/images/5ac56238-dca7-4dda-94df-169a60267dab/thumb/
23559,WOODLAND BUNNIES LOLLY MAKERS,2.08,General,
23560,SET OF 6 RIBBONS COUNTRY STYLE,2.89,General,https://api.openverse.org/v1/images/bab4ec2a-8980-4e07-877b-a39ce41c1ec6/thumb/
23561,SET OF 6 RIBBONS PARTY,2.89,General,
23562,SET OF 6 RIBBONS PERFECTLY PRETTY,2.89,General,
23564,EGG CUP MILKMAID INGRID,1.25,General,
23565,EGG CUP MILKMAID HELGA,1.25,General,
23566,EGG CUP MILKMAID HEIDI,1.25,General,
23567,EGG CUP HENRIETTA HEN PINK,1.25,General,
23568,EGG CUP HENRIETTA HEN CREAM,1.25,General,
23569,TRADTIONAL ALPHABET STAMP SET,4.95,General,
23570,TRADITIONAL PICK UP STICKS GAME,1.25,General,https://api.openverse.org/v1/images/95dc3996-449b-49ab-9f78-772218683dbe/thumb/
23571,TRADITIONAL NAUGHTS & CROSSES,1.65,General,https://api.openverse.org/v1/images/18271ea4-19c9-4d78-bf38-742c10a524c3/thumb/
23574,PACKING CHARGE,7.50,General,https://api.openverse.org/v1/images/3590582e-8d9f-4cfb-bbd9-ebb6c1fd4f8c/thumb/
23575,SNACK TRAY PAISLEY PARK,1.95,General,
23576,SNACK TRAY RED VINTAGE DOILY,1.95,General,https://api.openverse.org/v1/images/b5abaf15-1d5a-4fb1-800c-fc9de7255200/thumb/
23578,SNACK TRAY RED GINGHAM,1.95,General,https://api.openverse.org/v1/images/6760dd66-c96f-4e74-ba1f-1e6edee77d72/thumb/
23579,SNACK TRAY I LOVE LONDON,1.95,General,
23580,SNACK TRAY HAPPY FOREST,1.95,General,https://api.openverse.org/v1/images/937a1001-5040-4f05-8c39-76cdd1d0c791/thumb/
23581,JUMBO BAG PAISLEY PARK,2.08,General,
23582,VINTAGE DOILY JUMBO BAG RED,2.08,General,https://api.openverse.org/v1/images/cb3e1d79-54b4-47d2-9678-84b342331819/thumb/
23583,LUNCH BAG PAISLEY PARK,1.65,General,
23597,PAPER BUNTING PAISLEY PARK,2.95,General,
23598,PAPER BUNTING VINTAGE PARTY,2.95,General,https://api.openverse.org/v1/images/1a953731-c4da-4d60-8b00-df1c28a9ca24/thumb/
23601,SET 10 CARDS SNOWY SNOWDROPS  17100,2.49,General,
23602,SET 10 CARDS 3 WISE MEN 17107,2.91,General,
23603,SET 10 CARD KRAFT REINDEER 17084,2.49,General,
23604,SET 10 MINI SANTA & SNOWMAN  17087,1.66,General,
23605,SET 10 CARDS 12 DAYS OF XMAS 17059,2.91,General,
23607,SET 10 CARDS HATS & STOCKINGS 17081,1.66,General,
23608,SET 10 CARDS RUDOLPHS NOSE 17097,2.91,General,
23609,SET 10 CARDS SNOWY ROBIN 17099,2.91,General,
23610,SET 10 CARDS CHRISTMAS ROBIN 17095,2.08,General,
23611,SET 10 CARDS RED RIDING HOOD 17214,2.49,General,
23612,SET 10 MINICARDS CUTE SNOWMAN 17071,1.66,General,
23613,SET 10 XMAS CARDS & BADGES 17070,2.49,General,https://api.openverse.org/v1/images/d288de7f-321a-43d6-93ed-8dbeeebf25bc/thumb/
23614,SET 10 CARDS 12 DAYS WRAP  17058,3.33,General,https://api.openverse.org/v1/images/6dbda933-025f-41ea-8e49-85fe18db9274/thumb/
23615,SET 10 CARDS PRINTED GRAPHIC 17219,2.49,General,https://api.openverse.org/v1/images/5b554e94-7c05-4dd7-a478-19ffdc3d4675/thumb/
23616,SET 10 CARDS JINGLE BELLS 17217,2.49,General,https://api.openverse.org/v1/images/b1ed4d2d-f256-4dca-b12f-cc11d1fca2a5/thumb/
23617,SET 10 CARDS SWIRLY XMAS TREE 17104,2.91,General,https://api.openverse.org/v1/images/d224c01b-ea04-4ba0-abfa-30a0b719aa66/thumb/
23619,SET 10 CARDS POINSETTIA 17093,2.49,General,
23620,SET 10 CARDS PERFECT POST 17090,2.49,General,
23621,SET 10 CARDS DAVID'S MADONNA 17074,2.49,General,
23623,SET 10 CARD CHRISTMAS WELCOME 17112,2.91,General,
23624,SET 10 CARD PERFECT NATIVITY 17089,2.49,General,
23625,SET 6 CARDS SPARKLY REINDEER 17262,4.99,General,
23626,SET 10 CARDS DINKY TREE 17076,2.49,General,https://api.openverse.org/v1/images/d224c01b-ea04-4ba0-abfa-30a0b719aa66/thumb/
23627,SET 10 CARDS XMAS GRAPHIC  17218,2.49,General,https://api.openverse.org/v1/images/5b554e94-7c05-4dd7-a478-19ffdc3d4675/thumb/
23628,SET 10 CARDS TRIANGLE ICONS  17220,2.91,General,
23629,SET 10 CARDS DRESSING UP 17077,2.49,General,https://api.openverse.org/v1/images/3a9e320a-5f27-4e60-b2f4-514c63562265/thumb/
23630,SET 10 CARDS HANGING BAUBLES 17080,2.74,General,https://api.openverse.org/v1/images/34c4d1eb-4502-4372-bf12-be02d55b974f/thumb/
23632,SET 10 CARDS CHEERFUL ROBIN 17065,2.08,General,
23633,SET 10 CARDS WORLD CHILDREN 17067,2.49,General,https://api.openverse.org/v1/images/7fb9581f-824a-4e8a-8483-b958cd50855c/thumb/
23634,SET 10 CARDS XMAS CHOIR 17068,2.91,General,https://api.openverse.org/v1/images/1ccd5b73-931d-4572-83c9-e47793f4465e/thumb/
23635,SET 10 CARDS CHRISTMAS HOLLY  17259,4.16,General,
23636,SET 10 CARDS WISHING TREE 17116,2.91,General,https://api.openverse.org/v1/images/d224c01b-ea04-4ba0-abfa-30a0b719aa66/thumb/
23637,SET 10 CARDS OUT OF ORDER 17216,2.49,General,
23638,SET 10 CARDS ROBIN WATERPUMP  17096,2.91,General,
23639,SET 10 CARDS MAGICAL TREE 17086,3.33,General,https://api.openverse.org/v1/images/d224c01b-ea04-4ba0-abfa-30a0b719aa66/thumb/
23640,SET 10 CARDS SCOTTIE DOG 17211,2.49,General,https://api.openverse.org/v1/images/dcef0b54-2338-4141-9be0-1b5bb50fa729/thumb/
23643,SET 10 CARDS CHRISTMAS BAUBLE 16954,3.33,General,https://api.openverse.org/v1/images/34c4d1eb-4502-4372-bf12-be02d55b974f/thumb/
23644,SET 10 CARDS CHRISTMAS TREE 16955,3.33,General,https://api.openverse.org/v1/images/d224c01b-ea04-4ba0-abfa-30a0b719aa66/thumb/
23645,SET 10 CHRISTMAS CARDS HOHOHO 16956,2.49,General,
23646,SET 10 CARDS JINGLE BELLS 16957,2.49,General,https://api.openverse.org/v1/images/b1ed4d2d-f256-4dca-b12f-cc11d1fca2a5/thumb/
23649,SET 10 CARDS DECK THE HALLS 16960,2.49,General,https://api.openverse.org/v1/images/0d453b0c-9380-4997-bceb-b898700bd878/thumb/
23650,SET 10 CARDS FILIGREE BAUBLE 16961,2.49,General,https://api.openverse.org/v1/images/34c4d1eb-4502-4372-bf12-be02d55b974f/thumb/
23652,SET 10 CARD CHRISTMAS STAMPS 16963,2.91,General,
23654,SET 10 CARD SNOWMAN 16965,2.49,General,
23660,HENRIETTA HEN MUG,1.65,General,https://api.openverse.org/v1/images/5f490aab-714a-4ab0-ba1c-65035a8ab4fb/thumb/
23661,MILK MAIDS MUG,1.65,General,https://api.openverse.org/v1/images/5f490aab-714a-4ab0-ba1c-65035a8ab4fb/thumb/
23664,FLOWER SHOP DESIGN MUG,1.65,General,https://api.openverse.org/v1/images/5f490aab-714a-4ab0-ba1c-65035a8ab4fb/thumb/
23681,LUNCH BAG RED VINTAGE DOILY,1.65,General,https://api.openverse.org/v1/images/b5abaf15-1d5a-4fb1-800c-fc9de7255200/thumb/
23691,WRAP KEEP CALM BIRTHDAY,0.42,General,https://api.openverse.org/v1/images/561d3392-fc1f-4093-894d-b41287d9fa5e/thumb/
23692,WRAP A PRETTY THANK YOU,0.42,General,
23694,PAISLEY PARK CARD,0.42,General,https://api.openverse.org/v1/images/ee25693d-43c7-4992-915e-152096f89076/thumb/
23695,DOILY THANK YOU CARD,0.42,General,https://api.openverse.org/v1/images/ee25693d-43c7-4992-915e-152096f89076/thumb/
23697,A PRETTY THANK YOU CARD,0.42,General,https://api.openverse.org/v1/images/ee25693d-43c7-4992-915e-152096f89076/thumb/
23702,High Resolution Image,3.00,General,
23843,"PAPER CRAFT , LITTLE BIRDIE",2.08,General,https://api.openverse.org/v1/images/f82fe9eb-5869-4acf-b824-82514c70c4c3/thumb/
30086C,ASSORTED FRUIT STRAWS,1.70,General,
35001B,HAND OPEN SHAPE BLACK,3.49,General,
35001G,HAND OPEN SHAPE GOLD,4.25,General,
35001P,HAND OPEN SHAPE PINK,3.49,General,
35001W,HAND OPEN SHAPE DECO.WHITE,3.49,General,https://api.openverse.org/v1/images/eb79c924-64e5-45ec-8835-ef179b441794/thumb/
35004B,SET OF 3 BLACK FLYING DUCKS,5.79,General,https://api.openverse.org/v1/images/adf62fcf-7dc4-4731-addb-d2eea43c801c/thumb/
35004C,SET OF 3 COLOURED  FLYING DUCKS,5.45,General,https://api.openverse.org/v1/images/adf62fcf-7dc4-4731-addb-d2eea43c801c/thumb/
35004G,SET OF 3 GOLD FLYING DUCKS,6.35,General,https://api.openverse.org/v1/images/adf62fcf-7dc4-4731-addb-d2eea43c801c/thumb/
35004P,SET OF 3 PINK FLYING DUCKS,5.68,General,https://api.openverse.org/v1/images/adf62fcf-7dc4-4731-addb-d2eea43c801c/thumb/
35004S,SET OF 3 SILVER FLYING DUCKS,6.35,General,https://api.openverse.org/v1/images/adf62fcf-7dc4-4731-addb-d2eea43c801c/thumb/
35015,JACOBS LADDER SMALL,0.06,General,
35051B,PINK BEADED CONE CHRISTMAS,0.42,General,https://api.openverse.org/v1/images/93b84bed-9f9b-4481-b2b6-f6eb05c47ffe/thumb/
35071,ASSORTED SANTA CHRISTMAS DECORATION,0.85,General,https://api.openverse.org/v1/images/e9d6182a-6d55-46e6-9bfc-a1084236113a/thumb/
35085E,IVORY ROSE LAMPSHADE,1.25,General,
35095A,BLUE VICTORIAN FABRIC OVAL BOX,0.83,General,https://api.openverse.org/v1/images/1190a5b6-5e15-4eb7-a0c8-ec57704d85aa/thumb/
35095B,RED VICTORIAN FABRIC OVAL BOX,0.42,General,https://api.openverse.org/v1/images/1190a5b6-5e15-4eb7-a0c8-ec57704d85aa/thumb/
35096A,BLUE VICTORIAN FABRIC HEART BOX,0.84,General,https://api.openverse.org/v1/images/1190a5b6-5e15-4eb7-a0c8-ec57704d85aa/thumb/
35096B,RED VICTORIAN FABRIC HEART BOX,0.42,General,https://api.openverse.org/v1/images/1190a5b6-5e15-4eb7-a0c8-ec57704d85aa/thumb/
35160,BUDDHA INCENSE HOLDER ASSORTED,0.85,General,https://api.openverse.org/v1/images/dfed723f-0d7e-4814-900e-01daa1b92abc/thumb/
35233,PASTA ENAMEL/BRASS CONTAINER,3.75,General,https://api.openverse.org/v1/images/ec9e1b64-dc3b-4852-833f-662c04c37337/thumb/
35240,ENAMEL BLUE RIM OVAL TRAY SET/2,8.49,General,https://api.openverse.org/v1/images/f2e4e7aa-e3d0-4c0d-b59a-e717dd128a65/thumb/
35241,ENAMEL BLUE RIM BISCUIT BIN,4.95,General,https://api.openverse.org/v1/images/f93fce2b-cf12-4103-ba81-77143148e088/thumb/
35265,COLOURFUL FLOWER FRUIT BOWL,1.95,General,https://api.openverse.org/v1/images/dcf29c13-b3ea-4a75-91c9-6c5892fc52c7/thumb/
35271S,GOLD PRINT PAPER BAG,0.19,General,https://api.openverse.org/v1/images/cb3e1d79-54b4-47d2-9678-84b342331819/thumb/
35400,WOODEN BOX ADVENT CALENDAR,8.95,General,https://api.openverse.org/v1/images/f0794aea-2daa-40eb-87f7-b26de591e4b3/thumb/
35443,RASTA IN BATH W SPLIFF ASHTRAY,0.85,General,https://api.openverse.org/v1/images/16869246-26c8-480c-b54f-179b18c7bddb/thumb/
35471A,SET OF 3 BIRD L.BLUE FEATHER,1.25,General,https://api.openverse.org/v1/images/70cca4d8-9338-4dd9-83e6-e40fb4da9c92/thumb/
35471D,SET OF 3 BIRD LIGHT PINK FEATHER,1.25,General,https://api.openverse.org/v1/images/70cca4d8-9338-4dd9-83e6-e40fb4da9c92/thumb/
35537,CANDLE RING W/CLEAR BEADS,0.42,General,https://api.openverse.org/v1/images/7eabdd52-92e2-4e83-bc31-103cfb50608d/thumb/
35591T,TURQUOISE CHRISTMAS TREE,1.25,General,https://api.openverse.org/v1/images/d224c01b-ea04-4ba0-abfa-30a0b719aa66/thumb/
35594,WOODEN CHRISTMAS TREE 3 HANGING,0.42,General,https://api.openverse.org/v1/images/d224c01b-ea04-4ba0-abfa-30a0b719aa66/thumb/
35596,WOOD XMAS TREE 9 FIG SHELVES,0.85,General,
35597A,DUSTY PINK CHRISTMAS TREE 30CM,1.25,General,https://api.openverse.org/v1/images/d224c01b-ea04-4ba0-abfa-30a0b719aa66/thumb/
35597B,BLACKCHRISTMAS TREE 30CM,1.25,General,https://api.openverse.org/v1/images/d224c01b-ea04-4ba0-abfa-30a0b719aa66/thumb/
35597D,PINK/WHITE CHRISTMAS TREE 30CM,0.65,General,https://api.openverse.org/v1/images/d224c01b-ea04-4ba0-abfa-30a0b719aa66/thumb/
35598A,DUSTY PINK CHRISTMAS TREE 60CM,2.95,General,https://api.openverse.org/v1/images/d224c01b-ea04-4ba0-abfa-30a0b719aa66/thumb/
35598B,BLACK CHRISTMAS TREE 60CM,2.95,General,https://api.openverse.org/v1/images/d224c01b-ea04-4ba0-abfa-30a0b719aa66/thumb/
35598C,WHITE CHRISTMAS TREE 60CM,2.95,General,https://api.openverse.org/v1/images/d224c01b-ea04-4ba0-abfa-30a0b719aa66/thumb/
35598D,PINK/WHITE CHRISTMAS TREE 60CM,2.46,General,https://api.openverse.org/v1/images/d224c01b-ea04-4ba0-abfa-30a0b719aa66/thumb/
35599B,BLACK CHRISTMAS TREE 120CM,5.91,General,https://api.openverse.org/v1/images/d224c01b-ea04-4ba0-abfa-30a0b719aa66/thumb/
35599D,PINK AND WHITE CHRISTMAS TREE 120CM,5.91,General,https://api.openverse.org/v1/images/d224c01b-ea04-4ba0-abfa-30a0b719aa66/thumb/
35600D,PINK AND WHITE CHRISTMAS TREE 180CM,2.95,General,https://api.openverse.org/v1/images/d224c01b-ea04-4ba0-abfa-30a0b719aa66/thumb/
35603B,S/16 BLACK SHINY/MAT BAUBLES,0.42,General,https://api.openverse.org/v1/images/34c4d1eb-4502-4372-bf12-be02d55b974f/thumb/
35603C,SET/16 WHITE SHINY & MATT BAUBLES,0.42,General,https://api.openverse.org/v1/images/34c4d1eb-4502-4372-bf12-be02d55b974f/thumb/
35607A,PINK FLUFFY CHRISTMAS DECORATION,0.19,General,https://api.openverse.org/v1/images/e9d6182a-6d55-46e6-9bfc-a1084236113a/thumb/
35607B,BLACK FEATHER CHRISTMAS DECORATION,0.19,General,https://api.openverse.org/v1/images/e9d6182a-6d55-46e6-9bfc-a1084236113a/thumb/
35609A,PINK FEATHER CHRISTMAS DECORATION,0.19,General,https://api.openverse.org/v1/images/e9d6182a-6d55-46e6-9bfc-a1084236113a/thumb/
35610A,PINK CHRISTMAS FLOCK DROPLET,1.25,General,https://api.openverse.org/v1/images/96cb84ea-9ae8-4727-b362-85ddb485fe0c/thumb/
35610B,BLACK CHRISTMAS FLOCK DROPLET,1.25,General,https://api.openverse.org/v1/images/96cb84ea-9ae8-4727-b362-85ddb485fe0c/thumb/
35610C,WHITE CHRISTMAS FLOCK DROPLET,1.25,General,https://api.openverse.org/v1/images/96cb84ea-9ae8-4727-b362-85ddb485fe0c/thumb/
35611B,BLACK ASSORTED DROPLET DECORATION,0.38,General,https://api.openverse.org/v1/images/e9d6182a-6d55-46e6-9bfc-a1084236113a/thumb/
35633B,BLUE TINSEL GARLAND,0.19,General,https://api.openverse.org/v1/images/a97911af-e24d-4823-8bd3-92fd3af7c472/thumb/
35637A,IVORY STRING CURTAIN WITH POLE,5.95,General,
35637C,PINK STRING CURTAIN WITH POLE,5.95,General,
35638A,PINK AND BLACK STRING CURTAIN,3.95,General,https://api.openverse.org/v1/images/9ceefc95-7af1-4004-a3bb-6fcf05fe2999/thumb/
35638B,PINK/BLUE STRING CURTAIN,5.95,General,https://api.openverse.org/v1/images/9ceefc95-7af1-4004-a3bb-6fcf05fe2999/thumb/
35644,PAIR PINK/BLACK COATHANGERS,1.95,General,https://api.openverse.org/v1/images/a7c1e025-63dd-472c-b8dc-9fa545c41354/thumb/
35645,VINTAGE BEAD PINK JEWEL BOX,4.25,General,https://api.openverse.org/v1/images/1190a5b6-5e15-4eb7-a0c8-ec57704d85aa/thumb/
35646,VINTAGE BEAD PINK EVENING BAG,2.46,General,https://api.openverse.org/v1/images/cb3e1d79-54b4-47d2-9678-84b342331819/thumb/
35647,VINTAGE BEAD PINK SHADE,1.25,General,
35648,VINTAGE BEAD PINK PURSE,1.63,General,https://api.openverse.org/v1/images/81ab0a1d-2964-4a2f-a4fe-7f105e59de40/thumb/
35649,VINTAGE BEAD COSMETIC BAG,2.46,General,https://api.openverse.org/v1/images/cb3e1d79-54b4-47d2-9678-84b342331819/thumb/
35650,VINTAGE BEAD PINK JEWEL STAND,4.95,General,https://api.openverse.org/v1/images/1c805922-fd5f-49af-9cb5-f438ca31390b/thumb/
35651,VINTAGE BEAD PINK SCARF,1.65,General,
35652,VINTAGE BEAD CHAISE LONG JEWEL BOX,3.62,General,https://api.openverse.org/v1/images/1190a5b6-5e15-4eb7-a0c8-ec57704d85aa/thumb/
35653,VINTAGE BEAD NOTEBOOK,2.95,General,https://api.openverse.org/v1/images/bc534457-cd5d-4887-ad2c-f42c33344be5/thumb/
35654,VINTAGE BEAD FILLED PINK CUSHION,4.95,General,https://api.openverse.org/v1/images/1a36bd86-0db6-40b6-8622-ed1d0c2d46df/thumb/
35751C,PURPLE CURRENT CANDLE RING,0.47,General,https://api.openverse.org/v1/images/39e17456-3795-4ef9-9fba-143906935f6f/thumb/
35751D,PINK CURRENT CANDLE RING,0.19,General,https://api.openverse.org/v1/images/39e17456-3795-4ef9-9fba-143906935f6f/thumb/
35793,S/3 PUPPIES CHRISTMAS DECORATIONS,2.95,General,https://api.openverse.org/v1/images/e9d6182a-6d55-46e6-9bfc-a1084236113a/thumb/
35809A,ENAMEL PINK TEA CONTAINER,2.10,General,https://api.openverse.org/v1/images/ec9e1b64-dc3b-4852-833f-662c04c37337/thumb/
35809B,ENAMEL BLUE RIM TEA CONTAINER,2.10,General,https://api.openverse.org/v1/images/ec9e1b64-dc3b-4852-833f-662c04c37337/thumb/
35810A,ENAMEL PINK COFFEE CONTAINER,2.10,General,https://api.openverse.org/v1/images/ec9e1b64-dc3b-4852-833f-662c04c37337/thumb/
35810B,ENAMEL BLUE RIM COFFEE CONTAINER,2.10,General,https://api.openverse.org/v1/images/ec9e1b64-dc3b-4852-833f-662c04c37337/thumb/
35811A,ENAMEL PINK SUGAR CONTAINER,2.10,General,https://api.openverse.org/v1/images/ec9e1b64-dc3b-4852-833f-662c04c37337/thumb/
35815B,"ACRYLIC JEWEL SNOWFLAKE,BLUE",0.38,General,
35815P,"ACRYLIC JEWEL SNOWFLAKE, PINK",0.38,General,
35816B,"ACRYLIC JEWEL ANGEL,BLUE",1.25,General,https://api.openverse.org/v1/images/4ecc7ae2-d8b7-4f08-b6ae-0e6c1eb67a55/thumb/
35816P,"ACRYLIC JEWEL ANGEL,PINK",1.25,General,https://api.openverse.org/v1/images/4ecc7ae2-d8b7-4f08-b6ae-0e6c1eb67a55/thumb/
35817B,"ACRYLIC JEWEL SNOWFLAKE,BLUE",2.55,General,
35817P,"ACRYLIC JEWEL SNOWFLAKE,PINK",0.38,General,
35818B,"ACRYLIC JEWEL ICICLE, BLUE",0.38,General,
35818C,"ACRYLIC JEWEL ICICLE, CLEAR",3.43,General,https://api.openverse.org/v1/images/66ad3579-39d1-4892-9d99-49bc106c7485/thumb/
35818P,"ACRYLIC JEWEL ICICLE, PINK",0.38,General,
35819B,"ACRYLIC HANGING JEWEL,BLUE",0.38,General,
35819P,"ACRYLIC HANGING JEWEL,PINK",0.38,General,
35821B,"JEWELLED DECORATION,BLUE",0.38,General,https://api.openverse.org/v1/images/e9d6182a-6d55-46e6-9bfc-a1084236113a/thumb/
35821P,"JEWELLED DECORATION,PINK",2.95,General,https://api.openverse.org/v1/images/e9d6182a-6d55-46e6-9bfc-a1084236113a/thumb/
35822B,"ACRYLIC BEAD CHAIN, BLUE",0.38,General,https://api.openverse.org/v1/images/5d6db290-c92a-4ad0-9065-1e9354ad3ae8/thumb/
35822P,"ACRYLIC BEAD CHAIN, PINK",0.38,General,https://api.openverse.org/v1/images/5d6db290-c92a-4ad0-9065-1e9354ad3ae8/thumb/
35823P,"ACRYLIC BEAD GARLAND,PINK",2.95,General,https://api.openverse.org/v1/images/a97911af-e24d-4823-8bd3-92fd3af7c472/thumb/
35824B,"HANGING FLOWERS+MIRROR,BLUE",0.38,General,https://api.openverse.org/v1/images/50a14bda-9275-4685-ae87-7dd051c3a213/thumb/
35824C,"HANGING FLOWERS+MIRROR,CLEAR",0.94,General,https://api.openverse.org/v1/images/66ad3579-39d1-4892-9d99-49bc106c7485/thumb/
35824P,"HANGING FLOWERS+MIRROR,PINK",0.38,General,https://api.openverse.org/v1/images/50a14bda-9275-4685-ae87-7dd051c3a213/thumb/
35832,WOOLLY HAT SOCK GLOVE ADVENT STRING,2.95,General,
35833G,4 GOLD FLOCK CHRISTMAS BALLS,1.25,General,https://api.openverse.org/v1/images/971070ab-c6c2-40a3-89d2-1103bb39a07f/thumb/
35833P,4 PINK FLOCK CHRISTMAS BALLS,1.25,General,https://api.openverse.org/v1/images/971070ab-c6c2-40a3-89d2-1103bb39a07f/thumb/
35837,SET OF SIX SILVER+RED FLOCK BAUBLES,0.85,General,https://api.openverse.org/v1/images/34c4d1eb-4502-4372-bf12-be02d55b974f/thumb/
35838A,S/6 MULTICOLOUR ORNAMENETAL CANDLE,0.85,General,https://api.openverse.org/v1/images/08b80744-52cf-4b6f-98fb-c03218cfb7b2/thumb/
35838B,S/6 SILVER ORNAMENETAL CANDLE,0.85,General,https://api.openverse.org/v1/images/08b80744-52cf-4b6f-98fb-c03218cfb7b2/thumb/
35840,FLAT GLASS  BAUBLE WHITE FLOCK,2.55,General,https://api.openverse.org/v1/images/4128e2e3-36b2-4cd6-a822-2c412e298d41/thumb/
35909A,RABBIT EASTER DECORATION,2.95,General,https://api.openverse.org/v1/images/e9d6182a-6d55-46e6-9bfc-a1084236113a/thumb/
35909B,PINK FLOWERS RABBIT EASTER,2.95,General,
35910A,MULTICOLOUR EASTER RABBIT,1.95,General,
35910B,PINK FLOWERS RABBIT EASTER,1.95,General,
35911A,MULTICOLOUR RABBIT EGG WARMER,0.85,General,
35911B,PINK/FLOWER RABBIT EGG WARMER,2.10,General,
35912B,WHITE/PINK CHICK DECORATION,1.25,General,https://api.openverse.org/v1/images/e9d6182a-6d55-46e6-9bfc-a1084236113a/thumb/
35913B,WHITE/PINK CHICK EASTER DECORATION,0.85,General,https://api.openverse.org/v1/images/e9d6182a-6d55-46e6-9bfc-a1084236113a/thumb/
35914,PINK CHICK EGG WARMER + EGG CUP,0.85,General,https://api.openverse.org/v1/images/d199fcb5-c343-42bf-82a1-3b4b6f82c653/thumb/
35915A,CREAM KNITTED HEN,1.27,General,
35915B,BLUE KNITTED HEN,0.83,General,
35915C,PEACH KNITTED HEN,0.83,General,
35916A,YELLOW FELT HANGING HEART W FLOWER,0.85,General,https://api.openverse.org/v1/images/61419a75-885c-4e6b-bb24-28b68fb5411b/thumb/
35916B,BLUE FELT HANGING HEART WITH FLOWER,0.63,General,https://api.openverse.org/v1/images/61419a75-885c-4e6b-bb24-28b68fb5411b/thumb/
35916C,PINK FELT HANGING HEART W FLOWER,1.65,General,https://api.openverse.org/v1/images/61419a75-885c-4e6b-bb24-28b68fb5411b/thumb/
35918B,BLUE FLORIBUNDA EGG WARMER,1.25,General,
35920,FOUR RABBIT EASTER DECORATIONS,1.25,General,https://api.openverse.org/v1/images/e9d6182a-6d55-46e6-9bfc-a1084236113a/thumb/
35921,EASTER BUNNY HANGING GARLAND,1.25,General,https://api.openverse.org/v1/images/a97911af-e24d-4823-8bd3-92fd3af7c472/thumb/
35922,EASTER BUNNY WREATH,4.95,General,
35923,CANDY HEART HANGING DECORATION,1.25,General,https://api.openverse.org/v1/images/e9d6182a-6d55-46e6-9bfc-a1084236113a/thumb/
35924,HANGING FAIRY CAKE DECORATION,2.10,General,https://api.openverse.org/v1/images/e9d6182a-6d55-46e6-9bfc-a1084236113a/thumb/
35930,PINK HEART CHRISTMAS DECORATION,0.38,General,https://api.openverse.org/v1/images/e9d6182a-6d55-46e6-9bfc-a1084236113a/thumb/
35931,PINK STAR CHRISTMAS DECORATION,0.38,General,https://api.openverse.org/v1/images/e9d6182a-6d55-46e6-9bfc-a1084236113a/thumb/
35932,PINK CHRISTMAS TREE DECORATION,0.38,General,https://api.openverse.org/v1/images/e9d6182a-6d55-46e6-9bfc-a1084236113a/thumb/
35933,PINK STOCKING CHRISTMAS DECORATION,0.38,General,https://api.openverse.org/v1/images/e9d6182a-6d55-46e6-9bfc-a1084236113a/thumb/
35936,CERISE+GOLD CHRISTMAS TREE DEC,0.38,General,https://api.openverse.org/v1/images/22d97fcb-217f-4bc6-9837-74590d0e977b/thumb/
35937,CERISE+GOLD CHRISTMAS STOCKING DEC,0.38,General,https://api.openverse.org/v1/images/22d97fcb-217f-4bc6-9837-74590d0e977b/thumb/
35945,GOLD CHRISTMAS STOCKING DECORATION,1.95,General,https://api.openverse.org/v1/images/e9d6182a-6d55-46e6-9bfc-a1084236113a/thumb/
35950,FOLKART HEART CHRISTMAS DECORATIONS,1.25,General,https://api.openverse.org/v1/images/e9d6182a-6d55-46e6-9bfc-a1084236113a/thumb/
35951,FOLKART BAUBLE CHRISTMAS DECORATION,0.81,General,https://api.openverse.org/v1/images/e9d6182a-6d55-46e6-9bfc-a1084236113a/thumb/
35953,FOLKART STAR CHRISTMAS DECORATIONS,0.61,General,https://api.openverse.org/v1/images/e9d6182a-6d55-46e6-9bfc-a1084236113a/thumb/
35954,SMALL FOLKART STAR CHRISTMAS DEC,0.42,General,https://api.openverse.org/v1/images/22d97fcb-217f-4bc6-9837-74590d0e977b/thumb/
35955,SMALL FOLKART CHRISTMAS TREE DEC,0.42,General,https://api.openverse.org/v1/images/22d97fcb-217f-4bc6-9837-74590d0e977b/thumb/
35957,SMALLFOLKART BAUBLE CHRISTMAS DEC,1.66,General,https://api.openverse.org/v1/images/22d97fcb-217f-4bc6-9837-74590d0e977b/thumb/
35958,FOLKART ZINC STAR CHRISTMAS DEC,0.85,General,https://api.openverse.org/v1/images/22d97fcb-217f-4bc6-9837-74590d0e977b/thumb/
35961,FOLKART ZINC HEART CHRISTMAS DEC,0.85,General,https://api.openverse.org/v1/images/22d97fcb-217f-4bc6-9837-74590d0e977b/thumb/
35962,12 ASS ZINC CHRISTMAS DECORATIONS,2.10,General,https://api.openverse.org/v1/images/e9d6182a-6d55-46e6-9bfc-a1084236113a/thumb/
35963,FOLKART ZINC CLIP ON ANGEL WINGS,0.38,General,
35964,FOLKART CLIP ON STARS,0.83,General,
35965,FOLKART HEART NAPKIN RINGS,3.29,General,
35966,FOLKART CHRISTMAS TREE T-LIGHT HOLD,0.38,General,
35967,FOLK ART METAL STAR T-LIGHT HOLDER,0.83,General,https://api.openverse.org/v1/images/dfed723f-0d7e-4814-900e-01daa1b92abc/thumb/
35968,FOLK ART METAL HEART T-LIGHT HOLDER,0.38,General,https://api.openverse.org/v1/images/dfed723f-0d7e-4814-900e-01daa1b92abc/thumb/
35969,FOLKART CROWN TABLE DECORATIONS,1.65,General,https://api.openverse.org/v1/images/e9d6182a-6d55-46e6-9bfc-a1084236113a/thumb/
35970,ZINC FOLKART SLEIGH BELLS,1.69,General,https://api.openverse.org/v1/images/b1ed4d2d-f256-4dca-b12f-cc11d1fca2a5/thumb/
35971,ROSE FOLKART HEART DECORATIONS,1.25,General,https://api.openverse.org/v1/images/e9d6182a-6d55-46e6-9bfc-a1084236113a/thumb/
35972,DAISY FOLKART HEART DECORATION,1.25,General,https://api.openverse.org/v1/images/e9d6182a-6d55-46e6-9bfc-a1084236113a/thumb/
35973,GERANIUM FOLKART HEART DECORATION,1.25,General,https://api.openverse.org/v1/images/e9d6182a-6d55-46e6-9bfc-a1084236113a/thumb/
35974,S/6 CHRISTMAS TREE PLACE SETTING,3.75,General,
35976B,WHITE SCANDINAVIAN HEART CHRISTMAS,1.25,General,
35979,SIX STRING SCANDINAVIAN HEART DECS,2.95,General,https://api.openverse.org/v1/images/22d97fcb-217f-4bc6-9837-74590d0e977b/thumb/
35980B,RED TOP SCANDINAVIAN HEART,0.38,General,
35980C,REDWHITE STRIPE SCANDINAVIAN HEART,0.38,General,
35981C,WHITE SNOW SCANDINAVIAN STOCKING,0.38,General,
35991,SET/6 BLACK SNOWFLAKE T-LIGHTS,0.42,General,https://api.openverse.org/v1/images/765d9a44-9ba5-4ac3-bde1-9dc9a7eb2770/thumb/
35995,SET/6 BLACK GLITTER REINDEER CANDLE,0.42,General,https://api.openverse.org/v1/images/08b80744-52cf-4b6f-98fb-c03218cfb7b2/thumb/
35999,S/6 SCANDINAVIAN HEART T-LIGHT,2.55,General,
37112,YELLOW BIRDS FELT DES FOODCOVER,3.75,General,
37326,FAIRY DESIGN MUGS,1.25,General,
37327,ASSTD MULTICOLOUR CIRCLES MUG,0.42,General,https://api.openverse.org/v1/images/5f490aab-714a-4ab0-ba1c-65035a8ab4fb/thumb/
37330,SPOTS MUG,1.95,General,https://api.openverse.org/v1/images/5f490aab-714a-4ab0-ba1c-65035a8ab4fb/thumb/
37333,"RETRO ""TEA FOR ONE""",4.95,General,
37340,MULTICOLOUR SPRING FLOWER MUG,0.85,General,https://api.openverse.org/v1/images/5f490aab-714a-4ab0-ba1c-65035a8ab4fb/thumb/
37342,POLKADOT COFFEE CUP & SAUCER PINK,2.46,General,
37343,SPOTS DESIGN MUG W PINK INSIDE,1.65,General,
37345,ASSTD HEARTS DESIGN MUGS,1.95,General,
37348,SET OF 4 PASTEL STACKING MUGS,2.55,General,
37351,ORANGE FLOWER MUG,1.25,General,https://api.openverse.org/v1/images/5f490aab-714a-4ab0-ba1c-65035a8ab4fb/thumb/
37352,BIRD IN TREE MUG,1.25,General,https://api.openverse.org/v1/images/5f490aab-714a-4ab0-ba1c-65035a8ab4fb/thumb/
37370,RETRO COFFEE MUGS ASSORTED,1.25,General,
37379A,PINK CHERRY BLOSSOM CUP & SAUCER,11.02,General,
37379B,BLUE CHERRY BLOSSOM CUP & SAUCER,1.25,General,
37399,"ASS RETROSPOOF MUGS,SPORTS",1.25,General,
37408,ASSORTED DESIGN GEISHA GIRL MUGS,1.25,General,
37409,ASSORTED DESIGN FLOWER MUGS,0.85,General,
37410,BLACK AND WHITE PAISLEY FLOWER MUG,1.25,General,https://api.openverse.org/v1/images/5f490aab-714a-4ab0-ba1c-65035a8ab4fb/thumb/
37413,ICON MUG REVOLUTIONARY,0.39,General,
37422,WHITE WITH BLACK CATS BOWL,1.66,General,https://api.openverse.org/v1/images/dcf29c13-b3ea-4a75-91c9-6c5892fc52c7/thumb/
37423,WHITE WITH BLACK CATS PLATE,1.66,General,https://api.openverse.org/v1/images/c81a5b8f-093c-46bd-8753-50cdb2af7378/thumb/
37424,WHITE WITH BLACK CATS MUG,1.66,General,https://api.openverse.org/v1/images/5f490aab-714a-4ab0-ba1c-65035a8ab4fb/thumb/
37432,MUG PINK AND PURPLE ARABIC DESIGN,0.65,General,https://api.openverse.org/v1/images/b6fa3af9-dbfc-4423-95d2-542d4734c1ec/thumb/
37438,FUNKY FLOWER COFFEE POT,3.75,General,
37441,ASSORTED WHITE EMBOSSED CHINA MUGS,2.10,General,
37444A,YELLOW BREAKFAST CUP AND SAUCER,2.95,General,
37444B,BLUE BREAKFAST CUP AND SAUCER,2.95,General,
37444C,PINK BREAKFAST CUP AND SAUCER,5.91,General,
37446,MINI CAKE STAND WITH HANGING CAKES,1.45,General,https://api.openverse.org/v1/images/e3f04f4d-9346-44e6-80a8-f160171979a3/thumb/
37447,CERAMIC CAKE DESIGN SPOTTED PLATE,1.49,General,https://api.openverse.org/v1/images/c81a5b8f-093c-46bd-8753-50cdb2af7378/thumb/
37448,CERAMIC CAKE DESIGN SPOTTED MUG,1.49,General,https://api.openverse.org/v1/images/5f490aab-714a-4ab0-ba1c-65035a8ab4fb/thumb/
37449,CERAMIC CAKE STAND + HANGING CAKES,9.95,General,https://api.openverse.org/v1/images/e3f04f4d-9346-44e6-80a8-f160171979a3/thumb/
37450,CERAMIC CAKE BOWL + HANGING CAKES,2.95,General,https://api.openverse.org/v1/images/e3f04f4d-9346-44e6-80a8-f160171979a3/thumb/
37451,CERAMIC CAKE TEAPOT WITH CHERRY,4.95,General,https://api.openverse.org/v1/images/542e538f-9315-46e5-8e96-fc832cf29a1d/thumb/
37461,FUNKY MONKEY MUG,1.25,General,https://api.openverse.org/v1/images/5f490aab-714a-4ab0-ba1c-65035a8ab4fb/thumb/
37462B,"PET MUG, BUDGIE",0.84,General,https://api.openverse.org/v1/images/32a79124-e10c-453c-80ec-c292bc28d3ee/thumb/
37462E,"PET MUG, GOLDFISH",0.83,General,https://api.openverse.org/v1/images/25e343dd-69d0-4252-94fd-ba3183976994/thumb/
37464,ROBOT MUG IN DISPLAY BOX,1.25,General,https://api.openverse.org/v1/images/1190a5b6-5e15-4eb7-a0c8-ec57704d85aa/thumb/
37467,PIG MUG IN TWO COLOUR DESIGNS,4.21,General,https://api.openverse.org/v1/images/8325aae0-3d37-47de-b66f-6cbaf01ae477/thumb/
37468,HARDMAN MUG 3 ASSORTED,0.39,General,https://api.openverse.org/v1/images/5f490aab-714a-4ab0-ba1c-65035a8ab4fb/thumb/
37471,MULTICOLOUR DOTS PLATE,3.74,General,https://api.openverse.org/v1/images/c81a5b8f-093c-46bd-8753-50cdb2af7378/thumb/
37474,SET/4 2 TONE EGG SHAPE MIXING BOWLS,9.95,General,https://api.openverse.org/v1/images/dcf29c13-b3ea-4a75-91c9-6c5892fc52c7/thumb/
37475,SET/4 COLOURFUL MIXING BOWLS,9.95,General,https://api.openverse.org/v1/images/dcf29c13-b3ea-4a75-91c9-6c5892fc52c7/thumb/
37476,CONDIMENT TRAY 4 BOWLS AND 4 SPOONS,9.95,General,
37477B,"FLOWER FAIRY MUG+COASTER,LAVENDER",3.75,General,
37477C,"FLOWER FAIRY MUG+COASTER,ROSE",3.75,General,https://api.openverse.org/v1/images/1f375716-64cb-4fea-942c-2c5a440cd9ed/thumb/
37479B,CUBIC MUG FLOCK BLUE ON BROWN,1.70,General,https://api.openverse.org/v1/images/36081fd8-09f4-4f30-9bd7-20e48e3c1280/thumb/
37479P,CUBIC MUG FLOCK PINK ON BROWN,0.39,General,https://api.openverse.org/v1/images/36081fd8-09f4-4f30-9bd7-20e48e3c1280/thumb/
37481,CUBIC MUG TEATIME CAKES,2.55,General,https://api.openverse.org/v1/images/e3f04f4d-9346-44e6-80a8-f160171979a3/thumb/
37482B,CUBIC MUG BLUE POLKA DOT,2.55,General,https://api.openverse.org/v1/images/acc77974-5e9a-46d3-9dd6-727fb171186a/thumb/
37482P,CUBIC MUG PINK POLKADOT,2.55,General,https://api.openverse.org/v1/images/5f490aab-714a-4ab0-ba1c-65035a8ab4fb/thumb/
37483,ENGLISH ROSE MUG IN GIFT BOX,2.55,General,https://api.openverse.org/v1/images/1190a5b6-5e15-4eb7-a0c8-ec57704d85aa/thumb/
37484,ENGLISH ROSE TEA FOR ONE GIFT BOX,6.75,General,https://api.openverse.org/v1/images/1190a5b6-5e15-4eb7-a0c8-ec57704d85aa/thumb/
37485,ENGLISH ROSE TEA SET IN GIFT BOX,4.65,General,https://api.openverse.org/v1/images/1190a5b6-5e15-4eb7-a0c8-ec57704d85aa/thumb/
37487B,YELLOW/ORANGE FLOWER DESIGN PLATE,0.29,General,https://api.openverse.org/v1/images/c81a5b8f-093c-46bd-8753-50cdb2af7378/thumb/
37488A,YELLOW PINK FLOWER DESIGN BIG BOWL,0.39,General,https://api.openverse.org/v1/images/dcf29c13-b3ea-4a75-91c9-6c5892fc52c7/thumb/
37489A,YELLOW/PINK FLOWER DESIGN BIG MUG,0.39,General,https://api.openverse.org/v1/images/5f490aab-714a-4ab0-ba1c-65035a8ab4fb/thumb/
37489B,BLUE/YELLOW FLOWER DESIGN BIG MUG,0.39,General,https://api.openverse.org/v1/images/5f490aab-714a-4ab0-ba1c-65035a8ab4fb/thumb/
37489C,GREEN/BLUE FLOWER DESIGN BIG MUG,1.95,General,https://api.openverse.org/v1/images/5f490aab-714a-4ab0-ba1c-65035a8ab4fb/thumb/
37489D,PINK/GREEN FLOWER DESIGN BIG MUG,0.39,General,https://api.openverse.org/v1/images/5f490aab-714a-4ab0-ba1c-65035a8ab4fb/thumb/
37491A,YELLOW/PINK CERAMIC CANDLE HOLDER,3.29,General,https://api.openverse.org/v1/images/dfed723f-0d7e-4814-900e-01daa1b92abc/thumb/
37491B,BLUE/YELLOW CERAMIC CANDLE HOLDER,1.65,General,https://api.openverse.org/v1/images/dfed723f-0d7e-4814-900e-01daa1b92abc/thumb/
37491C,GREEN/BLUE CERAMIC CANDLE HOLDER,1.65,General,https://api.openverse.org/v1/images/dfed723f-0d7e-4814-900e-01daa1b92abc/thumb/
37491D,PURPLE/BLUE CERAMIC CANDLE HOLDER,3.36,General,https://api.openverse.org/v1/images/dfed723f-0d7e-4814-900e-01daa1b92abc/thumb/
37492A,YELLOW RED FLOWER PIGGY BANK,4.65,General,https://api.openverse.org/v1/images/0ec9d4f0-ee00-435a-9f52-246890937f89/thumb/
37492B,BLUE YELLOW FLOWER PIGGY BANK,4.65,General,https://api.openverse.org/v1/images/0ec9d4f0-ee00-435a-9f52-246890937f89/thumb/
37492C,GREEN BLUE FLOWER PIGGY BANK,4.65,General,https://api.openverse.org/v1/images/0ec9d4f0-ee00-435a-9f52-246890937f89/thumb/
37492D,PURPLE GREEN FLOWER PIGGY BANK,4.65,General,https://api.openverse.org/v1/images/0ec9d4f0-ee00-435a-9f52-246890937f89/thumb/
37494A,FAIRY CAKE CERAMIC BUTTER DISH,5.91,General,https://api.openverse.org/v1/images/d84197b1-da39-46dd-9350-61826d77e124/thumb/
37495,FAIRY CAKE BIRTHDAY CANDLE SET,3.75,General,https://api.openverse.org/v1/images/08b80744-52cf-4b6f-98fb-c03218cfb7b2/thumb/
37500,TEA TIME TEAPOT IN GIFT BOX,9.95,General,https://api.openverse.org/v1/images/1190a5b6-5e15-4eb7-a0c8-ec57704d85aa/thumb/
37501,TEA TIME TEA SET IN GIFT BOX,6.95,General,https://api.openverse.org/v1/images/1190a5b6-5e15-4eb7-a0c8-ec57704d85aa/thumb/
37502,TEA TIME MUG IN GIFT BOX,2.95,General,https://api.openverse.org/v1/images/1190a5b6-5e15-4eb7-a0c8-ec57704d85aa/thumb/
37503,TEA TIME CAKE STAND IN GIFT BOX,10.75,General,https://api.openverse.org/v1/images/1190a5b6-5e15-4eb7-a0c8-ec57704d85aa/thumb/
37506,NEW ENGLAND MILK JUG W GIFT BOX,5.95,General,https://api.openverse.org/v1/images/1190a5b6-5e15-4eb7-a0c8-ec57704d85aa/thumb/
37508,NEW ENGLAND CERAMIC CAKE SERVER,2.55,General,
37509,NEW ENGLAND MUG W GIFT BOX,2.55,General,https://api.openverse.org/v1/images/1190a5b6-5e15-4eb7-a0c8-ec57704d85aa/thumb/
40001,WHITE BAMBOO RIBS LAMPSHADE,0.85,General,
40002,WHITE BAMBOO RIBS LAMPSHADE,0.85,General,
40003,WHITE BAMBOO RIBS LAMPSHADE,1.25,General,
40005B,BLUE ORGANDY ROUND LAMPSHADE W BEA,0.85,General,https://api.openverse.org/v1/images/5e92e7c7-6b57-42c8-82dc-41feebe4cd00/thumb/
40016,CHINESE DRAGON PAPER LANTERNS,0.42,General,
40018E,TEA TIME PAPER LANTERNS,1.95,General,
40018F,CHERRY DESIGN PAPERLANTERNS,1.95,General,
40046A,RED DAISY PAPER LAMPSHADE,1.25,General,
40046C,PINK BUTTERFLY PAPER LAMPSHADE,1.25,General,
44089A,PINK GAUZE BUTTERFLY LAMPSHADE,0.42,General,
44089C,LILAC GAUZE BUTTERFLY LAMPSHADE,0.42,General,
44091A,BLUE CRUSOE CHECK LAMPSHADE,0.42,General,
44091C,MULTICOLOUR CRUSOE CHECK LAMPSHADE,0.42,General,
44092B,BLUE WHITE PLASTIC RINGS LAMPSHADE,0.85,General,
44092C,PURPLE/COPPER HANGING LAMPSHADE,0.85,General,
44217M,MULTICOLOUR FEATHERS CURTAIN,3.95,General,https://api.openverse.org/v1/images/9ceefc95-7af1-4004-a3bb-6fcf05fe2999/thumb/
44228,CANNABIS LEAF BEAD CURTAIN,0.85,General,https://api.openverse.org/v1/images/9ceefc95-7af1-4004-a3bb-6fcf05fe2999/thumb/
44230,SQUARE MIRROR CURTAIN,7.95,General,https://api.openverse.org/v1/images/9ceefc95-7af1-4004-a3bb-6fcf05fe2999/thumb/
44234,ASSORTED CIRCULAR MOBILE,0.21,General,
44235,ASS COL CIRCLE MOBILE,0.42,General,
44236,PINK/PURPLE CIRCLE CURTAIN,4.65,General,https://api.openverse.org/v1/images/9ceefc95-7af1-4004-a3bb-6fcf05fe2999/thumb/
44241C,BLUE BUTTERFLY ON SPRING,0.85,General,
44242A,LILAC FEATHERS CURTAIN,1.02,General,https://api.openverse.org/v1/images/9ceefc95-7af1-4004-a3bb-6fcf05fe2999/thumb/
44242B,PINK FEATHERS CURTAIN,1.25,General,https://api.openverse.org/v1/images/9ceefc95-7af1-4004-a3bb-6fcf05fe2999/thumb/
44265,M/COLOUR POM-POM CURTAIN,4.25,General,https://api.openverse.org/v1/images/9ceefc95-7af1-4004-a3bb-6fcf05fe2999/thumb/
45008C,DECORATIVE NET CANOPY CREAM,8.95,General,https://api.openverse.org/v1/images/f72273e9-6132-47f5-b04f-4d91820dc113/thumb/
45013,FOLDING SHOE TIDY,2.95,General,
45014,FOLDING SHIRT TIDY,4.65,General,
45016,DECORATIVE NET CANOPY LEOPARD,7.62,General,
46000M,POLYESTER FILLER PAD 45x45cm,1.55,General,
46000P,POLYESTER FILLER PAD 65CMx65CM,4.25,General,https://api.openverse.org/v1/images/f5402cb3-d1fd-48dd-84ec-4bc1a93f2533/thumb/
46000R,POLYESTER FILLER PAD 45x30cm,1.45,General,
46000S,POLYESTER FILLER PAD 40x40cm,1.45,General,
46000U,POLYESTER FILLER PAD 30CMx30CM,1.25,General,https://api.openverse.org/v1/images/f5402cb3-d1fd-48dd-84ec-4bc1a93f2533/thumb/
46037A,PINK CANVAS DES CUSHION COVER,1.25,General,https://api.openverse.org/v1/images/3cd7adbe-bdf7-4633-b108-e861b6827dec/thumb/
46115B,GREEN POP ART MAO CUSHION COVER,0.19,General,https://api.openverse.org/v1/images/3cd7adbe-bdf7-4633-b108-e861b6827dec/thumb/
46118,FUNKY MONKEY CUSHION COVER,3.29,General,https://api.openverse.org/v1/images/3cd7adbe-bdf7-4633-b108-e861b6827dec/thumb/
46126A,ELVIS WALLHANGING / CURTAIN,1.25,General,https://api.openverse.org/v1/images/9ceefc95-7af1-4004-a3bb-6fcf05fe2999/thumb/
46137D,GREEN CHENILLE SHAGGY RUG,2.95,General,
46138B,BLUE CHENILLE SHAGGY CUSHION COVER,1.95,General,https://api.openverse.org/v1/images/3cd7adbe-bdf7-4633-b108-e861b6827dec/thumb/
46138D,GREEN CHENILLE SHAGGY C/COVER,1.95,General,https://api.openverse.org/v1/images/3cd7adbe-bdf7-4633-b108-e861b6827dec/thumb/
46307,ROSES BLUE BASE CUSHION COVER,5.91,General,https://api.openverse.org/v1/images/3cd7adbe-bdf7-4633-b108-e861b6827dec/thumb/
46775A,BUBBLE GUM CHUNKY KNITTED THROW,11.02,General,
46775B,BERRIES CHUNKY KNITTED THROW,16.95,General,
46775D,SUNSET COLOUR CHUNKY KNITTED THROW,11.02,General,
46775E,CANDY POP CHUNKY KNITTED THROW,11.02,General,
46776A,WOVEN BUBBLE GUM CUSHION COVER,4.13,General,https://api.openverse.org/v1/images/3cd7adbe-bdf7-4633-b108-e861b6827dec/thumb/
46776B,WOVEN BERRIES CUSHION COVER,4.21,General,https://api.openverse.org/v1/images/3cd7adbe-bdf7-4633-b108-e861b6827dec/thumb/
46776C,WOVEN FROST CUSHION COVER,4.21,General,https://api.openverse.org/v1/images/3cd7adbe-bdf7-4633-b108-e861b6827dec/thumb/
46776D,WOVEN SUNSET CUSHION COVER,4.21,General,https://api.openverse.org/v1/images/3cd7adbe-bdf7-4633-b108-e861b6827dec/thumb/
46776E,WOVEN CANDY CUSHION COVER,4.21,General,https://api.openverse.org/v1/images/3cd7adbe-bdf7-4633-b108-e861b6827dec/thumb/
46776F,WOVEN ROSE GARDEN CUSHION COVER,4.13,General,https://api.openverse.org/v1/images/3cd7adbe-bdf7-4633-b108-e861b6827dec/thumb/
47013A,WINE BOTTLE DRESSING LT.BLUE,0.29,General,https://api.openverse.org/v1/images/3a9e320a-5f27-4e60-b2f4-514c63562265/thumb/
47013C,WINE BOTTLE DRESSING DARK BLUE,0.29,General,https://api.openverse.org/v1/images/4034e976-61f5-4db2-a829-5dae4f24b037/thumb/
47016,LIGHT DECORATION BATTERY OPERATED,2.10,General,
47021G,SET/6 BEAD COASTERS GAUZE BAG GOLD,1.25,General,https://api.openverse.org/v1/images/cb3e1d79-54b4-47d2-9678-84b342331819/thumb/
47310M,SMALL POP BOX FUNKY MONKEY,1.63,General,
47341A,FUSCHIA TABLE RUN FLOWER,1.25,General,
47341B,BLUE TABLE RUN FLOWER,1.25,General,
47343A,FUSCHIA FLOWER PURSE WITH BEADS,1.49,General,https://api.openverse.org/v1/images/7eabdd52-92e2-4e83-bc31-103cfb50608d/thumb/
47344B,BLUE FLOWER DES PURSE,1.25,General,https://api.openverse.org/v1/images/81ab0a1d-2964-4a2f-a4fe-7f105e59de40/thumb/
47347B,BLUE FLOWER T-LIGHT HOLDER,1.25,General,https://api.openverse.org/v1/images/dfed723f-0d7e-4814-900e-01daa1b92abc/thumb/
47348A,FUSCHIA VOILE POINTY SHOE DEC,0.39,General,https://api.openverse.org/v1/images/22d97fcb-217f-4bc6-9837-74590d0e977b/thumb/
47351B,BLUE  VOILE LAMPSHADE,2.95,General,
47367B,PAIR PADDED HANGERS PINK CHECK,3.36,General,https://api.openverse.org/v1/images/b984bec7-0df5-47f0-b8d7-d6c67685f1e1/thumb/
47369A,PINK GREEN EMBROIDERY COSMETIC BAG,2.95,General,https://api.openverse.org/v1/images/cb3e1d79-54b4-47d2-9678-84b342331819/thumb/
47369B,BLUE GREEN EMBROIDERY COSMETIC BAG,2.95,General,https://api.openverse.org/v1/images/cb3e1d79-54b4-47d2-9678-84b342331819/thumb/
47420,ASSORTED COLOUR SUCTION CUP HOOK,0.19,General,https://api.openverse.org/v1/images/1fc08491-7c6e-4183-be28-60a2ca87c2b7/thumb/
47421,ASSORTED COLOUR LIZARD SUCTION HOOK,0.42,General,https://api.openverse.org/v1/images/1fc08491-7c6e-4183-be28-60a2ca87c2b7/thumb/
47422,ASSORTED MONKEY SUCTION CUP HOOK,0.42,General,https://api.openverse.org/v1/images/1fc08491-7c6e-4183-be28-60a2ca87c2b7/thumb/
47469,ASSORTED SHAPES PHOTO CLIP SILVER,0.65,General,https://api.openverse.org/v1/images/dfed723f-0d7e-4814-900e-01daa1b92abc/thumb/
47471,RAINBOW PEGS PHOTO CLIP STRING,0.65,General,
47480,HANGING PHOTO CLIP ROPE LADDER,1.65,General,
47481,50CM METAL STRING WITH  7 CLIPS,0.85,General,https://api.openverse.org/v1/images/dfed723f-0d7e-4814-900e-01daa1b92abc/thumb/
47502,POLKADOT CUTLERY 24 PCS IN TRAY,12.75,General,https://api.openverse.org/v1/images/f2e4e7aa-e3d0-4c0d-b59a-e717dd128a65/thumb/
47503A,ASS FLORAL PRINT MULTI SCREWDRIVER,0.42,General,
47503E,ASS FLORAL PRINT SCISSORS,1.25,General,
47503F,ASS FLORAL PRINT TORCH,1.65,General,
47503G,ASS FLORAL PRINT TAPE MEASURE,1.25,General,
47503H,ASS FLORAL PRINT SPIRIT LEVEL,1.95,General,
47503J,SET/3 FLORAL GARDEN TOOLS IN BAG,7.95,General,https://api.openverse.org/v1/images/cb3e1d79-54b4-47d2-9678-84b342331819/thumb/
47503K,ASSORTED FLORAL SECATEURS,1.95,General,
47504E,ENGLISH ROSE SCISSORS,1.25,General,
47504F,ENGLISH ROSE TORCH,1.65,General,
47504G,ENGLISH ROSE TAPE MEASURE,1.25,General,
47504H,ENGLISH ROSE SPIRIT LEVEL,1.95,General,
47504J,ENGLISH ROSE SET/3 GARDEN TOOLS,14.82,General,
47504K,ENGLISH ROSE GARDEN SECATEURS,1.95,General,
47505,MINATURE COLOURED GARDENING SET,4.95,General,https://api.openverse.org/v1/images/86ec59f2-d0c8-41e9-b1ec-0619170d115f/thumb/
47518F,ICON PLACEMAT POP ART ELVIS,0.12,General,https://api.openverse.org/v1/images/793dc26a-119a-4439-97a4-b7161e41e005/thumb/
47552A,DOTS IRONING BOARD COVER,1.95,General,https://api.openverse.org/v1/images/3cd7adbe-bdf7-4633-b108-e861b6827dec/thumb/
47554,S/3 COLOURS FLOCK TEA TOWELS,2.55,General,
47556,SET/2 SPOTTY + ROSE TEA TOWELS,2.55,General,
47556B,TEA TIME TEA TOWELS,2.95,General,
47559B,TEA TIME OVEN GLOVE,1.25,General,https://api.openverse.org/v1/images/829b34ac-e094-4745-ad21-86d40a4a70a0/thumb/
47562,ENGLISH ROSE IRONING BOARD COVER,3.75,General,https://api.openverse.org/v1/images/3cd7adbe-bdf7-4633-b108-e861b6827dec/thumb/
47563A,RETRO LONGBOARD IRONING BOARD COVER,3.29,General,https://api.openverse.org/v1/images/3cd7adbe-bdf7-4633-b108-e861b6827dec/thumb/
47563B,WAVELINE SURF IRONING BOARD COVER,3.75,General,https://api.openverse.org/v1/images/3cd7adbe-bdf7-4633-b108-e861b6827dec/thumb/
47566,PARTY BUNTING,4.95,General,https://api.openverse.org/v1/images/1a953731-c4da-4d60-8b00-df1c28a9ca24/thumb/
47566B,TEA TIME PARTY BUNTING,4.95,General,https://api.openverse.org/v1/images/1a953731-c4da-4d60-8b00-df1c28a9ca24/thumb/
47567B,TEA TIME KITCHEN APRON,5.95,General,https://api.openverse.org/v1/images/c6658085-7d85-432e-900b-1093e7336428/thumb/
47568,ENGLISH ROSE DESIGN PEG BAG,2.10,General,https://api.openverse.org/v1/images/cb3e1d79-54b4-47d2-9678-84b342331819/thumb/
47569,ENGLISH ROSE DESIGN SHOPPING BAG,2.55,General,https://api.openverse.org/v1/images/cb3e1d79-54b4-47d2-9678-84b342331819/thumb/
47570,ENGLISH ROSE TABLE CLOTH,10.65,General,https://api.openverse.org/v1/images/68a96fba-c21a-497f-b6db-986eaab7b146/thumb/
47570B,TEA TIME TABLE CLOTH,10.65,General,https://api.openverse.org/v1/images/68a96fba-c21a-497f-b6db-986eaab7b146/thumb/
47574A,ENGLISH ROSE SCENTED HANGING FLOWER,2.46,General,
47574B,ENGLISH ROSE SCENTED HANGING HEART,4.25,General,
47578A,ENGLISH ROSE SMALL SCENTED FLOWER,0.85,General,
47579,TEA TIME BREAKFAST BASKET,2.10,General,https://api.openverse.org/v1/images/af89ea03-416d-4169-bac7-ba0837176dcc/thumb/
47580,TEA TIME DES TEA COSY,2.55,General,https://api.openverse.org/v1/images/4e9c4070-b774-411b-9e2e-0a660d37dea3/thumb/
47581B,FAIRY CAKE WICKER PICNIC BASKET,12.75,General,https://api.openverse.org/v1/images/af89ea03-416d-4169-bac7-ba0837176dcc/thumb/
47583A,SET OF 3 WICKER BASKET ROSE,24.95,General,https://api.openverse.org/v1/images/1f375716-64cb-4fea-942c-2c5a440cd9ed/thumb/
47583B,SET OF 3 WICKER BASKET TEA AND CAKE,24.95,General,https://api.openverse.org/v1/images/e3f04f4d-9346-44e6-80a8-f160171979a3/thumb/
47585A,PINK FAIRY CAKE CUSHION COVER,3.75,General,https://api.openverse.org/v1/images/3cd7adbe-bdf7-4633-b108-e861b6827dec/thumb/
47586A,PINK FAIRY CAKE CUSHION COVER,2.55,General,https://api.openverse.org/v1/images/3cd7adbe-bdf7-4633-b108-e861b6827dec/thumb/
47587A,PINK FAIRY CAKE COASTER,1.66,General,
47589,CONGRATULATIONS BUNTING,5.45,General,https://api.openverse.org/v1/images/1a953731-c4da-4d60-8b00-df1c28a9ca24/thumb/
47590A,BLUE HAPPY BIRTHDAY BUNTING,5.45,General,https://api.openverse.org/v1/images/1a953731-c4da-4d60-8b00-df1c28a9ca24/thumb/
47590B,PINK HAPPY BIRTHDAY BUNTING,5.45,General,https://api.openverse.org/v1/images/1a953731-c4da-4d60-8b00-df1c28a9ca24/thumb/
47591A,CAROUSEL DES CHILD'S APRON,1.65,General,https://api.openverse.org/v1/images/c6658085-7d85-432e-900b-1093e7336428/thumb/
47591B,SCOTTIES CHILDRENS APRON,1.65,General,https://api.openverse.org/v1/images/c6658085-7d85-432e-900b-1093e7336428/thumb/
47591C,BLUE FAIRY CAKE CHILD'S APRON,1.95,General,https://api.openverse.org/v1/images/c6658085-7d85-432e-900b-1093e7336428/thumb/
47591D,PINK FAIRY CAKE CHILDRENS APRON,1.95,General,https://api.openverse.org/v1/images/c6658085-7d85-432e-900b-1093e7336428/thumb/
47592A,CAROUSEL DES CHILD'S OVERALL,1.66,General,
47592B,SCOTTIES DESIGN CHILD'S OVERALL,2.10,General,
47593A,CAROUSEL DESIGN BABY BIB,0.85,General,https://api.openverse.org/v1/images/b4669858-cf0e-449e-aef6-a26c40aece94/thumb/
47593B,SCOTTIE DOGS BABY BIB,0.83,General,https://api.openverse.org/v1/images/b4669858-cf0e-449e-aef6-a26c40aece94/thumb/
47594A,CAROUSEL DESIGN WASHBAG,1.95,General,
47594B,SCOTTIES DESIGN WASHBAG,1.95,General,
47597,NEW ENGLAND TEATOWELS,1.66,General,
47598,NEW ENGLAND EGG WARMER,0.55,General,
47599A,PINK PARTY BAGS,2.10,General,https://api.openverse.org/v1/images/cb3e1d79-54b4-47d2-9678-84b342331819/thumb/
47599B,BLUE PARTY BAGS,2.10,General,https://api.openverse.org/v1/images/cb3e1d79-54b4-47d2-9678-84b342331819/thumb/
48103,DOOR MAT KISS MY.......,7.49,General,
48111,DOORMAT 3 SMILEY CATS,7.95,General,https://api.openverse.org/v1/images/1c5442f6-6bb6-4ab7-b603-f598e7579dd2/thumb/
48116,DOORMAT MULTICOLOUR STRIPE,7.49,General,
48129,DOORMAT TOPIARY,7.95,General,
48138,DOORMAT UNION FLAG,7.49,General,https://api.openverse.org/v1/images/f0f57df5-5840-4116-b32d-3fef21853f8f/thumb/
48173A,DOOR MAT BLUE FLOCK,6.75,General,https://api.openverse.org/v1/images/4128e2e3-36b2-4cd6-a822-2c412e298d41/thumb/
48173C,DOORMAT BLACK FLOCK,7.95,General,https://api.openverse.org/v1/images/4128e2e3-36b2-4cd6-a822-2c412e298d41/thumb/
48175,DOOR MAT CAMOUFLAGE,5.02,General,
48179,DOOR MAT SWEET HOME,6.75,General,
48184,DOORMAT ENGLISH ROSE,7.95,General,https://api.openverse.org/v1/images/1f375716-64cb-4fea-942c-2c5a440cd9ed/thumb/
48185,DOORMAT FAIRY CAKE,7.95,General,https://api.openverse.org/v1/images/e3f04f4d-9346-44e6-80a8-f160171979a3/thumb/
48187,DOORMAT NEW ENGLAND,7.95,General,https://api.openverse.org/v1/images/391828c0-8cb0-495b-a8ab-cda4c0018586/thumb/
48188,DOORMAT WELCOME PUPPIES,7.95,General,
48189,DOOR MAT FRIENDSHIP,7.49,General,https://api.openverse.org/v1/images/0563f535-40f8-4c09-af13-8838843778a2/thumb/
48194,DOORMAT HEARTS,7.95,General,
48195,DOOR MAT GREEN PAISLEY,7.49,General,
48197,DOOR MAT BIRD ON THE WIRE,7.49,General,
51008,AFGHAN SLIPPER SOCK PAIR,3.45,General,
51012C,"FEATHER DUSTER, COAL BLACK",1.25,General,https://api.openverse.org/v1/images/6c380f1f-4c13-4793-b829-4a219245f658/thumb/
51012L,"FEATHER DUSTER, LIGHT PINK",1.25,General,
51014A,"FEATHER PEN,HOT PINK",0.83,General,
51014C,"FEATHER PEN,COAL BLACK",0.84,General,https://api.openverse.org/v1/images/6c380f1f-4c13-4793-b829-4a219245f658/thumb/
51014L,"FEATHER PEN,LIGHT PINK",0.83,General,
51020A,SUMMER FUN DESIGN SHOWER CAP,1.25,General,https://api.openverse.org/v1/images/acb392a1-10fb-426b-ad34-fdfaaa4de43f/thumb/
51020B,STRIPY DESIGN SHOWER CAP,1.25,General,https://api.openverse.org/v1/images/acb392a1-10fb-426b-ad34-fdfaaa4de43f/thumb/
62018,SOMBRERO,1.95,General,
62043B,BLUE CHECK BAG W HANDLE 34X20CM,1.24,General,https://api.openverse.org/v1/images/50ee06b0-7dd9-4055-b0b6-c94d112f05bd/thumb/
62074B,ELEPHANT CLIP W SUCTION CUP,0.42,General,https://api.openverse.org/v1/images/d199fcb5-c343-42bf-82a1-3b4b6f82c653/thumb/
62086A,PINK RETRO BIG FLOWER BAG,1.95,General,https://api.openverse.org/v1/images/cb3e1d79-54b4-47d2-9678-84b342331819/thumb/
62094B,TURQ ICE CREAM BUM BAG,5.06,General,https://api.openverse.org/v1/images/cb3e1d79-54b4-47d2-9678-84b342331819/thumb/
62095B,TURQOISE ICE CREAM SUNHAT,1.69,General,
62096A,PINK/YELLOW FLOWERS HANDBAG,1.25,General,https://api.openverse.org/v1/images/ee400ae7-0790-45b3-a484-0ab01cd9f49b/thumb/
62096B,PURPLE/TURQ FLOWERS HANDBAG,1.95,General,https://api.openverse.org/v1/images/ee400ae7-0790-45b3-a484-0ab01cd9f49b/thumb/
62097A,PINK STRIPES SHOULDER BAG,2.95,General,https://api.openverse.org/v1/images/cb3e1d79-54b4-47d2-9678-84b342331819/thumb/
62097B,BLUE STRIPES SHOULDER BAG,0.83,General,https://api.openverse.org/v1/images/cb3e1d79-54b4-47d2-9678-84b342331819/thumb/
70006,LOVE HEART POCKET WARMER,1.65,General,
70007,HI TEC ALPINE HAND WARMER,1.65,General,
71028B,SILVER BLUE EGG T-LIGHT HOLDER,1.65,General,https://api.openverse.org/v1/images/dfed723f-0d7e-4814-900e-01daa1b92abc/thumb/
71038,WHITE HANGING BEADS CANDLE HOLDER,5.45,General,https://api.openverse.org/v1/images/dfed723f-0d7e-4814-900e-01daa1b92abc/thumb/
71050,SMALL SINGLE FLAME CANDLE HOLDER,0.35,General,https://api.openverse.org/v1/images/dfed723f-0d7e-4814-900e-01daa1b92abc/thumb/
71053,WHITE METAL LANTERN,3.75,General,
71101A,ANGEL ON KNEES METAL POLE 100CM H,0.85,General,
71101E,STANDING FAIRY POLE SUPPORT,0.85,General,
71143,SILVER BOOK MARK WITH BEADS,2.51,General,https://api.openverse.org/v1/images/7eabdd52-92e2-4e83-bc31-103cfb50608d/thumb/
71215,METAL BASE FOR CANDLES,0.42,General,https://api.openverse.org/v1/images/08b80744-52cf-4b6f-98fb-c03218cfb7b2/thumb/
71270,PHOTO CLIP LINE,1.25,General,
71279,PINK GLASS CANDLEHOLDER,2.95,General,https://api.openverse.org/v1/images/f4dd512b-9488-4224-9214-6e6a1a7747e6/thumb/
71403,"PINK/WHITE ""KEEP CLEAN"" BULLET BIN",5.79,General,https://api.openverse.org/v1/images/f93fce2b-cf12-4103-ba81-77143148e088/thumb/
71406C,BLACK ORANGE SQUEEZER,0.42,General,
71434B,"BLACK RND BULLET""KEEP CLEAN"" BIN",2.55,General,https://api.openverse.org/v1/images/f93fce2b-cf12-4103-ba81-77143148e088/thumb/
71459,HANGING JAM JAR T-LIGHT HOLDER,0.85,General,https://api.openverse.org/v1/images/dfed723f-0d7e-4814-900e-01daa1b92abc/thumb/
71477,COLOUR GLASS. STAR T-LIGHT HOLDER,3.25,General,https://api.openverse.org/v1/images/dfed723f-0d7e-4814-900e-01daa1b92abc/thumb/
71495A,CD WALL TIDY BLUE OFFICE,0.83,General,
71495B,CD WALL TIDY RED FLOWERS,0.42,General,https://api.openverse.org/v1/images/61419a75-885c-4e6b-bb24-28b68fb5411b/thumb/
71496A,A4 WALL TIDY BLUE OFFICE,1.46,General,
71496B,A4 WALL TIDY RED FLOWERS,0.59,General,https://api.openverse.org/v1/images/61419a75-885c-4e6b-bb24-28b68fb5411b/thumb/
71510,SQUARE METAL CANDLEHOLDER BASE,0.85,General,https://api.openverse.org/v1/images/42468e1f-4f06-44cb-a6ac-97d7a864b4fe/thumb/
72008,FROSTED BOX 9 WHITE T-LIGHT CANDLES,0.42,General,https://api.openverse.org/v1/images/08b80744-52cf-4b6f-98fb-c03218cfb7b2/thumb/
72023F,RED ORGANIC CANDLE IN GLASS,1.25,General,https://api.openverse.org/v1/images/08b80744-52cf-4b6f-98fb-c03218cfb7b2/thumb/
72024U,LILAC VOTIVE CANDLE,0.21,General,https://api.openverse.org/v1/images/08b80744-52cf-4b6f-98fb-c03218cfb7b2/thumb/
72038P,PRICE'S CANDLE PEACH,0.21,General,
72045D,ROSES ON BLUE TEACUP CANDLE,2.95,General,https://api.openverse.org/v1/images/08b80744-52cf-4b6f-98fb-c03218cfb7b2/thumb/
72051S,BAG OF SILVER STONES,0.83,General,
72083A,STRAWBERY SWIRL FLARE CANDLE,2.10,General,https://api.openverse.org/v1/images/08b80744-52cf-4b6f-98fb-c03218cfb7b2/thumb/
72084B,CHOCOLATE ICE CREAM CANDLE,1.95,General,https://api.openverse.org/v1/images/08b80744-52cf-4b6f-98fb-c03218cfb7b2/thumb/
72122,COFFEE SCENT PILLAR CANDLE,0.95,General,https://api.openverse.org/v1/images/08b80744-52cf-4b6f-98fb-c03218cfb7b2/thumb/
72127,COLUMBIAN CANDLE ROUND,1.25,General,https://api.openverse.org/v1/images/08b80744-52cf-4b6f-98fb-c03218cfb7b2/thumb/
72128,COLUMBIAN CANDLE ROUND,0.85,General,https://api.openverse.org/v1/images/08b80744-52cf-4b6f-98fb-c03218cfb7b2/thumb/
72129,COLUMBIAN CANDLE ROUND,0.65,General,https://api.openverse.org/v1/images/08b80744-52cf-4b6f-98fb-c03218cfb7b2/thumb/
72130,COLUMBIAN CANDLE ROUND,0.65,General,https://api.openverse.org/v1/images/08b80744-52cf-4b6f-98fb-c03218cfb7b2/thumb/
72131,COLUMBIAN CANDLE RECTANGLE,1.95,General,
72132,COLUMBIAN CUBE CANDLE,1.95,General,https://api.openverse.org/v1/images/08b80744-52cf-4b6f-98fb-c03218cfb7b2/thumb/
72133,COLUMBIAN CANDLE RECTANGLE,1.25,General,
72134,COLUMBIAN  CUBE CANDLE,0.85,General,https://api.openverse.org/v1/images/08b80744-52cf-4b6f-98fb-c03218cfb7b2/thumb/
72140E,BEST DAD CANDLE LETTERS,0.85,General,
72140F,HAPPY ANNIVERSARY CANDLE LETTERS,0.42,General,
72225C,LAVENDER SCENT CAKE CANDLE,0.29,General,https://api.openverse.org/v1/images/08b80744-52cf-4b6f-98fb-c03218cfb7b2/thumb/
72225D,VANILLA SCENT CAKE CANDLE,0.29,General,https://api.openverse.org/v1/images/08b80744-52cf-4b6f-98fb-c03218cfb7b2/thumb/
72232,FENG SHUI PILLAR CANDLE,0.19,General,https://api.openverse.org/v1/images/08b80744-52cf-4b6f-98fb-c03218cfb7b2/thumb/
72267,PREMIUM CHURCH CANDLE,2.10,General,https://api.openverse.org/v1/images/08b80744-52cf-4b6f-98fb-c03218cfb7b2/thumb/
72349B,SET/6 PURPLE BUTTERFLY T-LIGHTS,2.10,General,https://api.openverse.org/v1/images/765d9a44-9ba5-4ac3-bde1-9dc9a7eb2770/thumb/
72351A,SET/6 TURQUOISE BUTTERFLY T-LIGHTS,2.10,General,https://api.openverse.org/v1/images/765d9a44-9ba5-4ac3-bde1-9dc9a7eb2770/thumb/
72351B,SET/6 PINK  BUTTERFLY T-LIGHTS,2.10,General,https://api.openverse.org/v1/images/765d9a44-9ba5-4ac3-bde1-9dc9a7eb2770/thumb/
72369A,PINK CLEAR GLASS CANDLE PLATE,1.25,General,https://api.openverse.org/v1/images/c81a5b8f-093c-46bd-8753-50cdb2af7378/thumb/
72484,ROSES IN WHITE HEART CANDLE,1.25,General,https://api.openverse.org/v1/images/08b80744-52cf-4b6f-98fb-c03218cfb7b2/thumb/
72487,ROSES WHITE ROUND CANDLE,1.49,General,https://api.openverse.org/v1/images/08b80744-52cf-4b6f-98fb-c03218cfb7b2/thumb/
72529W,WHITE ADVENT CANDLE,2.12,General,https://api.openverse.org/v1/images/08b80744-52cf-4b6f-98fb-c03218cfb7b2/thumb/
72586,SET OF 6 HALLOWEEN GHOST T-LIGHTS,0.42,General,https://api.openverse.org/v1/images/765d9a44-9ba5-4ac3-bde1-9dc9a7eb2770/thumb/
72598,SET/12 TAPER CANDLES,0.85,General,https://api.openverse.org/v1/images/08b80744-52cf-4b6f-98fb-c03218cfb7b2/thumb/
72606A,BROWN ANTIQUE CUBE CANDLE,0.42,General,https://api.openverse.org/v1/images/08b80744-52cf-4b6f-98fb-c03218cfb7b2/thumb/
72708,SCULPTED ROUND IVORY CANDLE,0.21,General,https://api.openverse.org/v1/images/08b80744-52cf-4b6f-98fb-c03218cfb7b2/thumb/
72709,IVORY SCULPTED RND CANDLE,0.85,General,https://api.openverse.org/v1/images/08b80744-52cf-4b6f-98fb-c03218cfb7b2/thumb/
72715,SPHERICAL IVORY CANDLE,0.42,General,https://api.openverse.org/v1/images/08b80744-52cf-4b6f-98fb-c03218cfb7b2/thumb/
72724,SET/6 CHRISTMAS ICICLE T-LIGHTS,1.25,General,https://api.openverse.org/v1/images/765d9a44-9ba5-4ac3-bde1-9dc9a7eb2770/thumb/
72728,ROSE SCENT CANDLES IN GLASS,0.85,General,https://api.openverse.org/v1/images/08b80744-52cf-4b6f-98fb-c03218cfb7b2/thumb/
72739B,WHITE CHOCOLATE SCENT CANDLE,2.51,General,https://api.openverse.org/v1/images/08b80744-52cf-4b6f-98fb-c03218cfb7b2/thumb/
72739C,DARK CHOCOLATE SCENTCANDLE,1.25,General,
72740A,LARGE STRAWBERRY CHOCOLATE CANDLE,5.17,General,https://api.openverse.org/v1/images/08b80744-52cf-4b6f-98fb-c03218cfb7b2/thumb/
72740B,LARGE WHITE CHOCOLATE CANDLE,5.06,General,https://api.openverse.org/v1/images/08b80744-52cf-4b6f-98fb-c03218cfb7b2/thumb/
72741,GRAND CHOCOLATECANDLE,1.45,General,
72750A,"F.FAIRY S/3 CANDLE/GLASS,LILY/VALLY",1.95,General,
72750B,FLOWER FAIRY SET 3 CANDLES LAVENDER,1.95,General,
72750C,"F.FAIRY S/3 CANDLE/GLASS, ROSE",1.95,General,https://api.openverse.org/v1/images/1f375716-64cb-4fea-942c-2c5a440cd9ed/thumb/
72750D,F.FAIRY S/3 CANDLE/GLASS,1.95,General,https://api.openverse.org/v1/images/08b80744-52cf-4b6f-98fb-c03218cfb7b2/thumb/
72751A,"F.FAIRY S/3 SML CANDLE,LILY/VALLEY",5.95,General,
72751B,"F.FAIRY S/3 SML CANDLE, LAVENDER",5.95,General,
72751C,"F.FAIRY S/3 SML CANDLE, ROSE",5.95,General,https://api.openverse.org/v1/images/1f375716-64cb-4fea-942c-2c5a440cd9ed/thumb/
72752A,"F.FAIRY,CANDLE IN GLASS,LILY/VALLEY",4.25,General,
72752B,"F.FAIRY,CANDLE IN GLASS,LAVENDER",4.25,General,
72753A,S/3 FLWR FAIRY LILLY CANDLES,2.10,General,https://api.openverse.org/v1/images/08b80744-52cf-4b6f-98fb-c03218cfb7b2/thumb/
72753B,S/3 FLWR FAIRY LAVENDER CANDLES,2.10,General,https://api.openverse.org/v1/images/08b80744-52cf-4b6f-98fb-c03218cfb7b2/thumb/
72753C,S/3 FLWR FAIRY ROSE CANDLES,2.10,General,https://api.openverse.org/v1/images/08b80744-52cf-4b6f-98fb-c03218cfb7b2/thumb/
72753D,S/3 FLWR FAIRY SUMMER CANDLES,2.10,General,https://api.openverse.org/v1/images/08b80744-52cf-4b6f-98fb-c03218cfb7b2/thumb/
72754A,FLOWER FAIRY POTPOURRI CUSHION LILY,0.65,General,
72754B,F FAIRY POTPOURRI CUSHIONS LAVENDER,1.17,General,
72754D,F FAIRY POTPOURRI CUSHIONS SUMMER,1.69,General,
72755C,FLOWER FAIRY OIL BURNER SET ROSE,1.25,General,https://api.openverse.org/v1/images/1f375716-64cb-4fea-942c-2c5a440cd9ed/thumb/
72755D,FLOWER FAIRY OIL BURNER SET SUMMER,1.25,General,
72756,FAIRY CAKE CANDLES,1.49,General,https://api.openverse.org/v1/images/08b80744-52cf-4b6f-98fb-c03218cfb7b2/thumb/
72760B,VINTAGE CREAM 3 BASKET CAKE STAND,9.95,General,https://api.openverse.org/v1/images/1c805922-fd5f-49af-9cb5-f438ca31390b/thumb/
72771B,BURG FLOCK GOLD CUP/CANDLE,0.42,General,https://api.openverse.org/v1/images/08b80744-52cf-4b6f-98fb-c03218cfb7b2/thumb/
72771C,BLACK FLOCK GOLD CANDLE,0.42,General,https://api.openverse.org/v1/images/08b80744-52cf-4b6f-98fb-c03218cfb7b2/thumb/
72772,SET/4 SCENTED CANDLES IN RAMEKINS,1.25,General,
72779,SET/6 BLACK ROSE T-LIGHT CANDLES,1.69,General,https://api.openverse.org/v1/images/08b80744-52cf-4b6f-98fb-c03218cfb7b2/thumb/
72780,BLACK SILOUETTE CANDLE PLATE,0.85,General,https://api.openverse.org/v1/images/c81a5b8f-093c-46bd-8753-50cdb2af7378/thumb/
72781,BLACK SILOUETTE CANDLE PLATE,2.10,General,https://api.openverse.org/v1/images/c81a5b8f-093c-46bd-8753-50cdb2af7378/thumb/
72783,BLACK SIL'T SQU CANDLE PLATE,2.10,General,https://api.openverse.org/v1/images/c81a5b8f-093c-46bd-8753-50cdb2af7378/thumb/
72785A,S/4 CONTEMPORY PINK ROSEBUD CANDLES,2.10,General,https://api.openverse.org/v1/images/08b80744-52cf-4b6f-98fb-c03218cfb7b2/thumb/
72785B,S/4 CONTEMPORY RED ROSEBUD CANDLES,2.10,General,https://api.openverse.org/v1/images/08b80744-52cf-4b6f-98fb-c03218cfb7b2/thumb/
72789,BASKET/8 SCENTED LOVE TOKEN CANDLES,3.75,General,https://api.openverse.org/v1/images/08b80744-52cf-4b6f-98fb-c03218cfb7b2/thumb/
72793,BLACK BOX MIRROR LANTERN,5.95,General,
72796A,S/3 ENGLISH LAVENDER SQU CANDLE,1.65,General,https://api.openverse.org/v1/images/08b80744-52cf-4b6f-98fb-c03218cfb7b2/thumb/
72796B,S/3 FRENCH VANILLA SQU CANDLE,1.65,General,https://api.openverse.org/v1/images/08b80744-52cf-4b6f-98fb-c03218cfb7b2/thumb/
72796C,S/3 ROSE GARDEN SCENT SQU CANDLE,1.65,General,https://api.openverse.org/v1/images/08b80744-52cf-4b6f-98fb-c03218cfb7b2/thumb/
72798C,SET/4 GARDEN ROSE DINNER CANDLE,1.65,General,https://api.openverse.org/v1/images/08b80744-52cf-4b6f-98fb-c03218cfb7b2/thumb/
72799A,BLACK PILLAR CANDLE SILVER FLOCK,2.95,General,https://api.openverse.org/v1/images/4128e2e3-36b2-4cd6-a822-2c412e298d41/thumb/
72799B,PURPLE PILLAR CANDLE BLACK FLOCK,2.95,General,https://api.openverse.org/v1/images/4128e2e3-36b2-4cd6-a822-2c412e298d41/thumb/
72799C,PINK PILLAR CANDLE SILVER FLOCK,2.95,General,https://api.openverse.org/v1/images/4128e2e3-36b2-4cd6-a822-2c412e298d41/thumb/
72799D,BLUE PILLAR CANDLE SILVER FLOCK,2.95,General,https://api.openverse.org/v1/images/4128e2e3-36b2-4cd6-a822-2c412e298d41/thumb/
72799E,IVORY PILLAR CANDLE SILVER FLOCK,2.95,General,https://api.openverse.org/v1/images/4128e2e3-36b2-4cd6-a822-2c412e298d41/thumb/
72799F,IVORY PILLAR CANDLE GOLD FLOCK,2.95,General,https://api.openverse.org/v1/images/4128e2e3-36b2-4cd6-a822-2c412e298d41/thumb/
72800A,S/4 BLACK DINNER CANDLE SILVER FLOC,2.55,General,https://api.openverse.org/v1/images/66688a7b-34b1-444e-a6b7-542d31609ad6/thumb/
72800B,4 PURPLE FLOCK DINNER CANDLES,2.55,General,https://api.openverse.org/v1/images/08b80744-52cf-4b6f-98fb-c03218cfb7b2/thumb/
72800C,4 PINK DINNER CANDLE SILVER FLOCK,2.55,General,https://api.openverse.org/v1/images/4128e2e3-36b2-4cd6-a822-2c412e298d41/thumb/
72800D,4 BLUE DINNER CANDLES SILVER FLOCK,2.55,General,https://api.openverse.org/v1/images/4128e2e3-36b2-4cd6-a822-2c412e298d41/thumb/
72800E,4 IVORY DINNER CANDLES SILVER FLOCK,2.55,General,https://api.openverse.org/v1/images/4128e2e3-36b2-4cd6-a822-2c412e298d41/thumb/
72800F,4 IVORY DINNER CANDLES GOLD FLOCK,2.55,General,https://api.openverse.org/v1/images/4128e2e3-36b2-4cd6-a822-2c412e298d41/thumb/
72801C,4 ROSE PINK DINNER CANDLES,1.25,General,https://api.openverse.org/v1/images/08b80744-52cf-4b6f-98fb-c03218cfb7b2/thumb/
72801D,4 SKY BLUE DINNER CANDLES,2.46,General,https://api.openverse.org/v1/images/08b80744-52cf-4b6f-98fb-c03218cfb7b2/thumb/
72801E,S/4 FESTIVE GREEN DINNER CANDLES,1.25,General,https://api.openverse.org/v1/images/08b80744-52cf-4b6f-98fb-c03218cfb7b2/thumb/
72801F,S/4 FESTIVE RED DINNER CANDLES,1.25,General,https://api.openverse.org/v1/images/08b80744-52cf-4b6f-98fb-c03218cfb7b2/thumb/
72801G,4 BURGUNDY WINE DINNER CANDLES,1.25,General,https://api.openverse.org/v1/images/08b80744-52cf-4b6f-98fb-c03218cfb7b2/thumb/
72802A,ROSE SCENT CANDLE IN JEWELLED BOX,4.25,General,https://api.openverse.org/v1/images/1190a5b6-5e15-4eb7-a0c8-ec57704d85aa/thumb/
72802B,OCEAN SCENT CANDLE IN JEWELLED BOX,4.25,General,https://api.openverse.org/v1/images/1190a5b6-5e15-4eb7-a0c8-ec57704d85aa/thumb/
72802C,VANILLA SCENT CANDLE JEWELLED BOX,4.25,General,https://api.openverse.org/v1/images/1190a5b6-5e15-4eb7-a0c8-ec57704d85aa/thumb/
72803A,ROSE SCENT CANDLE JEWELLED DRAWER,4.25,General,https://api.openverse.org/v1/images/52ce00df-859b-403a-a6fe-335ea584532e/thumb/
72803B,OCEAN SCENT CANDLE JEWELLED DRAWER,4.25,General,https://api.openverse.org/v1/images/52ce00df-859b-403a-a6fe-335ea584532e/thumb/
72805,VANILLA CANDLE IN EMBOSSED ZINC POT,1.69,General,
72807A,SET/3 ROSE CANDLE IN JEWELLED BOX,4.25,General,https://api.openverse.org/v1/images/1190a5b6-5e15-4eb7-a0c8-ec57704d85aa/thumb/
72807B,SET/3 OCEAN SCENT CANDLE JEWEL BOX,4.25,General,https://api.openverse.org/v1/images/1190a5b6-5e15-4eb7-a0c8-ec57704d85aa/thumb/
72807C,SET/3 VANILLA SCENTED CANDLE IN BOX,4.25,General,https://api.openverse.org/v1/images/1190a5b6-5e15-4eb7-a0c8-ec57704d85aa/thumb/
72811,SMALL ZINC/GLASS CANDLEHOLDER,1.49,General,https://api.openverse.org/v1/images/f4dd512b-9488-4224-9214-6e6a1a7747e6/thumb/
72812,LARGE ZINC GLASS CANDLEHOLDER,4.13,General,https://api.openverse.org/v1/images/f4dd512b-9488-4224-9214-6e6a1a7747e6/thumb/
72814,SET OF 3 CHRISTMAS BRIAR CANDLES,3.75,General,https://api.openverse.org/v1/images/08b80744-52cf-4b6f-98fb-c03218cfb7b2/thumb/
72815,3 WICK CHRISTMAS BRIAR CANDLE,3.75,General,https://api.openverse.org/v1/images/08b80744-52cf-4b6f-98fb-c03218cfb7b2/thumb/
72816,SET/3 CHRISTMAS DECOUPAGE CANDLES,1.25,General,https://api.openverse.org/v1/images/08b80744-52cf-4b6f-98fb-c03218cfb7b2/thumb/
72817,SET OF 2 CHRISTMAS DECOUPAGE CANDLE,1.25,General,https://api.openverse.org/v1/images/08b80744-52cf-4b6f-98fb-c03218cfb7b2/thumb/
72818,CHRISTMAS DECOUPAGE CANDLE,0.85,General,https://api.openverse.org/v1/images/08b80744-52cf-4b6f-98fb-c03218cfb7b2/thumb/
72819,CUPID DESIGN SCENTED CANDLES,2.55,General,https://api.openverse.org/v1/images/08b80744-52cf-4b6f-98fb-c03218cfb7b2/thumb/
72821,CUPID SCENTED CANDLE IN GLASS,1.65,General,https://api.openverse.org/v1/images/08b80744-52cf-4b6f-98fb-c03218cfb7b2/thumb/
75011,BLUE DAISY MOBILE,0.79,General,
75013B,"STRING OF 8 BUTTERFLIES,PINK",1.65,General,https://api.openverse.org/v1/images/edc6d028-8bf4-4f0b-b590-dcaace881890/thumb/
75049L,LARGE CIRCULAR MIRROR MOBILE,1.25,General,
75131,METAL TUBE CHIME ON BAMBOO,1.69,General,https://api.openverse.org/v1/images/0827d42d-4f77-4b74-b645-8ab0dc06f816/thumb/
75149N,STRING CRYSTALS NATURAL,1.25,General,
75172,PAINTED SEA SHELL METAL WINDCHIME,0.79,General,
75178,ASSTD COL BUTTERFLY/CRYSTAL W/CHIME,1.25,General,https://api.openverse.org/v1/images/492c141c-d3b3-49ed-8c30-9296055bf403/thumb/
77079,DOLPHIN WINDMILL,2.12,General,
77081,FLOWER WINDMILL,1.25,General,
77101A,UNION FLAG WINDSOCK,1.25,General,
78026,SEAGRASS S/3 SQU LAUNDRY BOX,19.98,General,https://api.openverse.org/v1/images/1190a5b6-5e15-4eb7-a0c8-ec57704d85aa/thumb/
78027,SEAGRASS S/2 CORNER LAUNDRY,15.95,General,
78033,FLAG OF ST GEORGE CHAIR,5.95,General,https://api.openverse.org/v1/images/4726baf8-1d66-4e42-9ca2-90391f430a03/thumb/
78034B,BLUE NETTING STORAGE HANGER,1.95,General,https://api.openverse.org/v1/images/b984bec7-0df5-47f0-b8d7-d6c67685f1e1/thumb/
78056,CAMOUFLAGE BACKPACK ON WHEELS,9.95,General,
78124,MAGAZINE RACK GEBRA ASSORTED,1.25,General,https://api.openverse.org/v1/images/3b36d657-4ee4-4358-8e98-e4c3ec871a6d/thumb/
79000,MOROCCAN TEA GLASS,0.85,General,
79026B,"S/4 ICON COASTER,ELVIS LIVES",1.25,General,
79029,GLASS HONEYPOT WASP CATCHER,1.95,General,https://api.openverse.org/v1/images/65c0d545-1686-4f8b-af4b-e79f0ab3110b/thumb/
79030A,"TUMBLER, ENGLISH ROSE",1.65,General,https://api.openverse.org/v1/images/1f375716-64cb-4fea-942c-2c5a440cd9ed/thumb/
79030D,TUMBLER BAROQUE,0.97,General,https://api.openverse.org/v1/images/9839a5a3-87b0-4c04-a4c6-746aae21c51f/thumb/
79030G,"TUMBLER, NEW ENGLAND",1.65,General,https://api.openverse.org/v1/images/391828c0-8cb0-495b-a8ab-cda4c0018586/thumb/
79051A,SMOKEY GREY COLOUR D.O.F. GLASS,0.29,General,https://api.openverse.org/v1/images/d2ee2733-1dcb-4688-878a-30c3ce79215f/thumb/
79062D,"RETRO TIN ASHTRAY,REVOLUTIONARY",0.29,General,
79063C,"RETRO PILL BOX KEY CHAIN,THE KING",0.19,General,
79063D,"RETRO PILL BOX , REVOLUTIONARY",0.19,General,
79065A,TEATIME ROUND CAKE TINS,9.95,General,
79066K,RETRO MOD TRAY,0.85,General,https://api.openverse.org/v1/images/f2e4e7aa-e3d0-4c0d-b59a-e717dd128a65/thumb/
79067,CORONA MEXICAN TRAY,3.75,General,https://api.openverse.org/v1/images/f2e4e7aa-e3d0-4c0d-b59a-e717dd128a65/thumb/
79070B,ENGLISH ROSE SQUARE CAKE TINS,11.26,General,
79071B,ENGLISH ROSE METAL WASTE BIN,2.95,General,https://api.openverse.org/v1/images/f93fce2b-cf12-4103-ba81-77143148e088/thumb/
79072,TEATIME CAKE TIN WITH HANDLE,9.95,General,https://api.openverse.org/v1/images/50ee06b0-7dd9-4055-b0b6-c94d112f05bd/thumb/
79140,ASS WINDPROOF MARIJUANA LIGHTERS,0.42,General,
79144B,PAINTED LIGHTBULB STAR+ MOON,0.83,General,
79144C,PAINTED LIGHTBULB RAINBOW DESIGN,0.83,General,
79149B,SILICON STAR BULB  BLUE,0.42,General,https://api.openverse.org/v1/images/54004df7-8ba4-459e-a00e-ee64de32feed/thumb/
79151B,"SILICON CUBE 25W, BLUE",0.42,General,https://api.openverse.org/v1/images/58621a49-6bbb-4ab8-bb02-7f4cd9685b02/thumb/
79157B,UBO-LIGHT TRIOBASE BLUE,0.85,General,
79157V,UBO-LIGHT TRIOBASE PURPLE,0.85,General,
79160,HEART SHAPE WIRELESS DOORBELL,2.10,General,https://api.openverse.org/v1/images/c1918960-44f0-4a51-ada4-e2df68ed0e95/thumb/
79161A,ST GEORGE SET OF 10 PARTY LIGHTS,2.95,General,https://api.openverse.org/v1/images/765d9a44-9ba5-4ac3-bde1-9dc9a7eb2770/thumb/
79163,BLACK CHAMPAGNE GLASS,1.55,General,https://api.openverse.org/v1/images/5bf841be-4c8f-45ee-b01a-76b78ee0bd02/thumb/
79164,BLACK WINE GLASS,1.65,General,
79172D,PURPLE TINT ACRYLIC FLOWER VASE,0.85,General,
79190A,RETRO PLASTIC 70'S TRAY,0.42,General,https://api.openverse.org/v1/images/f2e4e7aa-e3d0-4c0d-b59a-e717dd128a65/thumb/
79190B,RETRO PLASTIC POLKA TRAY,0.42,General,https://api.openverse.org/v1/images/f2e4e7aa-e3d0-4c0d-b59a-e717dd128a65/thumb/
79190D,RETRO PLASTIC DAISY TRAY,0.42,General,https://api.openverse.org/v1/images/f2e4e7aa-e3d0-4c0d-b59a-e717dd128a65/thumb/
79191B,RETRO PLASTIC POLKA TRAY,0.85,General,https://api.openverse.org/v1/images/f2e4e7aa-e3d0-4c0d-b59a-e717dd128a65/thumb/
79191C,RETRO PLASTIC ELEPHANT TRAY,0.85,General,https://api.openverse.org/v1/images/f2e4e7aa-e3d0-4c0d-b59a-e717dd128a65/thumb/
79191D,RETRO PLASTIC DAISY TRAY,0.85,General,https://api.openverse.org/v1/images/f2e4e7aa-e3d0-4c0d-b59a-e717dd128a65/thumb/
79192A,RETRO PLASTIC 70'S TRAY,1.25,General,https://api.openverse.org/v1/images/f2e4e7aa-e3d0-4c0d-b59a-e717dd128a65/thumb/
79301,FEATHER HEART LIGHTS,2.95,General,https://api.openverse.org/v1/images/765d9a44-9ba5-4ac3-bde1-9dc9a7eb2770/thumb/
79302M,"ART LIGHTS,FUNK MONKEY",2.95,General,
79303A,WHITE ROHMBIC BLOCK TABLE LAMP,2.95,General,
79303B,BLUE STAR BLOCK TABLE LAMP,5.91,General,
79303D,LILAC FLOWER BLOCK TABLE LAMP,5.91,General,
79308B,MOSAIC CANDLE DISH BLUE PURPLE,0.85,General,
79315W,FLYING SAUCER TABLE LIGHT IN WHITE,2.95,General,
79320,FLAMINGO LIGHTS,4.95,General,https://api.openverse.org/v1/images/765d9a44-9ba5-4ac3-bde1-9dc9a7eb2770/thumb/
79321,CHILLI LIGHTS,4.95,General,https://api.openverse.org/v1/images/765d9a44-9ba5-4ac3-bde1-9dc9a7eb2770/thumb/
79323B,BLACK CHERRY LIGHTS,6.75,General,https://api.openverse.org/v1/images/765d9a44-9ba5-4ac3-bde1-9dc9a7eb2770/thumb/
79323G,GOLD  CHERRY LIGHTS,6.75,General,https://api.openverse.org/v1/images/765d9a44-9ba5-4ac3-bde1-9dc9a7eb2770/thumb/
79323GR,GREEN CHERRY LIGHTS,6.75,General,https://api.openverse.org/v1/images/765d9a44-9ba5-4ac3-bde1-9dc9a7eb2770/thumb/
79323LP,LIGHT PINK CHERRY LIGHTS,6.75,General,https://api.openverse.org/v1/images/765d9a44-9ba5-4ac3-bde1-9dc9a7eb2770/thumb/
79323P,PINK CHERRY LIGHTS,6.75,General,https://api.openverse.org/v1/images/765d9a44-9ba5-4ac3-bde1-9dc9a7eb2770/thumb/
79323S,SILVER CHERRY LIGHTS,6.75,General,https://api.openverse.org/v1/images/765d9a44-9ba5-4ac3-bde1-9dc9a7eb2770/thumb/
79323W,WHITE CHERRY LIGHTS,6.75,General,https://api.openverse.org/v1/images/765d9a44-9ba5-4ac3-bde1-9dc9a7eb2770/thumb/
79328,BLUE FLOCK GLASS CANDLEHOLDER,0.38,General,https://api.openverse.org/v1/images/f4dd512b-9488-4224-9214-6e6a1a7747e6/thumb/
79329,PINK FLOCK GLASS CANDLEHOLDER,1.65,General,https://api.openverse.org/v1/images/f4dd512b-9488-4224-9214-6e6a1a7747e6/thumb/
79331,PINK FLOCK GLASS CANDLEHOLDER,1.65,General,https://api.openverse.org/v1/images/f4dd512b-9488-4224-9214-6e6a1a7747e6/thumb/
79336,LIGHT PINK FLOCK GLASS CANDLEHOLDER,1.65,General,https://api.openverse.org/v1/images/f4dd512b-9488-4224-9214-6e6a1a7747e6/thumb/
79337,BLUE FLOCK GLASS CANDLEHOLDER,0.38,General,https://api.openverse.org/v1/images/f4dd512b-9488-4224-9214-6e6a1a7747e6/thumb/
79338,DARK PINK FLOCK GLASS CANDLEHOLDER,1.65,General,https://api.openverse.org/v1/images/f4dd512b-9488-4224-9214-6e6a1a7747e6/thumb/
79341,WILLOW BRANCH LIGHTS.,6.75,General,https://api.openverse.org/v1/images/765d9a44-9ba5-4ac3-bde1-9dc9a7eb2770/thumb/
79342B,BROWN FLOWER LIGHTS,6.75,General,https://api.openverse.org/v1/images/765d9a44-9ba5-4ac3-bde1-9dc9a7eb2770/thumb/
79403,FROSTED WHITE BASE,0.85,General,https://api.openverse.org/v1/images/42468e1f-4f06-44cb-a6ac-97d7a864b4fe/thumb/
79406,FROSTED WHITE BASE,0.22,General,https://api.openverse.org/v1/images/42468e1f-4f06-44cb-a6ac-97d7a864b4fe/thumb/
79413,GLASS WINE GLASS DECORATIONS,1.25,General,https://api.openverse.org/v1/images/e9d6182a-6d55-46e6-9bfc-a1084236113a/thumb/
79532,MOSAIC GLASS BALL CANDLEHOLDER,1.25,General,https://api.openverse.org/v1/images/f4dd512b-9488-4224-9214-6e6a1a7747e6/thumb/
79534,MULTICOLOUR GLASS PLATE,0.55,General,https://api.openverse.org/v1/images/c81a5b8f-093c-46bd-8753-50cdb2af7378/thumb/
81950B,FLOWER BLUE CLOCK W/SUCKER,0.85,General,
81950V,FLOWER PURPLE CLOCK W/SUCKER,0.85,General,
81952B,ROUND BLUE CLOCK W/SUCKER,0.74,General,
81952V,ROUND PURPLE CLOCK WITH SUCKER,0.19,General,
81953B,ROUND BLUE CLOCK WITH SUCKER,0.19,General,
81953P,ROUND ARTICULATED PINK CLOCK W/SUCK,0.52,General,
81985A,"ICON ALARM CLOCK,FUSCHIA  PIN UP",2.55,General,
82001S,VINYL RECORD FRAME SILVER,3.75,General,https://api.openverse.org/v1/images/8ec53748-2acc-4984-8a6f-528cbb3fb3d9/thumb/
82011A,"BATHROOM SCALES, TROPICAL BEACH",3.75,General,https://api.openverse.org/v1/images/83c1260a-40d3-45ce-9d4f-75d148f83b1d/thumb/
82011B,BATHROOM SCALES RUBBER DUCKS,3.75,General,https://api.openverse.org/v1/images/adf62fcf-7dc4-4731-addb-d2eea43c801c/thumb/
82011C,BATHROOM SCALES FOOTPRINTS IN SAND,3.75,General,
82011E,"BATHROOM SCALES, FAG BREAK",3.75,General,https://api.openverse.org/v1/images/60899f38-baa1-4506-97d2-a1f55823866f/thumb/
82069,BEECH WOOD P/FRAME,5.91,General,https://api.openverse.org/v1/images/8ec53748-2acc-4984-8a6f-528cbb3fb3d9/thumb/
82072,WHITE WOOD SINGLE P/FRAME,1.25,General,https://api.openverse.org/v1/images/8ec53748-2acc-4984-8a6f-528cbb3fb3d9/thumb/
82076,BEECH WOOD PHOTO FRAME,3.36,General,https://api.openverse.org/v1/images/8ec53748-2acc-4984-8a6f-528cbb3fb3d9/thumb/
82081,PINK HEARTS PHOTO ALBUM,7.62,General,https://api.openverse.org/v1/images/6e35d837-0ebb-4167-9c8a-97aa378bd99e/thumb/
82093,HEART SHAPE BUTTON FRAME,3.43,General,https://api.openverse.org/v1/images/8ec53748-2acc-4984-8a6f-528cbb3fb3d9/thumb/
82095,HEART BUTTONS JEWELLERY BOX,4.96,General,https://api.openverse.org/v1/images/1190a5b6-5e15-4eb7-a0c8-ec57704d85aa/thumb/
82482,WOODEN PICTURE FRAME WHITE FINISH,2.55,General,https://api.openverse.org/v1/images/10d436f7-7103-413b-a484-165d0d286531/thumb/
82483,WOOD 2 DRAWER CABINET WHITE FINISH,5.95,General,https://api.openverse.org/v1/images/10d436f7-7103-413b-a484-165d0d286531/thumb/
82484,WOOD BLACK BOARD ANT WHITE FINISH,6.75,General,https://api.openverse.org/v1/images/10d436f7-7103-413b-a484-165d0d286531/thumb/
82486,WOOD S/3 CABINET ANT WHITE FINISH,7.95,General,https://api.openverse.org/v1/images/10d436f7-7103-413b-a484-165d0d286531/thumb/
82494L,WOODEN FRAME ANTIQUE WHITE,2.95,General,https://api.openverse.org/v1/images/8ec53748-2acc-4984-8a6f-528cbb3fb3d9/thumb/
82545A,COGNAC AUX OEUFS METAL 1 HOOK,1.25,General,https://api.openverse.org/v1/images/1fc08491-7c6e-4183-be28-60a2ca87c2b7/thumb/
82551,LAUNDRY 15C METAL SIGN,1.45,General,https://api.openverse.org/v1/images/4b56ac14-c109-43db-a3b8-6f8491648aef/thumb/
82552,WASHROOM METAL SIGN,1.45,General,https://api.openverse.org/v1/images/4b56ac14-c109-43db-a3b8-6f8491648aef/thumb/
82553,POP'S GREASY SPOON METAL SIGN,3.36,General,https://api.openverse.org/v1/images/4b56ac14-c109-43db-a3b8-6f8491648aef/thumb/
82567,"AIRLINE LOUNGE,METAL SIGN",2.10,General,https://api.openverse.org/v1/images/4b56ac14-c109-43db-a3b8-6f8491648aef/thumb/
82578,KITCHEN METAL SIGN,0.55,General,https://api.openverse.org/v1/images/4b56ac14-c109-43db-a3b8-6f8491648aef/thumb/
82580,BATHROOM METAL SIGN,0.55,General,https://api.openverse.org/v1/images/4b56ac14-c109-43db-a3b8-6f8491648aef/thumb/
82581,TOILET METAL SIGN,0.55,General,https://api.openverse.org/v1/images/4b56ac14-c109-43db-a3b8-6f8491648aef/thumb/
82582,AREA PATROLLED METAL SIGN,2.10,General,https://api.openverse.org/v1/images/4b56ac14-c109-43db-a3b8-6f8491648aef/thumb/
82583,HOT BATHS METAL SIGN,2.10,General,https://api.openverse.org/v1/images/4b56ac14-c109-43db-a3b8-6f8491648aef/thumb/
82585,SWEET VALENCIA CANDLE+CUP,1.25,General,https://api.openverse.org/v1/images/d199fcb5-c343-42bf-82a1-3b4b6f82c653/thumb/
82587,TEXRIO TOMATOES CANDLE+CUP,1.25,General,https://api.openverse.org/v1/images/d199fcb5-c343-42bf-82a1-3b4b6f82c653/thumb/
82597,BOMBS AWAY METAL SIGN,2.10,General,https://api.openverse.org/v1/images/4b56ac14-c109-43db-a3b8-6f8491648aef/thumb/
82599,FANNY'S REST STOPMETAL SIGN,2.10,General,https://api.openverse.org/v1/images/4b56ac14-c109-43db-a3b8-6f8491648aef/thumb/
82600,NO SINGING METAL SIGN,2.10,General,https://api.openverse.org/v1/images/4b56ac14-c109-43db-a3b8-6f8491648aef/thumb/
82605,OLD DOC RUSSEL METAL SIGN,2.10,General,https://api.openverse.org/v1/images/4b56ac14-c109-43db-a3b8-6f8491648aef/thumb/
82607A,GLASS BONBON JAR PARFUME AUX FLEURE,1.25,General,https://api.openverse.org/v1/images/d01d9b53-6e81-463f-8b2e-4d7040fed418/thumb/
82607C,GLASS BONBON JAR. SUPERFINES,2.51,General,
82607E,GLASS BONBON JAR. D'AMANDES,1.25,General,https://api.openverse.org/v1/images/1ab4e3a0-c4cc-4502-b738-b109d4c0248b/thumb/
82613A,"METAL SIGN,CUPCAKE SINGLE HOOK",1.25,General,https://api.openverse.org/v1/images/1fc08491-7c6e-4183-be28-60a2ca87c2b7/thumb/
82613B,"METAL SIGN,CUPCAKE SINGLE HOOK",1.25,General,https://api.openverse.org/v1/images/1fc08491-7c6e-4183-be28-60a2ca87c2b7/thumb/
82613C,"METAL SIGN,CUPCAKE SINGLE HOOK",2.46,General,https://api.openverse.org/v1/images/1fc08491-7c6e-4183-be28-60a2ca87c2b7/thumb/
82613D,METAL SIGN CUPCAKE SINGLE HOOK,1.25,General,https://api.openverse.org/v1/images/1fc08491-7c6e-4183-be28-60a2ca87c2b7/thumb/
82615,PINK MARSHMALLOW SCARF KNITTING KIT,2.95,General,https://api.openverse.org/v1/images/c7a32cc5-3e99-4b9a-95cd-f5828f50ea34/thumb/
82616A,BUBBLE GUM SCARF KNITTING KIT,2.95,General,https://api.openverse.org/v1/images/c7a32cc5-3e99-4b9a-95cd-f5828f50ea34/thumb/
82616B,FRAPPUCINO SCARF KNITTING KIT,2.46,General,https://api.openverse.org/v1/images/c7a32cc5-3e99-4b9a-95cd-f5828f50ea34/thumb/
82616C,MIDNIGHT GLAMOUR SCARF KNITTING KIT,2.46,General,https://api.openverse.org/v1/images/c7a32cc5-3e99-4b9a-95cd-f5828f50ea34/thumb/
84006,MAGIC TREE -PAPER FLOWERS,0.85,General,https://api.openverse.org/v1/images/61419a75-885c-4e6b-bb24-28b68fb5411b/thumb/
84007,MAGIC GARDEN MOUNT FUJI,2.55,General,https://api.openverse.org/v1/images/ba5c91ba-452d-4ed3-8d50-2ee0cb367630/thumb/
84012,MAGIC SHEEP WOOL GROWING FROM PAPER,1.66,General,https://api.openverse.org/v1/images/8fe2528c-f628-4d26-a2fc-bc9beca518f4/thumb/
84016,FLAG OF ST GEORGE CAR FLAG,0.42,General,https://api.openverse.org/v1/images/f0f57df5-5840-4116-b32d-3fef21853f8f/thumb/
84029C,BROWN FURRY HOT WATER BOTTLE,3.75,General,https://api.openverse.org/v1/images/6ec63ef0-d09a-4044-8a62-246a1c6f58b4/thumb/
84029D,LEOPARD PRINT HOT WATER BOTTLE,3.75,General,https://api.openverse.org/v1/images/6ec63ef0-d09a-4044-8a62-246a1c6f58b4/thumb/
84029E,RED WOOLLY HOTTIE WHITE HEART.,3.75,General,
84029G,KNITTED UNION FLAG HOT WATER BOTTLE,3.75,General,https://api.openverse.org/v1/images/6ec63ef0-d09a-4044-8a62-246a1c6f58b4/thumb/
84030B,KNITTED POM POM HOT WATER BOTTLE,3.75,General,https://api.openverse.org/v1/images/6ec63ef0-d09a-4044-8a62-246a1c6f58b4/thumb/
84030C,KNITTED RAINBOW HOT WATER BOTTLE,7.62,General,https://api.openverse.org/v1/images/6ec63ef0-d09a-4044-8a62-246a1c6f58b4/thumb/
84030E,ENGLISH ROSE HOT WATER BOTTLE,4.25,General,https://api.openverse.org/v1/images/6ec63ef0-d09a-4044-8a62-246a1c6f58b4/thumb/
84031A,CHARLIE+LOLA RED HOT WATER BOTTLE,4.21,General,https://api.openverse.org/v1/images/6ec63ef0-d09a-4044-8a62-246a1c6f58b4/thumb/
84031B,CHARLIE LOLA BLUE HOT WATER BOTTLE,4.21,General,https://api.openverse.org/v1/images/6ec63ef0-d09a-4044-8a62-246a1c6f58b4/thumb/
84032A,CHARLIE+LOLA PINK HOT WATER BOTTLE,2.95,General,https://api.openverse.org/v1/images/6ec63ef0-d09a-4044-8a62-246a1c6f58b4/thumb/
84032B,CHARLIE + LOLA RED HOT WATER BOTTLE,2.95,General,https://api.openverse.org/v1/images/6ec63ef0-d09a-4044-8a62-246a1c6f58b4/thumb/
84033,FLAG OF ST GEORGE,1.65,General,https://api.openverse.org/v1/images/ab776d0c-8cbf-413d-8e3c-87696fc291df/thumb/
84050,PINK HEART SHAPE EGG FRYING PAN,1.65,General,
84051,ASS COLOUR GLOWING TIARAS,0.85,General,
84077,WORLD WAR 2 GLIDERS ASSTD DESIGNS,0.29,General,https://api.openverse.org/v1/images/8325aae0-3d37-47de-b66f-6cbaf01ae477/thumb/
84078A,SET/4 WHITE RETRO STORAGE CUBES,39.95,General,https://api.openverse.org/v1/images/58621a49-6bbb-4ab8-bb02-7f4cd9685b02/thumb/
84081,WHITE CERAMIC PARTY SET (5PCS),4.25,General,https://api.openverse.org/v1/images/56880944-a2c7-46d5-b45a-a9f91d3167bc/thumb/
84086B,YELLOW/BLUE RETRO RADIO,2.95,General,
84086C,PINK/PURPLE RETRO RADIO,2.95,General,
84192,ASSORTED COLOUR METAL CAT,1.25,General,https://api.openverse.org/v1/images/1c5442f6-6bb6-4ab7-b603-f598e7579dd2/thumb/
84199,GLOW IN DARK DOLPHINS,0.21,General,https://api.openverse.org/v1/images/82e2ea9b-9727-485b-931d-778924c84ba6/thumb/
84201B,HAPPY BIRTHDAY CARD STRIPEY TEDDY,0.19,General,
84201C,HAPPY BIRTHDAY CARD TEDDY/CAKE,0.19,General,https://api.openverse.org/v1/images/e3f04f4d-9346-44e6-80a8-f160171979a3/thumb/
84205C,HAPPY BIRTHDAY GINGER CAT CARD,0.19,General,https://api.openverse.org/v1/images/ee25693d-43c7-4992-915e-152096f89076/thumb/
84206A,3 BLACK CATS W HEARTS BLANK CARD,0.19,General,https://api.openverse.org/v1/images/ee25693d-43c7-4992-915e-152096f89076/thumb/
84206B,CAT W SUNGLASSES BLANK CARD,0.19,General,https://api.openverse.org/v1/images/ee25693d-43c7-4992-915e-152096f89076/thumb/
84206C,CHAMPAGNE TRAY BLANK CARD,0.19,General,https://api.openverse.org/v1/images/ee25693d-43c7-4992-915e-152096f89076/thumb/
84212,"ASSORTED FLOWER COLOUR ""LEIS""",0.65,General,
84218,BOX/12 CHICK & EGG IN BASKET,1.95,General,https://api.openverse.org/v1/images/af89ea03-416d-4169-bac7-ba0837176dcc/thumb/
84219,BOX/12 MOTHER & CHICK IN BASKET/BOW,2.55,General,https://api.openverse.org/v1/images/6436da59-af0c-4797-adbd-a5076ea17978/thumb/
84226,HEN HOUSE W FAMILY IN BARN & NEST,0.85,General,
84227,HEN HOUSE W CHICK IN NEST,0.42,General,
84228,HEN HOUSE W CHICK STANDING,0.83,General,
84231,EASTER BUNNY WITH BASKET ON BACK,0.65,General,https://api.openverse.org/v1/images/727d1de8-37dd-46c0-b4d8-688d22ebc454/thumb/
84247C,PACK/12 BLUE REINDEER CARD,2.95,General,https://api.openverse.org/v1/images/ee25693d-43c7-4992-915e-152096f89076/thumb/
84247E,PACK/12 XMAS FUN CARD,2.95,General,https://api.openverse.org/v1/images/ee25693d-43c7-4992-915e-152096f89076/thumb/
84247G,"DECOUPAGE,GREETING CARD,",0.42,General,https://api.openverse.org/v1/images/ee25693d-43c7-4992-915e-152096f89076/thumb/
84247H,PACK/12 DECOUPAGE CARD,2.95,General,https://api.openverse.org/v1/images/ee25693d-43c7-4992-915e-152096f89076/thumb/
84247J,PACK/12 RUSSIAN DOLL CARDS,0.86,General,https://api.openverse.org/v1/images/ee25693d-43c7-4992-915e-152096f89076/thumb/
84247K,"FOLK ART GREETING CARD,pack/12",2.95,General,https://api.openverse.org/v1/images/ee25693d-43c7-4992-915e-152096f89076/thumb/
84247L,FAWN AND MUSHROOM GREETING CARD,0.42,General,https://api.openverse.org/v1/images/ee25693d-43c7-4992-915e-152096f89076/thumb/
84247N,PACK/12 BLUE FOLKART CARDS,2.95,General,https://api.openverse.org/v1/images/ee25693d-43c7-4992-915e-152096f89076/thumb/
84249A,"GREETING CARD,SQUARE, DOUGHNUTS",0.42,General,https://api.openverse.org/v1/images/28938a90-03eb-4804-8873-6ebc4bc7b253/thumb/
84249D,FAIRY CAKE GREETINGS CARD,0.42,General,https://api.openverse.org/v1/images/ee25693d-43c7-4992-915e-152096f89076/thumb/
84250M,"GREETING CARD, BLACKPOOL ROCK",0.85,General,
84251B,"GREETING CARD, STICKY GORDON",0.42,General,https://api.openverse.org/v1/images/bc1d923c-44fb-4d5f-8bcb-e761b73efad7/thumb/
84251C,"GREETING CARD, TWO SISTERS.",0.42,General,
84251F,"GREETING CARD, RITA",0.19,General,
84251G,"GREETING CARD, OVERCROWDED POOL.",0.42,General,
84251J,"GREETING CARD, THE BLACK CAT",0.84,General,https://api.openverse.org/v1/images/1c5442f6-6bb6-4ab7-b603-f598e7579dd2/thumb/
84255A,PINK GLASS COCKTAIL LAMP,2.10,General,
84255B,ORANGE COCKTAIL GLASS LAMP,2.10,General,
84270,ASSTD DESIGN BUBBLE GUM RING,0.21,General,https://api.openverse.org/v1/images/39e17456-3795-4ef9-9fba-143906935f6f/thumb/
84279B,CHERRY BLOSSOM DECORATIVE FLASK,3.75,General,https://api.openverse.org/v1/images/33868c6b-937c-4432-aaee-c02be0834f5f/thumb/
84279P,CHERRY BLOSSOM  DECORATIVE FLASK,3.75,General,https://api.openverse.org/v1/images/33868c6b-937c-4432-aaee-c02be0834f5f/thumb/
84288B,SET/2 BLUE  NOODLE BASKETS,1.95,General,https://api.openverse.org/v1/images/af89ea03-416d-4169-bac7-ba0837176dcc/thumb/
84292,ROSE PINK METAL FOLDING CHAIR,7.95,General,https://api.openverse.org/v1/images/4726baf8-1d66-4e42-9ca2-90391f430a03/thumb/
84292B,BLUE COL METAL FOLDING CHAIR,7.95,General,https://api.openverse.org/v1/images/4726baf8-1d66-4e42-9ca2-90391f430a03/thumb/
84306,S/3 PINK SQUARE PLANTERS ROSES,10.95,General,
84311,CAMOFLAGE CUSHION COVER,1.65,General,https://api.openverse.org/v1/images/3cd7adbe-bdf7-4633-b108-e861b6827dec/thumb/
84313A,PINK TV TRAY TABLE,4.25,General,https://api.openverse.org/v1/images/f2e4e7aa-e3d0-4c0d-b59a-e717dd128a65/thumb/
84313B,BLUE TV TRAY TABLE,4.25,General,https://api.openverse.org/v1/images/f2e4e7aa-e3d0-4c0d-b59a-e717dd128a65/thumb/
84313C,ORANGE TV TRAY TABLE,4.25,General,https://api.openverse.org/v1/images/f2e4e7aa-e3d0-4c0d-b59a-e717dd128a65/thumb/
84327A,PINK JUMPER LARRY THE LAMB,2.10,General,
84340,LARGE FIBRE OPTIC CHRISTMAS TREE,2.55,General,https://api.openverse.org/v1/images/d224c01b-ea04-4ba0-abfa-30a0b719aa66/thumb/
84341B,SMALL PINK MAGIC CHRISTMAS TREE,0.85,General,https://api.openverse.org/v1/images/d224c01b-ea04-4ba0-abfa-30a0b719aa66/thumb/
84347,ROTATING SILVER ANGELS T-LIGHT HLDR,2.55,General,
84352,SILVER CHRISTMAS TREE BAUBLE STAND,16.95,General,https://api.openverse.org/v1/images/1c805922-fd5f-49af-9cb5-f438ca31390b/thumb/
84356,POMPOM CURTAIN,6.95,General,https://api.openverse.org/v1/images/9ceefc95-7af1-4004-a3bb-6fcf05fe2999/thumb/
84358,FLOOR LAMP SHADE WOOD BASE,9.95,General,https://api.openverse.org/v1/images/42468e1f-4f06-44cb-a6ac-97d7a864b4fe/thumb/
84360,TABLE LAMP WHITE SHADE WOOD BASE,5.95,General,https://api.openverse.org/v1/images/42468e1f-4f06-44cb-a6ac-97d7a864b4fe/thumb/
84366,VENDETTA CANVAS PICTURE,3.75,General,
84367,LA STREGA CANVAS PICTURE,1.65,General,
84371,BIG PINK POODLE,19.95,General,
84375,SET OF 20 KIDS COOKIE CUTTERS,2.10,General,https://api.openverse.org/v1/images/d3c40131-f31a-434e-9894-b993ecbd2479/thumb/
84378,SET OF 3 HEART COOKIE CUTTERS,1.25,General,https://api.openverse.org/v1/images/d3c40131-f31a-434e-9894-b993ecbd2479/thumb/
84380,SET OF 3 BUTTERFLY COOKIE CUTTERS,1.25,General,https://api.openverse.org/v1/images/d3c40131-f31a-434e-9894-b993ecbd2479/thumb/
84387A,BIRD ON BRANCH CANVAS SCREEN,1.95,General,
84388,WISE MAN STAR SHAPE EGG PAN,1.65,General,
84396,6 HOOK JEWELLERY STAND BLACK DRESS,8.47,General,https://api.openverse.org/v1/images/3a9e320a-5f27-4e60-b2f4-514c63562265/thumb/
84402B,PURPLE DRESS JEWELLERY STAND,0.79,General,https://api.openverse.org/v1/images/1c805922-fd5f-49af-9cb5-f438ca31390b/thumb/
84402D,PINK DRESS JEWELLERY STAND,0.85,General,https://api.openverse.org/v1/images/1c805922-fd5f-49af-9cb5-f438ca31390b/thumb/
84405A,S/3 PINK COL METAL BASKET W HANDLE,12.75,General,https://api.openverse.org/v1/images/50ee06b0-7dd9-4055-b0b6-c94d112f05bd/thumb/
84406B,CREAM CUPID HEARTS COAT HANGER,3.25,General,https://api.openverse.org/v1/images/b984bec7-0df5-47f0-b8d7-d6c67685f1e1/thumb/
84414B,FUSCHIA/GREEN STRIPE WOOLLY BLANKET,5.95,General,https://api.openverse.org/v1/images/4a810105-264b-4849-8b10-5128d985523a/thumb/
84415A,PINK FLOCK SUEDE CUSHION COVER,3.75,General,https://api.openverse.org/v1/images/3cd7adbe-bdf7-4633-b108-e861b6827dec/thumb/
84415B,BLUE FLOCK CUSHION COVER,3.75,General,https://api.openverse.org/v1/images/3cd7adbe-bdf7-4633-b108-e861b6827dec/thumb/
84422,PINK/BLUE DISC/MIRROR STRING,0.85,General,
84424A,FOUR PICTURE WHITE GLASS FRAME,3.75,General,https://api.openverse.org/v1/images/8ec53748-2acc-4984-8a6f-528cbb3fb3d9/thumb/
84425A,WHITE GLASS TV TRIPLE FRAME,4.25,General,https://api.openverse.org/v1/images/8ec53748-2acc-4984-8a6f-528cbb3fb3d9/thumb/
84427B,BLACK GLASS TV DOUBLE P/FRAME 15X10,4.25,General,https://api.openverse.org/v1/images/8ec53748-2acc-4984-8a6f-528cbb3fb3d9/thumb/
84429A,MEDIUM PINK BUDDHA HEAD,2.95,General,https://api.openverse.org/v1/images/e3248609-1108-4b39-89c9-877e97d926f9/thumb/
84437A,S/6 PINK EASTER DECS IN BOX,0.85,General,https://api.openverse.org/v1/images/1190a5b6-5e15-4eb7-a0c8-ec57704d85aa/thumb/
84447,6 RABBIT CHAIN EASTER,1.66,General,https://api.openverse.org/v1/images/5d6db290-c92a-4ad0-9065-1e9354ad3ae8/thumb/
84450A,PINK RABBIT SITTING EASTER,0.42,General,
84450B,PINK/YELLOW RABBIT SAT EASTER,0.81,General,
84452,METAL RABBIT LADDER EASTER,0.85,General,
84454,WOBBLING METAL CHICKEN EASTER,0.85,General,https://api.openverse.org/v1/images/c3f0d714-4e42-4809-9475-480fba3a5077/thumb/
84455,SET OF 3 RABBIT CARROTS EASTER,0.85,General,https://api.openverse.org/v1/images/f7fd4eb6-e643-40ea-ab90-08ecceff9c6d/thumb/
84456,SET OF 3 RABBIT EGG EASTER,0.85,General,https://api.openverse.org/v1/images/9ad156e7-e62e-4afd-b52b-0b4ddfc52bb4/thumb/
84457,SET/3 RABBITS FLOWER SKIPPPING ROPE,0.85,General,
84458,S/3 RABBIT FLOWER/EGG/CARROT ROPE,0.85,General,
84459A,PINK METAL CHICKEN HEART,1.49,General,https://api.openverse.org/v1/images/c3f0d714-4e42-4809-9475-480fba3a5077/thumb/
84459B,YELLOW METAL CHICKEN HEART,1.49,General,https://api.openverse.org/v1/images/c3f0d714-4e42-4809-9475-480fba3a5077/thumb/
84461,12 PINK HEN+CHICKS IN BASKET,2.55,General,https://api.openverse.org/v1/images/af89ea03-416d-4169-bac7-ba0837176dcc/thumb/
84462,3 PINK HEN+CHICKS IN BASKET,1.25,General,https://api.openverse.org/v1/images/af89ea03-416d-4169-bac7-ba0837176dcc/thumb/
84464,S/60 PINK FLUFFY CHICKS IN BOX,2.55,General,https://api.openverse.org/v1/images/1190a5b6-5e15-4eb7-a0c8-ec57704d85aa/thumb/
84465,15 PINK FLUFFY CHICKS IN BOX,2.95,General,https://api.openverse.org/v1/images/1190a5b6-5e15-4eb7-a0c8-ec57704d85aa/thumb/
84466,TOP SECRET PEN SET,1.25,General,
84467,ENGLISH ROSE DESIGN QUILTED THROW,25.49,General,
84469,ROSE DES PADDED FLOOR CUSHION,2.95,General,https://api.openverse.org/v1/images/1a36bd86-0db6-40b6-8622-ed1d0c2d46df/thumb/
84472,PINK AND LILAC QUILTED THROW,45.95,General,
84482,BUTTONS DESIGN JEWELLERY BOX,3.75,General,https://api.openverse.org/v1/images/1190a5b6-5e15-4eb7-a0c8-ec57704d85aa/thumb/
84493,BLUE/PINK NEST STRIPE BOX,2.55,General,https://api.openverse.org/v1/images/1190a5b6-5e15-4eb7-a0c8-ec57704d85aa/thumb/
84497,BUTTONS AND STRIPES NOTEBOOK,3.75,General,https://api.openverse.org/v1/images/bc534457-cd5d-4887-ad2c-f42c33344be5/thumb/
84499,BLACK FLOWER CANDLE PLATE,0.85,General,https://api.openverse.org/v1/images/c81a5b8f-093c-46bd-8753-50cdb2af7378/thumb/
84507B,STRIPES DESIGN MONKEY DOLL,2.55,General,https://api.openverse.org/v1/images/86785c8f-616f-497d-b6cb-61b50455b84b/thumb/
84507C,BLUE CIRCLES DESIGN MONKEY DOLL,2.55,General,https://api.openverse.org/v1/images/86785c8f-616f-497d-b6cb-61b50455b84b/thumb/
84508A,CAMOUFLAGE DESIGN TEDDY,2.55,General,
84508B,STRIPES DESIGN TEDDY,2.55,General,
84508C,BLUE CIRCLES DESIGN TEDDY,2.55,General,
84509A,SET OF 4 ENGLISH ROSE PLACEMATS,3.75,General,
84509B,SET OF 4 FAIRY CAKE PLACEMATS,3.75,General,
84509C,SET OF 4 POLKADOT PLACEMATS,3.75,General,
84509E,SET OF 4 CAROUSEL PLACEMATS,3.36,General,
84509F,SET OF 4 NEW ENGLAND PLACEMATS,3.75,General,
84509G,SET OF 4 FAIRY CAKE PLACEMATS,3.75,General,
84510A,SET OF 4 ENGLISH ROSE COASTERS,1.25,General,
84510B,SET OF 4 FAIRY CAKES COASTERS,1.25,General,
84510C,SET OF 4 POLKADOT COASTERS,2.46,General,
84510E,SET OF 4 GREEN CAROUSEL COASTERS,2.46,General,
84510F,SET OF 4 NEW ENGLAND COASTERS,1.25,General,
84519A,TOMATO CHARLIE+LOLA COASTER SET,2.95,General,
84519B,CARROT CHARLIE+LOLA COASTER SET,2.95,General,
84520B,PACK 20 ENGLISH ROSE PAPER NAPKINS,0.85,General,
84520D,PACK OF 20 FAIRY CAKE PAPER NAPKINS,0.85,General,
84522,PINK PARTY SUNGLASSES,1.95,General,
84526,GIANT BLACK SUNGLASSES,1.95,General,
84527,FLAMES SUNGLASSES PINK LENSES,1.95,General,
84529A,PINK KNITTED KIDS RUCKSACK,6.75,General,
84529B,BLUE KNITTED KID'S RUCKSACK,4.21,General,
84529C,YELLOW KNITTED KIDS RUCKSACK,4.21,General,
84531A,PINK KNITTED EGG COSY,1.39,General,https://api.openverse.org/v1/images/4e9c4070-b774-411b-9e2e-0a660d37dea3/thumb/
84531B,BLUE KNITTED EGG COSY,1.95,General,https://api.openverse.org/v1/images/4e9c4070-b774-411b-9e2e-0a660d37dea3/thumb/
84532B,FAIRY CAKES RECTANGLUAR BOXES,5.95,General,https://api.openverse.org/v1/images/1190a5b6-5e15-4eb7-a0c8-ec57704d85aa/thumb/
84533B,FAIRY CAKES ROUND NESTING BOXES,5.95,General,https://api.openverse.org/v1/images/1190a5b6-5e15-4eb7-a0c8-ec57704d85aa/thumb/
84534B,FAIRY CAKE NOTEBOOK A5 SIZE,0.85,General,
84535A,ENGLISH ROSE NOTEBOOK A6 SIZE,0.65,General,
84535B,FAIRY CAKES NOTEBOOK A6 SIZE,0.65,General,
84536A,ENGLISH ROSE NOTEBOOK A7 SIZE,0.42,General,
84536B,FAIRY CAKES NOTEBOOK A7 SIZE,0.42,General,
84537B,FAIRY CAKES GIFT BAG,0.42,General,https://api.openverse.org/v1/images/cb3e1d79-54b4-47d2-9678-84b342331819/thumb/
84539,KNITTED RABBIT DOLL,1.65,General,https://api.openverse.org/v1/images/86785c8f-616f-497d-b6cb-61b50455b84b/thumb/
84546,CROCHET POODLE KEYRING,1.65,General,
84548,CROCHET BEAR RED/BLUE  KEYRING,1.65,General,
84549,CROCHET WHITE RABBIT KEYRING,1.65,General,
84550,CROCHET LILAC/RED BEAR KEYRING,1.65,General,
84551,CROCHET DOG KEYRING,1.65,General,
84555A,YELLOW VW BEETLE CERAMIC MONEY BOX,2.95,General,https://api.openverse.org/v1/images/1190a5b6-5e15-4eb7-a0c8-ec57704d85aa/thumb/
84558A,3D DOG PICTURE PLAYING CARDS,2.95,General,https://api.openverse.org/v1/images/ee25693d-43c7-4992-915e-152096f89076/thumb/
84559A,3D SHEET OF DOG STICKERS,0.85,General,https://api.openverse.org/v1/images/713edf7e-d3be-4993-b671-7372c1d675fa/thumb/
84559B,3D SHEET OF CAT STICKERS,0.85,General,https://api.openverse.org/v1/images/713edf7e-d3be-4993-b671-7372c1d675fa/thumb/
84559D,3D SHEET OF SEA WORLD STICKERS,0.85,General,https://api.openverse.org/v1/images/713edf7e-d3be-4993-b671-7372c1d675fa/thumb/
84562A,PINK/WHITE RIBBED MELAMINE JUG,7.95,General,
84562B,BLUE/WHITE RIBBED MELAMINE JUG,7.95,General,
84563A,PINK & WHITE BREAKFAST TRAY,5.95,General,https://api.openverse.org/v1/images/f2e4e7aa-e3d0-4c0d-b59a-e717dd128a65/thumb/
84563B,BLUE & WHITE BREAKFAST TRAY,4.21,General,https://api.openverse.org/v1/images/f2e4e7aa-e3d0-4c0d-b59a-e717dd128a65/thumb/
84564,6 SEGMENT COLOURED SNACK BOWL,7.95,General,https://api.openverse.org/v1/images/dcf29c13-b3ea-4a75-91c9-6c5892fc52c7/thumb/
84567,FROSTED GLASS WITH SILVER SURROUND,1.65,General,
84568,GIRLS ALPHABET IRON ON PATCHES,0.42,General,
84569A,PACK 3 IRON ON DOG PATCHES,1.25,General,
84569B,PACK 3 FIRE ENGINE/CAR PATCHES,1.25,General,
84569C,PACK 4 FLOWER/BUTTERFLY PATCHES,1.25,General,
84569D,PACK 6 HEART/ICE-CREAM PATCHES,1.25,General,
84570B,WHITE SATIN DRESS JEWEL STAND,4.95,General,https://api.openverse.org/v1/images/1c805922-fd5f-49af-9cb5-f438ca31390b/thumb/
84572,6 HOOK JEWEL STAND LILAC DRESS,8.49,General,https://api.openverse.org/v1/images/3a9e320a-5f27-4e60-b2f4-514c63562265/thumb/
84575A,PINK DOG CANNISTER,5.95,General,https://api.openverse.org/v1/images/16b70094-70f0-4a24-a60a-b6580478dfff/thumb/
84575B,BROWN DOG CANNISTER W BONE,5.95,General,https://api.openverse.org/v1/images/83aaa1bb-ef74-4aaa-83fd-43ead767d82b/thumb/
84576,BLUE CAT BISCUIT BARREL PINK HEART,4.13,General,https://api.openverse.org/v1/images/483d36fc-bf12-4e09-98f5-f96ff4aaeadf/thumb/
84578,ELEPHANT TOY WITH BLUE T-SHIRT,3.75,General,
84580,MOUSE TOY WITH PINK T-SHIRT,3.75,General,
84581,DOG TOY WITH PINK CROCHET SKIRT,3.75,General,
84582,PINK CROCHET CAT WITH SCARF,4.25,General,
84584,PINK GINGHAM CAT WITH SCARF,2.55,General,
84586L,"PINK ROSES/GINGHAM PATCH RABBIT 8""",2.95,General,
84592,CROCHET ROSE PURSE WITH SUEDE BACK,2.95,General,https://api.openverse.org/v1/images/727d1de8-37dd-46c0-b4d8-688d22ebc454/thumb/
84593,CROCHET ROSE DES CLOTHES HANGER,2.95,General,https://api.openverse.org/v1/images/b984bec7-0df5-47f0-b8d7-d6c67685f1e1/thumb/
84595B,LARGE TRIFLE DESIGN L BLUE BOWL,3.75,General,https://api.openverse.org/v1/images/dcf29c13-b3ea-4a75-91c9-6c5892fc52c7/thumb/
84595E,LARGE TORTILLA DESIGN RED BOWL,3.29,General,https://api.openverse.org/v1/images/dcf29c13-b3ea-4a75-91c9-6c5892fc52c7/thumb/
84596B,SMALL DOLLY MIX DESIGN ORANGE BOWL,0.83,General,https://api.openverse.org/v1/images/dcf29c13-b3ea-4a75-91c9-6c5892fc52c7/thumb/
84596E,SMALL LICORICE DES PINK BOWL,1.25,General,https://api.openverse.org/v1/images/dcf29c13-b3ea-4a75-91c9-6c5892fc52c7/thumb/
84596F,SMALL MARSHMALLOWS PINK BOWL,0.83,General,https://api.openverse.org/v1/images/dcf29c13-b3ea-4a75-91c9-6c5892fc52c7/thumb/
84596G,SMALL CHOCOLATES PINK BOWL,0.83,General,https://api.openverse.org/v1/images/dcf29c13-b3ea-4a75-91c9-6c5892fc52c7/thumb/
84596I,WRAP SWEETS LIGHT PINK SMALL BOWL,1.25,General,https://api.openverse.org/v1/images/dcf29c13-b3ea-4a75-91c9-6c5892fc52c7/thumb/
84596J,MIXED NUTS LIGHT GREEN BOWL,1.25,General,https://api.openverse.org/v1/images/dcf29c13-b3ea-4a75-91c9-6c5892fc52c7/thumb/
84596K,JELLY BABIES YELLOW SMALL BOWL,1.25,General,https://api.openverse.org/v1/images/dcf29c13-b3ea-4a75-91c9-6c5892fc52c7/thumb/
84596L,BISCUITS SMALL BOWL LIGHT BLUE,0.83,General,
84597B,RETRO BROWN BALL ASHTRAY,1.25,General,https://api.openverse.org/v1/images/16869246-26c8-480c-b54f-179b18c7bddb/thumb/
84597C,RETRO PINK BALL ASHTRAY,1.25,General,https://api.openverse.org/v1/images/16869246-26c8-480c-b54f-179b18c7bddb/thumb/
84598,BOYS ALPHABET IRON ON PATCHES,0.42,General,
84599,CANDY STRIPE ROSE FLOOR CUSHION,12.04,General,https://api.openverse.org/v1/images/1a36bd86-0db6-40b6-8622-ed1d0c2d46df/thumb/
84600,NEW BAROQUE JEWELLERY BOX,7.95,General,https://api.openverse.org/v1/images/1190a5b6-5e15-4eb7-a0c8-ec57704d85aa/thumb/
84601A,NEW BAROQUE IVORY CUSHION COVER,2.95,General,https://api.openverse.org/v1/images/3cd7adbe-bdf7-4633-b108-e861b6827dec/thumb/
84608,ORNATE EDWARDIAN CANDLE HOLDER,7.95,General,https://api.openverse.org/v1/images/dfed723f-0d7e-4814-900e-01daa1b92abc/thumb/
84609,TALL ROCOCO CANDLE HOLDER,8.50,General,https://api.openverse.org/v1/images/dfed723f-0d7e-4814-900e-01daa1b92abc/thumb/
84611B,BLACK NEW BAROQUE FLOCK BOX,5.95,General,https://api.openverse.org/v1/images/1190a5b6-5e15-4eb7-a0c8-ec57704d85aa/thumb/
84612B,SET/4 BLACK  BAROQUE FLOCK COASTER,2.55,General,
84613A,PINK NEW BAROQUE FLOCK CANDLESTICK,4.65,General,https://api.openverse.org/v1/images/03bbd939-550b-4492-92d3-0d9bff87f8ff/thumb/
84613C,BLUE NEW BAROQUE FLOCK CANDLESTICK,4.65,General,https://api.openverse.org/v1/images/03bbd939-550b-4492-92d3-0d9bff87f8ff/thumb/
84614A,PINK BAROQUE FLOCK CANDLE HOLDER,5.95,General,https://api.openverse.org/v1/images/dfed723f-0d7e-4814-900e-01daa1b92abc/thumb/
84614C,BLUE BAROQUE FLOCK CANDLE HOLDER,5.95,General,https://api.openverse.org/v1/images/dfed723f-0d7e-4814-900e-01daa1b92abc/thumb/
84615,PINK ROUND BUTTERFLY MIRROR,1.95,General,https://api.openverse.org/v1/images/50a14bda-9275-4685-ae87-7dd051c3a213/thumb/
84616,SILVER ROCCOCO CHANDELIER,29.95,General,https://api.openverse.org/v1/images/1920cf3d-2b8d-4a71-989f-5ab38d84391d/thumb/
84617,NEW BAROQUE BLACK BOXES,12.75,General,https://api.openverse.org/v1/images/1190a5b6-5e15-4eb7-a0c8-ec57704d85aa/thumb/
84619,BLUE GINGHAM ROSE QUILT,45.95,General,
84620,BLUE GINGHAM ROSE CUSHION COVER,5.95,General,https://api.openverse.org/v1/images/3cd7adbe-bdf7-4633-b108-e861b6827dec/thumb/
84621,BLUE GINGHAM ROSE FLOOR CUSHION,7.95,General,https://api.openverse.org/v1/images/1a36bd86-0db6-40b6-8622-ed1d0c2d46df/thumb/
84622,PINK GINGHAM ROSE CUSHION COVER,5.95,General,https://api.openverse.org/v1/images/3cd7adbe-bdf7-4633-b108-e861b6827dec/thumb/
84623,PINK GINGHAM ROSE FLOOR CUSHION,7.95,General,https://api.openverse.org/v1/images/1a36bd86-0db6-40b6-8622-ed1d0c2d46df/thumb/
84625A,PINK NEW BAROQUECANDLESTICK CANDLE,2.95,General,https://api.openverse.org/v1/images/08b80744-52cf-4b6f-98fb-c03218cfb7b2/thumb/
84625B,BLCK NEW BAROQUE CANDLESTICK CANDLE,2.95,General,https://api.openverse.org/v1/images/08b80744-52cf-4b6f-98fb-c03218cfb7b2/thumb/
84625C,BLUE NEW BAROQUE CANDLESTICK CANDLE,2.95,General,https://api.openverse.org/v1/images/08b80744-52cf-4b6f-98fb-c03218cfb7b2/thumb/
84625D,WHITE NEWBAROQUE CANDLESTICK CANDLE,2.95,General,https://api.openverse.org/v1/images/08b80744-52cf-4b6f-98fb-c03218cfb7b2/thumb/
84626,CANDY STRIPE ROSE QUILT,45.95,General,
84627,CANDY STRIPE ROSE C/COVER,5.95,General,https://api.openverse.org/v1/images/3cd7adbe-bdf7-4633-b108-e861b6827dec/thumb/
84629,WHITE 3 FRAME BIRDS AND TREE,4.95,General,https://api.openverse.org/v1/images/d224c01b-ea04-4ba0-abfa-30a0b719aa66/thumb/
84630,FLOWERS AND BIRDS WALL PLAQUE,7.95,General,
84631,FRUIT TREE AND BIRDS WALL PLAQUE,7.95,General,
84632,DECORATIVE HANGING SHELVING UNIT,59.95,General,
84637,KITCHEN FLOWER POTS WALL PLAQUE,4.96,General,
84638,SMALL KITCHEN FLOWER POTS PLAQUE,6.95,General,
84648,NEW BAROQUE WALL MIRROR,12.75,General,https://api.openverse.org/v1/images/50a14bda-9275-4685-ae87-7dd051c3a213/thumb/
84653,GREEN ROSE QUILT,45.95,General,
84656,WHITE ROSE C/COVER,5.95,General,https://api.openverse.org/v1/images/3cd7adbe-bdf7-4633-b108-e861b6827dec/thumb/
84657,GREEN ROSE CUSHION COVER,4.65,General,https://api.openverse.org/v1/images/3cd7adbe-bdf7-4633-b108-e861b6827dec/thumb/
84658,WHITE STITCHED CUSHION COVER,6.95,General,https://api.openverse.org/v1/images/3cd7adbe-bdf7-4633-b108-e861b6827dec/thumb/
84659A,WHITE TRAVEL ALARM CLOCK,2.51,General,https://api.openverse.org/v1/images/c214cdd4-b5a6-40f5-9d1b-883b6e386095/thumb/
84660A,WHITE STITCHED WALL CLOCK,1.25,General,https://api.openverse.org/v1/images/c214cdd4-b5a6-40f5-9d1b-883b6e386095/thumb/
84660B,BLACK STITCHED WALL CLOCK,3.75,General,https://api.openverse.org/v1/images/c214cdd4-b5a6-40f5-9d1b-883b6e386095/thumb/
84660C,PINK STITCHED WALL CLOCK,3.75,General,https://api.openverse.org/v1/images/c214cdd4-b5a6-40f5-9d1b-883b6e386095/thumb/
84661A,WHITE SQUARE TABLE CLOCK,2.55,General,https://api.openverse.org/v1/images/c214cdd4-b5a6-40f5-9d1b-883b6e386095/thumb/
84661B,BLACK SQUARE TABLE CLOCK,2.55,General,https://api.openverse.org/v1/images/c214cdd4-b5a6-40f5-9d1b-883b6e386095/thumb/
84661C,PINK SQUARE TABLE CLOCK,2.55,General,https://api.openverse.org/v1/images/c214cdd4-b5a6-40f5-9d1b-883b6e386095/thumb/
84663A,GRASS HOPPER WOODEN WALL CLOCK,5.91,General,https://api.openverse.org/v1/images/c214cdd4-b5a6-40f5-9d1b-883b6e386095/thumb/
84664,CHERRY BLOSSOM BATHROOM CABINET,4.95,General,https://api.openverse.org/v1/images/f4f13708-64ca-4b70-b384-0e3d34fd567f/thumb/
84665,SQUARE CHERRY BLOSSOM CABINET,5.95,General,https://api.openverse.org/v1/images/f4f13708-64ca-4b70-b384-0e3d34fd567f/thumb/
84666,SQUARE CHERRY BLOSSOM CABINET,3.95,General,https://api.openverse.org/v1/images/f4f13708-64ca-4b70-b384-0e3d34fd567f/thumb/
84670,JAPANESE CROCHETED ANIMAL,0.42,General,https://api.openverse.org/v1/images/02e00a12-c1d2-4e99-b076-85d304faf263/thumb/
84671B,CROCHET BEAR WITH BLUE STRIPES,2.55,General,
84673A,PINK FLY SWAT,0.65,General,
84673B,BLUE FLY SWAT,0.65,General,
84674,FLYING PIG WATERING CAN,2.95,General,https://api.openverse.org/v1/images/13ed2519-a959-4401-9699-8f187b39b02d/thumb/
84675,FROG KING WATERING CAN,2.95,General,https://api.openverse.org/v1/images/13ed2519-a959-4401-9699-8f187b39b02d/thumb/
84676,BATH DUCK WATERING CAN,2.95,General,https://api.openverse.org/v1/images/13ed2519-a959-4401-9699-8f187b39b02d/thumb/
84678,CLASSICAL ROSE SMALL VASE,2.55,General,
84679,CLASSICAL ROSE TABLE LAMP,5.95,General,
84680,CLASSICAL ROSE URN,7.95,General,
84682,CLASSICAL ROSE DISH,2.95,General,https://api.openverse.org/v1/images/d84197b1-da39-46dd-9350-61826d77e124/thumb/
84683,CLASSICAL ROSE CANDLESTAND,1.25,General,https://api.openverse.org/v1/images/558fdac8-2a86-4cf2-824d-1bda8fed09e6/thumb/
84684,BEACH HUT PHOTO FRAME,2.55,General,https://api.openverse.org/v1/images/8ec53748-2acc-4984-8a6f-528cbb3fb3d9/thumb/
84685,BEACH HUT KEY CABINET,7.62,General,https://api.openverse.org/v1/images/f4f13708-64ca-4b70-b384-0e3d34fd567f/thumb/
84686,BEACH HUT MIRROR,6.36,General,https://api.openverse.org/v1/images/50a14bda-9275-4685-ae87-7dd051c3a213/thumb/
84687,BEACH HUT SHELF W 3 DRAWERS,5.95,General,https://api.openverse.org/v1/images/52ce00df-859b-403a-a6fe-335ea584532e/thumb/
84688,BEACH HUT DESIGN BLACKBOARD,4.25,General,https://api.openverse.org/v1/images/e11fbd8f-5c1a-4e18-9d38-7870bfd7007a/thumb/
84689,S/2 BEACH HUT TREASURE CHESTS,5.95,General,https://api.openverse.org/v1/images/af3b9ce4-a628-4368-a8f8-823916a314d2/thumb/
84690,S/2 BEACH HUT STOOLS,7.95,General,
84691,PACK 20 DOLLY PEGS,0.85,General,
84692,BOX OF 24 COCKTAIL PARASOLS,0.42,General,
84705A,ENGLISH ROSE PHOTO FRAME,4.65,General,https://api.openverse.org/v1/images/8ec53748-2acc-4984-8a6f-528cbb3fb3d9/thumb/
84705B,FAIRY CAKES PHOTO FRAME,3.43,General,https://api.openverse.org/v1/images/8ec53748-2acc-4984-8a6f-528cbb3fb3d9/thumb/
84705C,PINK FLOCK PHOTO FRAME,4.43,General,https://api.openverse.org/v1/images/8ec53748-2acc-4984-8a6f-528cbb3fb3d9/thumb/
84705D,CHERRY BLOSSOM PHOTO FRAME,4.21,General,https://api.openverse.org/v1/images/8ec53748-2acc-4984-8a6f-528cbb3fb3d9/thumb/
84705F,RED PEONY PHOTO FRAME,4.65,General,https://api.openverse.org/v1/images/8ec53748-2acc-4984-8a6f-528cbb3fb3d9/thumb/
84706A,ENGLISH ROSE TABLE CLOCK,8.95,General,https://api.openverse.org/v1/images/c214cdd4-b5a6-40f5-9d1b-883b6e386095/thumb/
84706B,FAIRY CAKES TABLE CLOCK,8.95,General,https://api.openverse.org/v1/images/c214cdd4-b5a6-40f5-9d1b-883b6e386095/thumb/
84706C,PINK FLOCK TABLE CLOCK,1.95,General,https://api.openverse.org/v1/images/c214cdd4-b5a6-40f5-9d1b-883b6e386095/thumb/
84706D,CHERRY BLOSSOM TABLE CLOCK,1.95,General,https://api.openverse.org/v1/images/c214cdd4-b5a6-40f5-9d1b-883b6e386095/thumb/
84706F,RED PEONY TABLE CLOCK,2.95,General,https://api.openverse.org/v1/images/c214cdd4-b5a6-40f5-9d1b-883b6e386095/thumb/
84707A,SILVER JEWELLED MIRROR TRINKET TRAY,9.95,General,https://api.openverse.org/v1/images/f2e4e7aa-e3d0-4c0d-b59a-e717dd128a65/thumb/
84707B,PINK JEWELLED MIRROR TRINKET TRAY,8.47,General,https://api.openverse.org/v1/images/f2e4e7aa-e3d0-4c0d-b59a-e717dd128a65/thumb/
84708B,PINK JEWELLED PHOTO FRAME,4.95,General,https://api.openverse.org/v1/images/8ec53748-2acc-4984-8a6f-528cbb3fb3d9/thumb/
84709A,SILVER OVAL JEWELLED MIRROR,5.95,General,https://api.openverse.org/v1/images/50a14bda-9275-4685-ae87-7dd051c3a213/thumb/
84709B,PINK OVAL JEWELLED MIRROR,5.95,General,https://api.openverse.org/v1/images/50a14bda-9275-4685-ae87-7dd051c3a213/thumb/
84711A,SILVER OVAL SHAPE TRINKET BOX,9.95,General,https://api.openverse.org/v1/images/1190a5b6-5e15-4eb7-a0c8-ec57704d85aa/thumb/
84711B,PINK OVAL SHAPE TRINKET BOX,9.30,General,https://api.openverse.org/v1/images/1190a5b6-5e15-4eb7-a0c8-ec57704d85aa/thumb/
84712B,PINK JEWELLED PHOTO FRAME,7.95,General,https://api.openverse.org/v1/images/8ec53748-2acc-4984-8a6f-528cbb3fb3d9/thumb/
84715,SET OF 6 ICE CREAM SKITTLES,2.95,General,
84720,DOT MATRIX CANVAS ART PICTURE,3.95,General,
84721,MANHATTAN CANVAS ART PICTURE,8.35,General,
84723,CHERRY BLOSSOM CANVAS ART PICTURE,7.95,General,
84725,FREESTYLE CANVAS ART PICTURE,1.65,General,
84726,LILLIES CANVAS PICTURE,1.65,General,
84731,3 BIRDS CANVAS SCREEN,1.65,General,
84732B,CUTE BIRD CEATURE SCREEN,1.65,General,
84732D,CUTE RABBIT CEATURE SCREEN,1.65,General,
84741C,CITRUS GARLAND FELT FLOWERS,1.95,General,https://api.openverse.org/v1/images/61419a75-885c-4e6b-bb24-28b68fb5411b/thumb/
84743C,ORANGE FELT VASE + FLOWERS,1.25,General,https://api.openverse.org/v1/images/61419a75-885c-4e6b-bb24-28b68fb5411b/thumb/
84744,S/6 SEW ON CROCHET FLOWERS,1.25,General,https://api.openverse.org/v1/images/61419a75-885c-4e6b-bb24-28b68fb5411b/thumb/
84745A,PINK HANGING GINGHAM EASTER HEN,0.42,General,
84745B,BLUE HANGING GINGHAM EASTER HEN,0.42,General,
84746,PINK EASTER HENS+FLOWER,3.75,General,
84748,FOLK FELT HANGING MULTICOL GARLAND,2.51,General,https://api.openverse.org/v1/images/a97911af-e24d-4823-8bd3-92fd3af7c472/thumb/
84750A,PINK SMALL GLASS CAKE STAND,1.95,General,https://api.openverse.org/v1/images/1c805922-fd5f-49af-9cb5-f438ca31390b/thumb/
84750B,BLACK SMALL GLASS CAKE STAND,1.95,General,https://api.openverse.org/v1/images/1c805922-fd5f-49af-9cb5-f438ca31390b/thumb/
84751B,BLACK MEDIUM GLASS CAKE STAND,3.75,General,https://api.openverse.org/v1/images/1c805922-fd5f-49af-9cb5-f438ca31390b/thumb/
84753A,PINK EAU DE COLOGNE BOTTLE,0.85,General,https://api.openverse.org/v1/images/6ec63ef0-d09a-4044-8a62-246a1c6f58b4/thumb/
84754,S/15 SILVER GLASS BAUBLES IN BAG,1.25,General,https://api.openverse.org/v1/images/cb3e1d79-54b4-47d2-9678-84b342331819/thumb/
84755,COLOUR GLASS T-LIGHT HOLDER HANGING,0.65,General,https://api.openverse.org/v1/images/dfed723f-0d7e-4814-900e-01daa1b92abc/thumb/
84757,ENCHANTED GARDEN WROUGHT IRON TABLE,14.95,General,
84760L,LARGE HANGING GLASS+ZINC LANTERN,1.60,General,
84760S,SMALL HANGING GLASS+ZINC LANTERN,1.45,General,
84761,IVORY HANGING BIRD PLANTER,2.55,General,
84762A,WHITE PICNIC BARBECUE BUCKET,10.75,General,https://api.openverse.org/v1/images/7daa25e3-fbf5-4312-b8eb-513991b729e2/thumb/
84762B,PINK PICNIC BARBECUE BUCKET,8.47,General,https://api.openverse.org/v1/images/7daa25e3-fbf5-4312-b8eb-513991b729e2/thumb/
84762C,GREEN PICNIC BARBECUE BUCKET,8.47,General,https://api.openverse.org/v1/images/7daa25e3-fbf5-4312-b8eb-513991b729e2/thumb/
84763,ZINC FINISH 15CM PLANTER POTS,1.25,General,
84765,SILVER ROCOCO CANDELABRA,12.75,General,https://api.openverse.org/v1/images/20186c55-bd4f-48da-8aaf-d606d1e4cb82/thumb/
84766,SILVER ROCOCO CANDLE STICK,5.95,General,
84767,ZINC POLICE BOX LANTERN,5.95,General,
84770,ROUND GEORGIAN SILVER MIRROR,2.95,General,https://api.openverse.org/v1/images/50a14bda-9275-4685-ae87-7dd051c3a213/thumb/
84773,RED ROSE AND LACE C/COVER,2.95,General,https://api.openverse.org/v1/images/3cd7adbe-bdf7-4633-b108-e861b6827dec/thumb/
84782A,PINK 3 TIER GLASS PLATE STAND,12.75,General,https://api.openverse.org/v1/images/1c805922-fd5f-49af-9cb5-f438ca31390b/thumb/
84782B,BLACK 3 TIER GLASS PLATE STAND,12.75,General,https://api.openverse.org/v1/images/1c805922-fd5f-49af-9cb5-f438ca31390b/thumb/
84782C,GREEN 3 TIER GLASS PLATE STAND,12.75,General,https://api.openverse.org/v1/images/1c805922-fd5f-49af-9cb5-f438ca31390b/thumb/
84789,ENCHANTED BIRD PLANT CAGE,3.75,General,https://api.openverse.org/v1/images/1c1fe3c1-6113-4c43-88ae-74e0c149fc7c/thumb/
84791,GINGHAM HEART DECORATION,2.95,General,https://api.openverse.org/v1/images/e9d6182a-6d55-46e6-9bfc-a1084236113a/thumb/
84792,ENCHANTED BIRD COATHANGER 5 HOOK,4.65,General,https://api.openverse.org/v1/images/1fc08491-7c6e-4183-be28-60a2ca87c2b7/thumb/
84795A,PASTEL STRIPE HAMMOCK,7.95,General,https://api.openverse.org/v1/images/fc2269af-d5bc-4cb0-8ad9-816a280fa424/thumb/
84795B,SUNSET CHECK HAMMOCK,7.95,General,https://api.openverse.org/v1/images/fc2269af-d5bc-4cb0-8ad9-816a280fa424/thumb/
84795C,OCEAN STRIPE HAMMOCK,7.95,General,https://api.openverse.org/v1/images/fc2269af-d5bc-4cb0-8ad9-816a280fa424/thumb/
84795D,SEASIDE STRIPE HAMMOCK,7.95,General,https://api.openverse.org/v1/images/fc2269af-d5bc-4cb0-8ad9-816a280fa424/thumb/
84795E,RIO PINK STRIPE HAMMOCK,7.95,General,https://api.openverse.org/v1/images/fc2269af-d5bc-4cb0-8ad9-816a280fa424/thumb/
84796A,PINK HAWAIIAN PICNIC HAMPER FOR 2,8.47,General,
84796B,BLUE SAVANNAH PICNIC HAMPER FOR 2,8.29,General,
84797A,PINK HAWAIIAN PICNIC HAMPER FOR 4,11.02,General,
84797B,BLUE SAVANNAH PICNIC HAMPER FOR 4,11.02,General,
84798A,PINK FOXGLOVE ARTIIFCIAL FLOWER,2.55,General,
84798B,PURPLE FOXGLOVE ARTIIFCIAL FLOWER,2.55,General,
84798C,WHITE FOXGLOVE ARTIIFCIAL FLOWER,2.55,General,
84799,SPRIG LAVENDER ARTIFICIAL FLOWER,1.25,General,https://api.openverse.org/v1/images/725fbf94-be71-489e-826f-7e04477723be/thumb/
84800L,LARGE WHITE/PINK ROSE ART FLOWER,2.12,General,https://api.openverse.org/v1/images/f5ab3e3e-0c85-49d4-9a73-a044a9ff7096/thumb/
84800M,MEDIUM WHITE/PINK ROSE ART FLOWER,1.69,General,https://api.openverse.org/v1/images/f5ab3e3e-0c85-49d4-9a73-a044a9ff7096/thumb/
84800S,SMALL WHITE/PINK ROSE ART FLOWER,1.25,General,https://api.openverse.org/v1/images/f5ab3e3e-0c85-49d4-9a73-a044a9ff7096/thumb/
84801A,PINK HYDRANGEA ART FLOWER,2.10,General,https://api.openverse.org/v1/images/f5ab3e3e-0c85-49d4-9a73-a044a9ff7096/thumb/
84801B,WHITE HYDRANGEA ART FLOWER,2.10,General,https://api.openverse.org/v1/images/f5ab3e3e-0c85-49d4-9a73-a044a9ff7096/thumb/
84802A,WHITE ANEMONE ARTIFICIAL FLOWER,1.69,General,https://api.openverse.org/v1/images/725fbf94-be71-489e-826f-7e04477723be/thumb/
84802B,PURPLE ANEMONE ARTIFICIAL FLOWER,1.69,General,https://api.openverse.org/v1/images/725fbf94-be71-489e-826f-7e04477723be/thumb/
84803A,PINK ALLIUM  ARTIFICIAL FLOWER,1.69,General,https://api.openverse.org/v1/images/725fbf94-be71-489e-826f-7e04477723be/thumb/
84803B,WHITE ALLIUM  ARTIFICIAL FLOWER,1.69,General,https://api.openverse.org/v1/images/725fbf94-be71-489e-826f-7e04477723be/thumb/
84804A,CREAM DELPHINIUM ARTIFICIAL FLOWER,2.95,General,https://api.openverse.org/v1/images/725fbf94-be71-489e-826f-7e04477723be/thumb/
84804B,BLUE DELPHINIUM ARTIFICIAL FLOWER,2.95,General,https://api.openverse.org/v1/images/725fbf94-be71-489e-826f-7e04477723be/thumb/
84805A,CREAM CLIMBING HYDRANGA ART FLOWER,3.75,General,https://api.openverse.org/v1/images/f5ab3e3e-0c85-49d4-9a73-a044a9ff7096/thumb/
84805B,BLUE CLIMBING HYDRANGA ART FLOWER,2.95,General,https://api.openverse.org/v1/images/f5ab3e3e-0c85-49d4-9a73-a044a9ff7096/thumb/
84806A,PINK CANDYSTUFT ARTIFICIAL FLOWER,1.45,General,https://api.openverse.org/v1/images/725fbf94-be71-489e-826f-7e04477723be/thumb/
84806B,WHITE CANDYSTUFT ARTIFICIAL FLOWER,1.45,General,https://api.openverse.org/v1/images/725fbf94-be71-489e-826f-7e04477723be/thumb/
84807,RED POPPY ARTIFICIAL FLOWER,1.69,General,https://api.openverse.org/v1/images/725fbf94-be71-489e-826f-7e04477723be/thumb/
84809A,WHITE CHRYSANTHEMUMS ART FLOWER,2.10,General,https://api.openverse.org/v1/images/f5ab3e3e-0c85-49d4-9a73-a044a9ff7096/thumb/
84809B,PINK CHRYSANTHEMUMS ART FLOWER,2.10,General,https://api.openverse.org/v1/images/f5ab3e3e-0c85-49d4-9a73-a044a9ff7096/thumb/
84813,SET OF 4 DIAMOND NAPKIN RINGS,12.75,General,
84814A,HEXAGONAL CRYSTAL PERFUME BOTTLE,1.95,General,https://api.openverse.org/v1/images/6ec63ef0-d09a-4044-8a62-246a1c6f58b4/thumb/
84814B,RHOMBUS CRYSTAL PERFUME BOTTLE,1.95,General,https://api.openverse.org/v1/images/6ec63ef0-d09a-4044-8a62-246a1c6f58b4/thumb/
84815,SET OF 3 DANISH ROSE PLANTERS,4.25,General,
84816,DANISH ROSE BEDSIDE CABINET,39.95,General,https://api.openverse.org/v1/images/f4f13708-64ca-4b70-b384-0e3d34fd567f/thumb/
84817,DANISH ROSE DECORATIVE PLATE,2.10,General,https://api.openverse.org/v1/images/c81a5b8f-093c-46bd-8753-50cdb2af7378/thumb/
84818,DANISH ROSE PHOTO FRAME,2.51,General,https://api.openverse.org/v1/images/8ec53748-2acc-4984-8a6f-528cbb3fb3d9/thumb/
84819,DANISH ROSE ROUND SEWING BOX,4.25,General,https://api.openverse.org/v1/images/1190a5b6-5e15-4eb7-a0c8-ec57704d85aa/thumb/
84820,DANISH ROSE TRINKET TRAYS,5.95,General,
84821,DANISH ROSE DELUXE COASTER,0.85,General,
84823,DANISH ROSE FOLDING CHAIR,7.95,General,https://api.openverse.org/v1/images/4726baf8-1d66-4e42-9ca2-90391f430a03/thumb/
84824,DANISH ROSE UMBRELLA STAND,15.95,General,https://api.openverse.org/v1/images/1c805922-fd5f-49af-9cb5-f438ca31390b/thumb/
84826,ASSTD DESIGN 3D PAPER STICKERS,0.85,General,https://api.openverse.org/v1/images/713edf7e-d3be-4993-b671-7372c1d675fa/thumb/
84827,ASS DES PHONE SPONGE CRAFT STICKER,0.65,General,
84828,JUNGLE POPSICLES ICE LOLLY HOLDERS,1.25,General,
84830,LARGE ENGLISH ARBORETUM,16.95,General,https://api.openverse.org/v1/images/0c63e80a-8a7b-4582-8112-8ab272fa02a0/thumb/
84832,ZINC WILLIE WINKIE  CANDLE STICK,0.85,General,
84836,ZINC METAL HEART DECORATION,1.25,General,https://api.openverse.org/v1/images/e9d6182a-6d55-46e6-9bfc-a1084236113a/thumb/
84837,WHITE SWEETHEARTS CABINET 4 DRAWERS,12.75,General,https://api.openverse.org/v1/images/52ce00df-859b-403a-a6fe-335ea584532e/thumb/
84838,ANT WHITE HIGH RISE BIRD BOX,8.50,General,https://api.openverse.org/v1/images/1190a5b6-5e15-4eb7-a0c8-ec57704d85aa/thumb/
84839,SWEETHEART KEY CABINET,6.75,General,https://api.openverse.org/v1/images/f4f13708-64ca-4b70-b384-0e3d34fd567f/thumb/
84840,SWEETHEART CARRY-ALL BASKET,8.50,General,https://api.openverse.org/v1/images/af89ea03-416d-4169-bac7-ba0837176dcc/thumb/
84842,HELLO SAILOR BATHROOM SET,3.75,General,https://api.openverse.org/v1/images/6bb3889a-af32-4c5d-b7c5-afca88663df2/thumb/
84843,WHITE SOAP RACK WITH 2 BOTTLES,5.95,General,https://api.openverse.org/v1/images/6ec63ef0-d09a-4044-8a62-246a1c6f58b4/thumb/
84845A,HOLLYHOCK SQUARE HANDY TIN,1.25,General,https://api.openverse.org/v1/images/348bc62a-d0d7-4ac6-be4f-77ebbd27b328/thumb/
84845C,CARNATION SQUARE HANDY TIN,1.25,General,https://api.openverse.org/v1/images/348bc62a-d0d7-4ac6-be4f-77ebbd27b328/thumb/
84845D,GERANIUM SQUARE HANDY TIN,1.25,General,https://api.openverse.org/v1/images/348bc62a-d0d7-4ac6-be4f-77ebbd27b328/thumb/
84846A,SCENTED CANDLE IN DIGITALIS TIN,2.10,General,https://api.openverse.org/v1/images/348bc62a-d0d7-4ac6-be4f-77ebbd27b328/thumb/
84847,FLORAL BATHROOM SET,3.75,General,https://api.openverse.org/v1/images/6bb3889a-af32-4c5d-b7c5-afca88663df2/thumb/
84849A,HELLO SAILOR BLUE SOAP HOLDER,1.69,General,https://api.openverse.org/v1/images/dfed723f-0d7e-4814-900e-01daa1b92abc/thumb/
84849B,FAIRY SOAP SOAP HOLDER,1.69,General,https://api.openverse.org/v1/images/dfed723f-0d7e-4814-900e-01daa1b92abc/thumb/
84849D,HOT BATHS SOAP HOLDER,1.69,General,https://api.openverse.org/v1/images/dfed723f-0d7e-4814-900e-01daa1b92abc/thumb/
84854,GIRLY PINK TOOL SET,4.95,General,
84855,BLOKEY SILVER TOOL SET,4.95,General,
84856L,LARGE TAHITI BEACH BAG,5.95,General,https://api.openverse.org/v1/images/cb3e1d79-54b4-47d2-9678-84b342331819/thumb/
84856S,SMALL TAHITI BEACH BAG,4.65,General,https://api.openverse.org/v1/images/cb3e1d79-54b4-47d2-9678-84b342331819/thumb/
84857A,SILVER MONTE CARLO HANDBAG,8.50,General,https://api.openverse.org/v1/images/ee400ae7-0790-45b3-a484-0ab01cd9f49b/thumb/
84857B,BLUE MONTE CARLO HANDBAG,1.95,General,https://api.openverse.org/v1/images/ee400ae7-0790-45b3-a484-0ab01cd9f49b/thumb/
84857C,PINK MONTE CARLO HANDBAG,1.95,General,https://api.openverse.org/v1/images/ee400ae7-0790-45b3-a484-0ab01cd9f49b/thumb/
84858A,NATURAL RIVIERA HANDBAG,5.95,General,https://api.openverse.org/v1/images/ee400ae7-0790-45b3-a484-0ab01cd9f49b/thumb/
84858B,BLUE RIVIERA HANDBAG,1.25,General,https://api.openverse.org/v1/images/ee400ae7-0790-45b3-a484-0ab01cd9f49b/thumb/
84858C,PINK RIVIERA HANDBAG,5.95,General,https://api.openverse.org/v1/images/ee400ae7-0790-45b3-a484-0ab01cd9f49b/thumb/
84859A,SILVER DISCO HANDBAG,1.95,General,https://api.openverse.org/v1/images/ee400ae7-0790-45b3-a484-0ab01cd9f49b/thumb/
84859B,BLUE DISCO HANDBAG,1.95,General,https://api.openverse.org/v1/images/ee400ae7-0790-45b3-a484-0ab01cd9f49b/thumb/
84859C,PINK DISCO HANDBAG,1.95,General,https://api.openverse.org/v1/images/ee400ae7-0790-45b3-a484-0ab01cd9f49b/thumb/
84864A,PINK PAISLEY PHOTO ALBUM,6.75,General,https://api.openverse.org/v1/images/6e35d837-0ebb-4167-9c8a-97aa378bd99e/thumb/
84865,NEW BAROQUE BLACK PHOTO ALBUM,8.50,General,https://api.openverse.org/v1/images/6e35d837-0ebb-4167-9c8a-97aa378bd99e/thumb/
84867A,PINK BABY GIRLS PHOTO ALBUM,6.95,General,https://api.openverse.org/v1/images/6e35d837-0ebb-4167-9c8a-97aa378bd99e/thumb/
84867B,BLUE BABY BOY'S PHOTO ALBUM,13.57,General,https://api.openverse.org/v1/images/6e35d837-0ebb-4167-9c8a-97aa378bd99e/thumb/
84868A,PINK BABY GIRL'S MEMORY BOX,6.95,General,https://api.openverse.org/v1/images/1190a5b6-5e15-4eb7-a0c8-ec57704d85aa/thumb/
84868B,BLUE BABY BOY'S MEMORY BOX,6.95,General,https://api.openverse.org/v1/images/1190a5b6-5e15-4eb7-a0c8-ec57704d85aa/thumb/
84869,CANDY BUTTON PHOTO ALBUM,5.95,General,https://api.openverse.org/v1/images/6e35d837-0ebb-4167-9c8a-97aa378bd99e/thumb/
84870B,BLUE GEISHA GIRL,3.75,General,https://api.openverse.org/v1/images/42478b17-1ad0-447a-ac75-3dfa6b7e5e18/thumb/
84870C,GREEN GEISHA GIRL,3.75,General,https://api.openverse.org/v1/images/42478b17-1ad0-447a-ac75-3dfa6b7e5e18/thumb/
84872A,TEATIME FUNKY FLOWER BACKPACK FOR 2,11.02,General,
84873A,FUNKY FLOWER PICNIC BAG FOR 4,11.02,General,
84874B,BLUE TRAVEL FIRST AID KIT,1.65,General,https://api.openverse.org/v1/images/c7a32cc5-3e99-4b9a-95cd-f5828f50ea34/thumb/
84875A,PINK SQUARE COMPACT MIRROR,3.75,General,https://api.openverse.org/v1/images/50a14bda-9275-4685-ae87-7dd051c3a213/thumb/
84875B,GREEN SQUARE COMPACT MIRROR,1.25,General,https://api.openverse.org/v1/images/50a14bda-9275-4685-ae87-7dd051c3a213/thumb/
84875D,BLUE SQUARE COMPACT MIRROR,1.25,General,https://api.openverse.org/v1/images/50a14bda-9275-4685-ae87-7dd051c3a213/thumb/
84876B,GREEN HEART COMPACT MIRROR,1.25,General,https://api.openverse.org/v1/images/50a14bda-9275-4685-ae87-7dd051c3a213/thumb/
84876C,SILVER HEART COMPACT MIRROR,3.75,General,https://api.openverse.org/v1/images/50a14bda-9275-4685-ae87-7dd051c3a213/thumb/
84876D,BLUE HEART COMPACT MIRROR,3.75,General,https://api.openverse.org/v1/images/50a14bda-9275-4685-ae87-7dd051c3a213/thumb/
84877A,PINK ROUND COMPACT MIRROR,3.75,General,https://api.openverse.org/v1/images/50a14bda-9275-4685-ae87-7dd051c3a213/thumb/
84877B,GREEN ROUND COMPACT MIRROR,3.29,General,https://api.openverse.org/v1/images/50a14bda-9275-4685-ae87-7dd051c3a213/thumb/
84877D,BLUE ROUND COMPACT MIRROR,3.36,General,https://api.openverse.org/v1/images/50a14bda-9275-4685-ae87-7dd051c3a213/thumb/
84879,ASSORTED COLOUR BIRD ORNAMENT,1.69,General,
84880,WHITE WIRE EGG HOLDER,5.95,General,https://api.openverse.org/v1/images/dfed723f-0d7e-4814-900e-01daa1b92abc/thumb/
84881,BLUE WIRE SPIRAL CANDLE HOLDER,6.35,General,https://api.openverse.org/v1/images/dfed723f-0d7e-4814-900e-01daa1b92abc/thumb/
84882,GREEN WIRE STANDING CANDLE HOLDER,3.75,General,https://api.openverse.org/v1/images/dfed723f-0d7e-4814-900e-01daa1b92abc/thumb/
84884A,ANT WHITE WIRE HEART SPIRAL,3.95,General,
84886,BLUE METAL WALL SHELF,9.95,General,
84891B,GREEN WIRE GOBLET CANDLEHOLDER,7.95,General,https://api.openverse.org/v1/images/f4dd512b-9488-4224-9214-6e6a1a7747e6/thumb/
84893,ANT WHITE IRON BASKET,5.95,General,https://api.openverse.org/v1/images/af89ea03-416d-4169-bac7-ba0837176dcc/thumb/
84898F,YELLOW FLOWERS FELT HANDBAG KIT,2.10,General,https://api.openverse.org/v1/images/c7a32cc5-3e99-4b9a-95cd-f5828f50ea34/thumb/
84899E,YELLOW + BROWN BEAR FELT PURSE KIT,1.25,General,https://api.openverse.org/v1/images/c7a32cc5-3e99-4b9a-95cd-f5828f50ea34/thumb/
84899F,YELLOW PURPLE DAISY FELT PURSE KIT,2.51,General,https://api.openverse.org/v1/images/c7a32cc5-3e99-4b9a-95cd-f5828f50ea34/thumb/
84901,BLACK FACE LAMB WITH PANTS,3.75,General,
84902,PINK KNITTED COW STUFFED TOY,3.75,General,
84905,PINK BUTTERFLY CUSHION COVER,5.06,General,https://api.openverse.org/v1/images/3cd7adbe-bdf7-4633-b108-e861b6827dec/thumb/
84906,PINK B'FLY C/COVER W BOBBLES,5.95,General,https://api.openverse.org/v1/images/aa35df70-a14c-4e30-9bec-024317cebc26/thumb/
84907,PINK YELLOW PATCH CUSHION COVER,5.79,General,https://api.openverse.org/v1/images/3cd7adbe-bdf7-4633-b108-e861b6827dec/thumb/
84908A,PINK 5 PATCH FLOWER CUSHION COVER,5.91,General,https://api.openverse.org/v1/images/3cd7adbe-bdf7-4633-b108-e861b6827dec/thumb/
84908B,BLUE 5 PATCH FLOWER CUSHION COVER,5.91,General,https://api.openverse.org/v1/images/3cd7adbe-bdf7-4633-b108-e861b6827dec/thumb/
84909A,PINK PAISLEY QUILT,12.75,General,
84910A,PINK PAISLEY CUSHION COVER,5.95,General,https://api.openverse.org/v1/images/3cd7adbe-bdf7-4633-b108-e861b6827dec/thumb/
84912A,PINK ROSE WASHBAG,3.36,General,
84912B,GREEN ROSE WASHBAG,3.36,General,
84913A,SOFT PINK ROSE TOWEL,3.36,General,
84913B,MINT GREEN ROSE TOWEL,3.36,General,
84914A,PINK ROSE PICNIC RUG,25.95,General,
84915,HAND TOWEL PINK FLOWER AND DAISY,4.21,General,https://api.openverse.org/v1/images/58cf07e2-849a-4e12-a222-284f63fda360/thumb/
84916,HAND TOWEL PALE BLUE W FLOWERS,4.21,General,https://api.openverse.org/v1/images/61419a75-885c-4e6b-bb24-28b68fb5411b/thumb/
84917,WHITE HAND TOWEL WITH BUTTERFLY,4.21,General,https://api.openverse.org/v1/images/edc6d028-8bf4-4f0b-b590-dcaace881890/thumb/
84918,CREAM CUSHION COVER WITH FLOWERS,5.91,General,https://api.openverse.org/v1/images/61419a75-885c-4e6b-bb24-28b68fb5411b/thumb/
84919,BLUE CUSHION COVER WITH FLOWER,6.95,General,https://api.openverse.org/v1/images/3cd7adbe-bdf7-4633-b108-e861b6827dec/thumb/
84920,PINK FLOWER FABRIC PONY,3.75,General,
84921,CREAM AND PINK FLOWERS PONY,3.75,General,
84922,PINK BUTTERFLY WASHBAG,4.25,General,
84923,PINK BUTTERFLY HANDBAG W BOBBLES,4.21,General,https://api.openverse.org/v1/images/aa35df70-a14c-4e30-9bec-024317cebc26/thumb/
84924A,WAKE UP COCKEREL CALENDAR SIGN,3.75,General,https://api.openverse.org/v1/images/4b56ac14-c109-43db-a3b8-6f8491648aef/thumb/
84924D,LA PALMIERA METAL SIGN CALENDAR,3.75,General,https://api.openverse.org/v1/images/f0794aea-2daa-40eb-87f7-b26de591e4b3/thumb/
84924F,PSYCHEDELIC METAL SIGN CALENDAR,2.27,General,https://api.openverse.org/v1/images/f0794aea-2daa-40eb-87f7-b26de591e4b3/thumb/
84925A,WAKE UP COCKEREL WALL THERMOMETER,2.55,General,
84925C,FAIRY CAKES  WALL THERMOMETER,2.55,General,
84925D,LA PALMIERA WALL THERMOMETER,2.55,General,
84925E,FLOWERS WALL THERMOMETER,2.55,General,
84925F,PSYCHEDELIC WALL THERMOMETER,2.55,General,
84926A,WAKE UP COCKEREL TILE COASTER,1.25,General,
84926B,SCOTTS ROSES TILE COASTER,1.25,General,
84926C,FAIRY CAKES TILE COASTER,1.25,General,
84926D,LA PALMIERA TILE COASTER,1.25,General,
84926E,FLOWERS TILE COASTER,0.29,General,
84926F,PSYCHEDELIC TILE COASTER,1.25,General,
84927A,WAKE UP COCKEREL TILE HOOK,2.10,General,https://api.openverse.org/v1/images/1fc08491-7c6e-4183-be28-60a2ca87c2b7/thumb/
84927D,LA PALMIERA TILE HOOK,2.10,General,https://api.openverse.org/v1/images/1fc08491-7c6e-4183-be28-60a2ca87c2b7/thumb/
84927E,FLOWERS TILE HOOK,2.10,General,https://api.openverse.org/v1/images/1fc08491-7c6e-4183-be28-60a2ca87c2b7/thumb/
84927F,PSYCHEDELIC TILE HOOK,2.10,General,https://api.openverse.org/v1/images/1fc08491-7c6e-4183-be28-60a2ca87c2b7/thumb/
84929,ASSTD FRUIT+FLOWERS FRIDGE MAGNETS,0.30,General,https://api.openverse.org/v1/images/c1db1cee-90fe-4859-bbfc-8ab207962756/thumb/
84931A,PINK SCOTTIE DOG W FLOWER PATTERN,2.55,General,
84931B,BLUE SCOTTIE DOG W FLOWER PATTERN,2.55,General,
84932A,SMALL GREEN PEONY FOLDING STOOL,1.95,General,
84932B,SMALL PINK PEONY FOLDING STOOL,1.95,General,
84932C,SMALL ORIENTAL BLUE FOLDING STOOL,1.95,General,
84932D,SMALL ORIENTAL RED FOLDING STOOL,1.95,General,
84933A,LARGE GREEN PEONY FOLDING STOOL,2.10,General,
84933B,LARGE PINK PEONY FOLDING STOOL,2.10,General,
84933C,LARGE BLUE ORIENTAL FOLDING STOOL,2.10,General,
84934,ASSTD DESIGN POP ART SLIM PEN,0.85,General,
84937,KASHMIR FOLKART TUMBLERS,2.10,General,
84942,KASHMIR FOLKART HEART DISHES,1.69,General,https://api.openverse.org/v1/images/d84197b1-da39-46dd-9350-61826d77e124/thumb/
84944,SET OF 6 KASHMIR FOLKART BAUBLES,4.25,General,https://api.openverse.org/v1/images/34c4d1eb-4502-4372-bf12-be02d55b974f/thumb/
84945,MULTI COLOUR SILVER T-LIGHT HOLDER,0.85,General,https://api.openverse.org/v1/images/dfed723f-0d7e-4814-900e-01daa1b92abc/thumb/
84946,ANTIQUE SILVER TEA GLASS ETCHED,1.25,General,https://api.openverse.org/v1/images/bf2d5ed1-51a0-4404-9f21-8b272cb14e7e/thumb/
84947,ANTIQUE SILVER TEA GLASS ENGRAVED,1.25,General,https://api.openverse.org/v1/images/bf2d5ed1-51a0-4404-9f21-8b272cb14e7e/thumb/
84948,SILVER HANGING T-LIGHT HOLDER DOME,1.65,General,https://api.openverse.org/v1/images/55e80174-49bd-4b45-ba4e-4114c0ef0a6d/thumb/
84949,SILVER HANGING T-LIGHT HOLDER,1.65,General,https://api.openverse.org/v1/images/dfed723f-0d7e-4814-900e-01daa1b92abc/thumb/
84950,ASSORTED COLOUR T-LIGHT HOLDER,0.72,General,https://api.openverse.org/v1/images/dfed723f-0d7e-4814-900e-01daa1b92abc/thumb/
84951A,SET OF 4 PISTACHIO LOVEBIRD COASTER,1.66,General,
84951B,SET OF 4 BLACK LOVEBIRD COASTERS,1.66,General,
84952A,CLEAR LOVE BIRD T-LIGHT HOLDER,2.51,General,https://api.openverse.org/v1/images/dfed723f-0d7e-4814-900e-01daa1b92abc/thumb/
84952B,BLACK LOVE BIRD T-LIGHT HOLDER,2.51,General,https://api.openverse.org/v1/images/dfed723f-0d7e-4814-900e-01daa1b92abc/thumb/
84952C,MIRROR LOVE BIRD T-LIGHT HOLDER,3.75,General,https://api.openverse.org/v1/images/dfed723f-0d7e-4814-900e-01daa1b92abc/thumb/
84962,SET/3 COLOUR PAINTED KASHMIRI STOOL,59.95,General,
84963A,PINK PAINTED KASHMIRI CHAIR,46.45,General,https://api.openverse.org/v1/images/4726baf8-1d66-4e42-9ca2-90391f430a03/thumb/
84963B,BLUE PAINTED KASHMIRI CHAIR,49.95,General,https://api.openverse.org/v1/images/4726baf8-1d66-4e42-9ca2-90391f430a03/thumb/
84964A,PINK PAINTED KASHMIRI TABLE,45.00,General,
84964B,BLUE PAINTED KASHMIRI TABLE,45.00,General,
84965A,PINK KASHMIRI COFFEE TABLE,30.00,General,https://api.openverse.org/v1/images/d199fcb5-c343-42bf-82a1-3b4b6f82c653/thumb/
84965B,BLUE KASHMIRI COFFEE TABLE,45.00,General,https://api.openverse.org/v1/images/d199fcb5-c343-42bf-82a1-3b4b6f82c653/thumb/
84966A,PINK KASHMIRI BOXED MIRROR,20.00,General,https://api.openverse.org/v1/images/50a14bda-9275-4685-ae87-7dd051c3a213/thumb/
84966B,BLUE KASHMIRI BOXED MIRROR,16.00,General,https://api.openverse.org/v1/images/50a14bda-9275-4685-ae87-7dd051c3a213/thumb/
84966C,GREEN KASHMIRI BOXED MIRROR,12.00,General,https://api.openverse.org/v1/images/50a14bda-9275-4685-ae87-7dd051c3a213/thumb/
84967A,PINK KASHMIRI OCCASIONAL TABLE,79.95,General,
84967B,BLUE KASHMIRI OCCASIONAL TABLE,79.95,General,
84967C,GREEN KASHMIRI OCCASIONAL TABLE,79.95,General,
84968A,SET OF 16 VINTAGE ROSE CUTLERY,12.75,General,https://api.openverse.org/v1/images/bb4c5a31-7068-48c8-b76a-7bb03b457303/thumb/
84968B,S/16 VINTAGE IVORY CUTLERY,12.75,General,https://api.openverse.org/v1/images/bb4c5a31-7068-48c8-b76a-7bb03b457303/thumb/
84968C,SET OF 16 VINTAGE PISTACHIO CUTLERY,12.75,General,https://api.openverse.org/v1/images/bb4c5a31-7068-48c8-b76a-7bb03b457303/thumb/
84968D,SET OF 16 VINTAGE RED CUTLERY,12.75,General,https://api.openverse.org/v1/images/bb4c5a31-7068-48c8-b76a-7bb03b457303/thumb/
84968E,SET OF 16 VINTAGE BLACK CUTLERY,12.75,General,https://api.openverse.org/v1/images/bb4c5a31-7068-48c8-b76a-7bb03b457303/thumb/
84968F,SET OF 16 VINTAGE SKY BLUE CUTLERY,12.75,General,https://api.openverse.org/v1/images/bb4c5a31-7068-48c8-b76a-7bb03b457303/thumb/
84969,BOX OF 6 ASSORTED COLOUR TEASPOONS,4.25,General,
84970L,SINGLE HEART ZINC T-LIGHT HOLDER,0.95,General,https://api.openverse.org/v1/images/dfed723f-0d7e-4814-900e-01daa1b92abc/thumb/
84970S,HANGING HEART ZINC T-LIGHT HOLDER,0.85,General,https://api.openverse.org/v1/images/dfed723f-0d7e-4814-900e-01daa1b92abc/thumb/
84971L,LARGE HEART FLOWERS HOOK,1.25,General,https://api.openverse.org/v1/images/1fc08491-7c6e-4183-be28-60a2ca87c2b7/thumb/
84971S,SMALL HEART FLOWERS HOOK,0.85,General,https://api.openverse.org/v1/images/1fc08491-7c6e-4183-be28-60a2ca87c2b7/thumb/
84972L,GIANT PINK HEART MEMO HOLDER,3.95,General,https://api.openverse.org/v1/images/dfed723f-0d7e-4814-900e-01daa1b92abc/thumb/
84974,S/2 ZINC HEART DESIGN PLANTERS,9.95,General,
84975,HEART SHAPED MIRROR,1.69,General,https://api.openverse.org/v1/images/50a14bda-9275-4685-ae87-7dd051c3a213/thumb/
84976,RECTANGULAR SHAPED MIRROR,1.69,General,https://api.openverse.org/v1/images/50a14bda-9275-4685-ae87-7dd051c3a213/thumb/
84977,WIRE FLOWER T-LIGHT HOLDER,1.25,General,https://api.openverse.org/v1/images/dfed723f-0d7e-4814-900e-01daa1b92abc/thumb/
84978,HANGING HEART JAR T-LIGHT HOLDER,1.25,General,https://api.openverse.org/v1/images/dfed723f-0d7e-4814-900e-01daa1b92abc/thumb/
84984A,GREEN PEONY CUSHION COVER,4.65,General,https://api.openverse.org/v1/images/3cd7adbe-bdf7-4633-b108-e861b6827dec/thumb/
84984B,RED PEONY CUSHION COVER,4.65,General,https://api.openverse.org/v1/images/3cd7adbe-bdf7-4633-b108-e861b6827dec/thumb/
84984C,ORIENTAL BLUE C/COVER,4.65,General,https://api.openverse.org/v1/images/3cd7adbe-bdf7-4633-b108-e861b6827dec/thumb/
84984D,ORIENTAL RED C/COVER,4.65,General,https://api.openverse.org/v1/images/3cd7adbe-bdf7-4633-b108-e861b6827dec/thumb/
84985A,SET OF 72 GREEN PAPER DOILIES,1.45,General,https://api.openverse.org/v1/images/b5abaf15-1d5a-4fb1-800c-fc9de7255200/thumb/
84985B,SET OF 72 BLACK PAPER DOILIES,1.45,General,https://api.openverse.org/v1/images/b5abaf15-1d5a-4fb1-800c-fc9de7255200/thumb/
84986B,SET OF 36 SILVER PAPER DOILIES,1.45,General,https://api.openverse.org/v1/images/b5abaf15-1d5a-4fb1-800c-fc9de7255200/thumb/
84987,SET OF 36 TEATIME PAPER DOILIES,1.45,General,https://api.openverse.org/v1/images/b5abaf15-1d5a-4fb1-800c-fc9de7255200/thumb/
84988,SET OF 72 PINK HEART PAPER DOILIES,1.45,General,https://api.openverse.org/v1/images/b5abaf15-1d5a-4fb1-800c-fc9de7255200/thumb/
84989A,75 GREEN FAIRY CAKE CASES,0.55,General,https://api.openverse.org/v1/images/65355e41-3c33-4970-856c-37b07597329e/thumb/
84989B,75 BLACK FAIRY CAKE CASES,0.55,General,https://api.openverse.org/v1/images/65355e41-3c33-4970-856c-37b07597329e/thumb/
84990,60 GOLD AND SILVER FAIRY CAKE CASES,0.55,General,https://api.openverse.org/v1/images/65355e41-3c33-4970-856c-37b07597329e/thumb/
84991,60 TEATIME FAIRY CAKE CASES,0.55,General,https://api.openverse.org/v1/images/65355e41-3c33-4970-856c-37b07597329e/thumb/
84992,72 SWEETHEART FAIRY CAKE CASES,0.55,General,https://api.openverse.org/v1/images/65355e41-3c33-4970-856c-37b07597329e/thumb/
84993A,75 GREEN PETIT FOUR CASES,0.42,General,https://api.openverse.org/v1/images/65355e41-3c33-4970-856c-37b07597329e/thumb/
84993B,75 BLACK PETIT FOUR CASES,0.42,General,https://api.openverse.org/v1/images/65355e41-3c33-4970-856c-37b07597329e/thumb/
84997A,GREEN 3 PIECE MINI DOTS CUTLERY SET,3.75,General,https://api.openverse.org/v1/images/bb4c5a31-7068-48c8-b76a-7bb03b457303/thumb/
84997B,RED 3 PIECE MINI DOTS CUTLERY SET,3.75,General,https://api.openverse.org/v1/images/bb4c5a31-7068-48c8-b76a-7bb03b457303/thumb/
84997C,BLUE 3 PIECE MINI DOTS CUTLERY SET,3.75,General,https://api.openverse.org/v1/images/bb4c5a31-7068-48c8-b76a-7bb03b457303/thumb/
84997D,PINK 3 PIECE MINI DOTS CUTLERY SET,3.75,General,https://api.openverse.org/v1/images/bb4c5a31-7068-48c8-b76a-7bb03b457303/thumb/
85006,SET 4 NURSERY DES ROUND BOXES,2.95,General,https://api.openverse.org/v1/images/1190a5b6-5e15-4eb7-a0c8-ec57704d85aa/thumb/
85007,SET OF 3 VINTAGE TEA TIME BOXES,4.65,General,https://api.openverse.org/v1/images/1190a5b6-5e15-4eb7-a0c8-ec57704d85aa/thumb/
85008,SET OF 3 CONEY ISLAND OVAL BOXES,4.95,General,https://api.openverse.org/v1/images/1190a5b6-5e15-4eb7-a0c8-ec57704d85aa/thumb/
85014A,BLACK/BLUE POLKADOT UMBRELLA,5.95,General,
85014B,RED RETROSPOT UMBRELLA,5.95,General,
85014C,BLUE/BROWN DOTS RUFFLED UMBRELLA,5.95,General,
85014D,PINK/BROWN DOTS RUFFLED UMBRELLA,5.95,General,
85015,SET OF 12  VINTAGE POSTCARD SET,2.51,General,
85016,SET OF 6 VINTAGE NOTELETS KIT,2.51,General,https://api.openverse.org/v1/images/c7a32cc5-3e99-4b9a-95cd-f5828f50ea34/thumb/
85017A,ENVELOPE 50 ROMANTIC IMAGES,0.83,General,
85017B,ENVELOPE 50 BLOSSOM IMAGES,0.83,General,
85017C,ENVELOPE 50 CURIOUS IMAGES,0.85,General,
85018A,S/6 PAPER BOXES ROMANTIC IMAGES,4.25,General,
85018B,S/6 PAPER BOXES BLOSSOM IMAGES,4.25,General,
85018C,S/6 PAPER BOXES CURIOUS IMAGES,4.25,General,
85018D,YULETIDE IMAGES S/6 PAPER BOXES,2.55,General,https://api.openverse.org/v1/images/1190a5b6-5e15-4eb7-a0c8-ec57704d85aa/thumb/
85019A,ROMANTIC IMAGES NOTEBOOK SET,1.25,General,https://api.openverse.org/v1/images/bc534457-cd5d-4887-ad2c-f42c33344be5/thumb/
85019B,BLOSSOM  IMAGES NOTEBOOK SET,1.25,General,https://api.openverse.org/v1/images/bc534457-cd5d-4887-ad2c-f42c33344be5/thumb/
85019C,CURIOUS  IMAGES NOTEBOOK SET,4.25,General,https://api.openverse.org/v1/images/bc534457-cd5d-4887-ad2c-f42c33344be5/thumb/
85020,ROUND PINK HEART MIRROR,2.10,General,https://api.openverse.org/v1/images/50a14bda-9275-4685-ae87-7dd051c3a213/thumb/
85023A,CRYSTAL LARGE JEWELLED PHOTO FRAME,2.55,General,https://api.openverse.org/v1/images/8ec53748-2acc-4984-8a6f-528cbb3fb3d9/thumb/
85023B,EAU DE NILE JEWELLED PHOTOFRAME,2.55,General,
85023C,PINK LARGE JEWELED PHOTOFRAME,2.55,General,
85024A,CRYSTAL SMALL JEWELLED PHOTOFRAME,1.65,General,
85024B,EAU DE NILE JEWELLED PHOTOFRAME,1.65,General,
85024C,PINK SMALL JEWELLED PHOTOFRAME,1.65,General,
85025B,EAU DE NILE HEART SHAPE PHOTO FRAME,1.65,General,https://api.openverse.org/v1/images/8ec53748-2acc-4984-8a6f-528cbb3fb3d9/thumb/
85025C,PINK HEART SHAPE PHOTO FRAME,1.65,General,https://api.openverse.org/v1/images/8ec53748-2acc-4984-8a6f-528cbb3fb3d9/thumb/
85026B,EAU DE NILE JEWELLED T-LIGHT HOLDER,0.85,General,https://api.openverse.org/v1/images/dfed723f-0d7e-4814-900e-01daa1b92abc/thumb/
85027L,FRENCH CHATEAU LARGE PLATTER,1.95,General,
85028L,FRENCH CHATEAU LARGE FRUIT BOWL,7.95,General,https://api.openverse.org/v1/images/dcf29c13-b3ea-4a75-91c9-6c5892fc52c7/thumb/
85028S,FRENCH CHATEAU SMALL FRUITBOWL,2.25,General,https://api.openverse.org/v1/images/41539f6a-2913-406c-b1a8-cce7443d5a0a/thumb/
85030,FRENCH CHATEAU OVAL PLATTER,7.95,General,
85031A,ROMANTIC IMAGES SCRAP BOOK SET,3.36,General,https://api.openverse.org/v1/images/26966751-3191-41d5-b8f8-593822219640/thumb/
85031B,BLOSSOM IMAGES SCRAP BOOK SET,3.36,General,https://api.openverse.org/v1/images/26966751-3191-41d5-b8f8-593822219640/thumb/
85031C,CURIOUS IMAGES SCRAP BOOK SET,3.36,General,https://api.openverse.org/v1/images/26966751-3191-41d5-b8f8-593822219640/thumb/
85032A,ROMANTIC IMAGES GIFT WRAP SET,0.65,General,https://api.openverse.org/v1/images/6dbda933-025f-41ea-8e49-85fe18db9274/thumb/
85032B,BLOSSOM IMAGES GIFT WRAP SET,0.65,General,https://api.openverse.org/v1/images/6dbda933-025f-41ea-8e49-85fe18db9274/thumb/
85032C,CURIOUS IMAGES GIFT WRAP SET,1.63,General,https://api.openverse.org/v1/images/6dbda933-025f-41ea-8e49-85fe18db9274/thumb/
85032D,YULETIDE IMAGES GIFT WRAP SET,1.66,General,https://api.openverse.org/v1/images/6dbda933-025f-41ea-8e49-85fe18db9274/thumb/
85033G,SET/6 GOLD REINDEER T-LIGHT CANDLES,1.95,General,https://api.openverse.org/v1/images/08b80744-52cf-4b6f-98fb-c03218cfb7b2/thumb/
85033S,SET/6 SILVER REINDEER T-LIGHTS,0.65,General,https://api.openverse.org/v1/images/765d9a44-9ba5-4ac3-bde1-9dc9a7eb2770/thumb/
85034A,3 GARDENIA MORRIS BOXED CANDLES,4.25,General,https://api.openverse.org/v1/images/08b80744-52cf-4b6f-98fb-c03218cfb7b2/thumb/
85034B,3 WHITE CHOC MORRIS BOXED CANDLES,3.29,General,https://api.openverse.org/v1/images/08b80744-52cf-4b6f-98fb-c03218cfb7b2/thumb/
85034C,3 ROSE MORRIS BOXED CANDLES,1.25,General,https://api.openverse.org/v1/images/08b80744-52cf-4b6f-98fb-c03218cfb7b2/thumb/
85035A,GARDENIA 3 WICK MORRIS BOXED CANDLE,4.25,General,https://api.openverse.org/v1/images/08b80744-52cf-4b6f-98fb-c03218cfb7b2/thumb/
85035B,CHOCOLATE 3 WICK MORRIS BOX CANDLE,4.25,General,https://api.openverse.org/v1/images/08b80744-52cf-4b6f-98fb-c03218cfb7b2/thumb/
85035C,ROSE 3 WICK MORRIS BOX CANDLE,4.25,General,https://api.openverse.org/v1/images/08b80744-52cf-4b6f-98fb-c03218cfb7b2/thumb/
85036A,GARDENIA 1 WICK MORRIS BOXED CANDLE,4.25,General,https://api.openverse.org/v1/images/08b80744-52cf-4b6f-98fb-c03218cfb7b2/thumb/
85036B,CHOCOLATE 1 WICK MORRIS BOX CANDLE,4.25,General,https://api.openverse.org/v1/images/08b80744-52cf-4b6f-98fb-c03218cfb7b2/thumb/
85036C,ROSE 1 WICK MORRIS BOXED CANDLE,4.25,General,https://api.openverse.org/v1/images/08b80744-52cf-4b6f-98fb-c03218cfb7b2/thumb/
85038,6 CHOCOLATE LOVE HEART T-LIGHTS,2.10,General,https://api.openverse.org/v1/images/765d9a44-9ba5-4ac3-bde1-9dc9a7eb2770/thumb/
85039A,SET/4 RED MINI ROSE CANDLE IN BOWL,1.65,General,https://api.openverse.org/v1/images/dcf29c13-b3ea-4a75-91c9-6c5892fc52c7/thumb/
85039B,S/4 IVORY MINI ROSE CANDLE IN BOWL,1.65,General,https://api.openverse.org/v1/images/dcf29c13-b3ea-4a75-91c9-6c5892fc52c7/thumb/
85039C,S/4 BLACK MINI ROSE CANDLE IN BOWL,1.65,General,https://api.openverse.org/v1/images/dcf29c13-b3ea-4a75-91c9-6c5892fc52c7/thumb/
85040A,S/4 PINK FLOWER CANDLES IN BOWL,1.65,General,https://api.openverse.org/v1/images/dcf29c13-b3ea-4a75-91c9-6c5892fc52c7/thumb/
85040B,SET/4 BLUE FLOWER CANDLES IN BOWL,1.65,General,https://api.openverse.org/v1/images/dcf29c13-b3ea-4a75-91c9-6c5892fc52c7/thumb/
85041,SET/4 PINK ORCHID CANDLES IN BOWL,1.65,General,https://api.openverse.org/v1/images/dcf29c13-b3ea-4a75-91c9-6c5892fc52c7/thumb/
85042,ANTIQUE LILY FAIRY LIGHTS,4.95,General,https://api.openverse.org/v1/images/765d9a44-9ba5-4ac3-bde1-9dc9a7eb2770/thumb/
85043,RED HEART CANDY POP LIGHTS,4.95,General,https://api.openverse.org/v1/images/765d9a44-9ba5-4ac3-bde1-9dc9a7eb2770/thumb/
85044,RED REINDEER STRING OF 20 LIGHTS,4.95,General,https://api.openverse.org/v1/images/765d9a44-9ba5-4ac3-bde1-9dc9a7eb2770/thumb/
85045,GREEN CHRISTMAS TREE STRING 20LIGHT,4.95,General,
85047,WHITE BEADED GARLAND STRING 20LIGHT,6.35,General,
85048,15CM CHRISTMAS GLASS BALL 20 LIGHTS,7.95,General,https://api.openverse.org/v1/images/765d9a44-9ba5-4ac3-bde1-9dc9a7eb2770/thumb/
85049A,TRADITIONAL CHRISTMAS RIBBONS,1.25,General,
85049B,LUSH GREENS RIBBONS,1.25,General,
85049C,ROMANTIC PINKS RIBBONS,1.25,General,
85049D,BRIGHT BLUES RIBBONS,1.25,General,
85049E,SCANDINAVIAN REDS RIBBONS,1.25,General,
85049F,BABY BOOM RIBBONS,1.25,General,
85049G,CHOCOLATE BOX RIBBONS,1.25,General,
85049H,URBAN BLACK RIBBONS,1.25,General,
85050,FRENCH ENAMEL SOAP DISH WITH LID,2.10,General,
85053,FRENCH ENAMEL CANDLEHOLDER,2.10,General,https://api.openverse.org/v1/images/f4dd512b-9488-4224-9214-6e6a1a7747e6/thumb/
85054,FRENCH ENAMEL POT W LID,2.95,General,
85055,FRENCH ENAMEL UTENSIL HOLDER,3.75,General,https://api.openverse.org/v1/images/dfed723f-0d7e-4814-900e-01daa1b92abc/thumb/
85059,FRENCH ENAMEL WATER BASIN,3.75,General,https://api.openverse.org/v1/images/1c9cf563-23ab-478a-9b23-5cf0b99fcae7/thumb/
85060,WOOD FAN WITH FLOWER DESIGN,1.25,General,https://api.openverse.org/v1/images/582db183-fd66-47f5-a685-7c461324fc0f/thumb/
85061W,WHITE JEWELLED HEART DECORATION,0.85,General,https://api.openverse.org/v1/images/e9d6182a-6d55-46e6-9bfc-a1084236113a/thumb/
85062,PEARL CRYSTAL PUMPKIN T-LIGHT HLDR,1.65,General,
85063,CREAM SWEETHEART MAGAZINE RACK,16.95,General,
85064,CREAM SWEETHEART LETTER RACK,5.45,General,
85065,CREAM SWEETHEART TRAYS,12.75,General,
85066,CREAM SWEETHEART MINI CHEST,12.75,General,https://api.openverse.org/v1/images/af3b9ce4-a628-4368-a8f8-823916a314d2/thumb/
85067,CREAM SWEETHEART WALL CABINET,18.95,General,https://api.openverse.org/v1/images/f4f13708-64ca-4b70-b384-0e3d34fd567f/thumb/
85068,CREAM SWEETHEART SHELF + HOOKS,7.95,General,
85069,CREAM SWEETHEART DOUBLE SHELF,16.95,General,
85070,ANT WHITE SWEETHEART TABLE W 3 DRAW,125.00,General,https://api.openverse.org/v1/images/7b29ce75-5a11-4fa3-904f-57485ad4d089/thumb/
85071A,BLUE CHARLIE+LOLA PERSONAL DOORSIGN,0.39,General,https://api.openverse.org/v1/images/5b23e888-c5dc-47bd-8527-e823dd85fbf3/thumb/
85071B,RED CHARLIE+LOLA PERSONAL DOORSIGN,0.39,General,https://api.openverse.org/v1/images/5b23e888-c5dc-47bd-8527-e823dd85fbf3/thumb/
85071C,"CHARLIE+LOLA""EXTREMELY BUSY"" SIGN",0.83,General,https://api.openverse.org/v1/images/4b56ac14-c109-43db-a3b8-6f8491648aef/thumb/
85071D,CHARLIE+LOLA MY ROOM DOOR SIGN,0.39,General,https://api.openverse.org/v1/images/4b56ac14-c109-43db-a3b8-6f8491648aef/thumb/
85072,OCCASIONS GIFT CARD ASSORTMENT,0.55,General,https://api.openverse.org/v1/images/e5d9e3c3-121d-4aed-a080-01dc007f74b3/thumb/
85077,KISSING REINDEER TABLE RUNNER,5.95,General,
85078,SCANDINAVIAN 3 HEARTS NAPKIN RING,0.65,General,https://api.openverse.org/v1/images/39e17456-3795-4ef9-9fba-143906935f6f/thumb/
85079,EMBROIDERED REINDEER DECORATION,0.85,General,https://api.openverse.org/v1/images/e9d6182a-6d55-46e6-9bfc-a1084236113a/thumb/
85080,PADDED RED HEART DECORATION,0.42,General,https://api.openverse.org/v1/images/e9d6182a-6d55-46e6-9bfc-a1084236113a/thumb/
85081,PADDED HOLLY CHRISTMAS DECORATION,0.42,General,https://api.openverse.org/v1/images/e9d6182a-6d55-46e6-9bfc-a1084236113a/thumb/
85083,KISS REINDEER SCANDINAVIAN STOCKING,2.55,General,
85084,HOLLY TOP CHRISTMAS STOCKING,0.85,General,
85086A,CANDY SPOT HEART DECORATION,0.85,General,https://api.openverse.org/v1/images/e9d6182a-6d55-46e6-9bfc-a1084236113a/thumb/
85087,CANDY SPOT CUSHION COVER,3.29,General,https://api.openverse.org/v1/images/3cd7adbe-bdf7-4633-b108-e861b6827dec/thumb/
85088,CANDY SPOT HAND BAG,2.10,General,https://api.openverse.org/v1/images/cb3e1d79-54b4-47d2-9678-84b342331819/thumb/
85089,CANDY SPOT BUNNY,2.95,General,https://api.openverse.org/v1/images/874159dc-219d-4c09-8f30-f4075070f063/thumb/
85090,CANDY SPOT APRON,4.65,General,https://api.openverse.org/v1/images/c6658085-7d85-432e-900b-1093e7336428/thumb/
85091,CANDY SPOT BREAD BASKETS,4.95,General,https://api.openverse.org/v1/images/af89ea03-416d-4169-bac7-ba0837176dcc/thumb/
85092,CANDY SPOT TEA COSY,3.35,General,https://api.openverse.org/v1/images/4e9c4070-b774-411b-9e2e-0a660d37dea3/thumb/
85093,CANDY SPOT EGG WARMER HARE,0.83,General,https://api.openverse.org/v1/images/668fdc34-0336-4cb9-8dc4-b4ebec059cd8/thumb/
85094,CANDY SPOT EGG WARMER RABBIT,0.83,General,
85095,THREE CANVAS LUGGAGE TAGS,1.28,General,
85096,HILDA CANDY SPOT RABBIT,3.75,General,
85097B,BLUE ROCKING SINGING CANARY,3.75,General,https://api.openverse.org/v1/images/3c93df0c-50c9-4e1f-894e-dc8ccb6bb57b/thumb/
85098B,BLUE FLYING SINGING CANARY,3.75,General,https://api.openverse.org/v1/images/3c93df0c-50c9-4e1f-894e-dc8ccb6bb57b/thumb/
85099B,JUMBO BAG RED RETROSPOT,1.95,General,https://api.openverse.org/v1/images/cb3e1d79-54b4-47d2-9678-84b342331819/thumb/
85099C,JUMBO  BAG BAROQUE BLACK WHITE,1.95,General,https://api.openverse.org/v1/images/9839a5a3-87b0-4c04-a4c6-746aae21c51f/thumb/
85099F,JUMBO BAG STRAWBERRY,1.95,General,https://api.openverse.org/v1/images/cb3e1d79-54b4-47d2-9678-84b342331819/thumb/
85103,SILVER T-LIGHT SETTING,6.75,General,
85104,SILVER GLASS T-LIGHT SET,2.95,General,
85106,CUT GLASS HEXAGON T-LIGHT HOLDER,2.55,General,https://api.openverse.org/v1/images/dfed723f-0d7e-4814-900e-01daa1b92abc/thumb/
85107,CUT GLASS T-LIGHT HOLDER OCTAGON,2.55,General,
85109,PINK BOUDOIR T-LIGHT HOLDER,0.85,General,https://api.openverse.org/v1/images/dfed723f-0d7e-4814-900e-01daa1b92abc/thumb/
85110,BLACK SILVER FLOWER T-LIGHT HOLDER,0.85,General,https://api.openverse.org/v1/images/dfed723f-0d7e-4814-900e-01daa1b92abc/thumb/
85111,SILVER GLITTER FLOWER VOTIVE HOLDER,0.29,General,https://api.openverse.org/v1/images/dfed723f-0d7e-4814-900e-01daa1b92abc/thumb/
85112,S/3 TEAR DROP CUT GLASS DECORATION,1.25,General,https://api.openverse.org/v1/images/e9d6182a-6d55-46e6-9bfc-a1084236113a/thumb/
85113,POLKA DOT PISTACHIO PAIL,2.10,General,
85114A,BLACK ENCHANTED FOREST PLACEMAT,1.65,General,
85114B,IVORY ENCHANTED FOREST PLACEMAT,1.65,General,
85114C,RED ENCHANTED FOREST PLACEMAT,1.65,General,
85115B,S/4 BLACK DISCO PARTITION PANEL,6.27,General,
85116,BLACK CANDELABRA T-LIGHT HOLDER,1.66,General,https://api.openverse.org/v1/images/dfed723f-0d7e-4814-900e-01daa1b92abc/thumb/
85117,NIGHTINGALE COATHOOK WHITE,1.65,General,https://api.openverse.org/v1/images/67c96b81-12e7-4f56-bb1a-4eb85fac9593/thumb/
85118,HEART T-LIGHT HOLDER,1.25,General,https://api.openverse.org/v1/images/dfed723f-0d7e-4814-900e-01daa1b92abc/thumb/
85119,WATERING CAN SINGLE HOOK PISTACHIO,1.69,General,
85121B,RETRO LAUNDRY TUB PINK,8.50,General,
85121C,RETRO LAUNDRY TUB PISTACHIO,8.50,General,
85123A,WHITE HANGING HEART T-LIGHT HOLDER,2.95,General,https://api.openverse.org/v1/images/dfed723f-0d7e-4814-900e-01daa1b92abc/thumb/
85123B,ZINC HANGING HEART T-LITE HLDR,6.04,General,
85124A,PINK JUICY FRUIT PHOTO FRAME,2.55,General,https://api.openverse.org/v1/images/8ec53748-2acc-4984-8a6f-528cbb3fb3d9/thumb/
85124B,BLUE JUICY FRUIT PHOTO FRAME,2.55,General,https://api.openverse.org/v1/images/8ec53748-2acc-4984-8a6f-528cbb3fb3d9/thumb/
85124C,GREEN JUICY FRUIT PHOTO FRAME,2.55,General,https://api.openverse.org/v1/images/8ec53748-2acc-4984-8a6f-528cbb3fb3d9/thumb/
85125,SMALL ROUND CUT GLASS CANDLESTICK,4.95,General,https://api.openverse.org/v1/images/03bbd939-550b-4492-92d3-0d9bff87f8ff/thumb/
85126,LARGE ROUND CUTGLASS CANDLESTICK,6.75,General,https://api.openverse.org/v1/images/03bbd939-550b-4492-92d3-0d9bff87f8ff/thumb/
85127,SMALL SQUARE CUT GLASS CANDLESTICK,4.95,General,https://api.openverse.org/v1/images/03bbd939-550b-4492-92d3-0d9bff87f8ff/thumb/
85128,PLANTPOT SINGLE HOOK PISTACHIO,2.56,General,
85129A,"WHITE PEARL BEADED HEART, SMALL",1.25,General,https://api.openverse.org/v1/images/7eabdd52-92e2-4e83-bc31-103cfb50608d/thumb/
85129B,BEADED CRYSTAL HEART GREEN SMALL,1.25,General,https://api.openverse.org/v1/images/672e43ed-912f-44dd-9e0b-ad18228743d0/thumb/
85129C,BEADED CRYSTAL HEART BLUE SMALL,1.25,General,https://api.openverse.org/v1/images/672e43ed-912f-44dd-9e0b-ad18228743d0/thumb/
85129D,BEADED CRYSTAL HEART PINK SMALL,2.46,General,https://api.openverse.org/v1/images/672e43ed-912f-44dd-9e0b-ad18228743d0/thumb/
85130A,BEADED PEARL HEART WHITE LARGE,1.65,General,
85130B,BEADED CRYSTAL HEART GREEN LARGE,1.12,General,https://api.openverse.org/v1/images/672e43ed-912f-44dd-9e0b-ad18228743d0/thumb/
85130C,BEADED CRYSTAL HEART BLUE  LARGE,0.79,General,https://api.openverse.org/v1/images/672e43ed-912f-44dd-9e0b-ad18228743d0/thumb/
85130D,BEADED CRYSTAL HEART PINK LARGE,1.65,General,https://api.openverse.org/v1/images/672e43ed-912f-44dd-9e0b-ad18228743d0/thumb/
85131A,BEADED PEARL HEART WHITE ON STICK,0.85,General,
85131B,BEADED CRYSTAL HEART GREEN ON STICK,0.83,General,
85131C,BEADED CRYSTAL HEART BLUE ON STICK,0.83,General,
85131D,BEADED CRYSTAL HEART PINK ON STICK,0.83,General,
85132A,CHARLIE + LOLA BISCUITS TINS,8.47,General,
85132B,CHARLIE AND LOLA TABLE TINS,3.95,General,
85132C,CHARLIE AND LOLA FIGURES TINS,5.79,General,
85135A,YELLOW DRAGONFLY HELICOPTER,7.95,General,
85135B,BLUE DRAGONFLY HELICOPTER,7.95,General,
85135C,RED DRAGONFLY HELICOPTER,7.95,General,
85136A,YELLOW SHARK HELICOPTER,7.95,General,
85136B,BLUE SHARK HELICOPTER,7.95,General,
85136C,RED SHARK HELICOPTER,7.95,General,
85141,JARDIN ETCHED GLASS FRUITBOWL,10.75,General,https://api.openverse.org/v1/images/41539f6a-2913-406c-b1a8-cce7443d5a0a/thumb/
85142,JARDIN ETCHED GLASS GINGER JAR,7.95,General,
85144,JARDIN ETCHED GLASS CHEESE DISH,7.25,General,https://api.openverse.org/v1/images/d84197b1-da39-46dd-9350-61826d77e124/thumb/
85145,JARDIN ETCHED GLASS LARGE BELL JAR,12.75,General,
85146,JARDIN ETCHED GLASS SMALL BELL JAR,5.95,General,
85147,JARDIN ETCHED GLASS CANDLEHLDR LONG,4.95,General,
85150,LADIES & GENTLEMEN METAL SIGN,2.55,General,https://api.openverse.org/v1/images/4b56ac14-c109-43db-a3b8-6f8491648aef/thumb/
85151,WELCOME METAL SIGN,1.25,General,https://api.openverse.org/v1/images/4b56ac14-c109-43db-a3b8-6f8491648aef/thumb/
85152,HAND OVER THE CHOCOLATE   SIGN,2.10,General,https://api.openverse.org/v1/images/4b56ac14-c109-43db-a3b8-6f8491648aef/thumb/
85157,SET OF 2 CHESTS CHOCOLAT AU LAIT,12.72,General,
85159A,"BLACK TEA,COFFEE,SUGAR JARS",1.95,General,
85159B,"WHITE TEA,COFFEE,SUGAR JARS",1.95,General,
85160A,WHITE BIRD GARDEN DESIGN MUG,1.25,General,https://api.openverse.org/v1/images/5f490aab-714a-4ab0-ba1c-65035a8ab4fb/thumb/
85160B,BLACK BIRD GARDEN DESIGN MUG,1.25,General,https://api.openverse.org/v1/images/5f490aab-714a-4ab0-ba1c-65035a8ab4fb/thumb/
85161,ACRYLIC GEOMETRIC LAMP,18.95,General,
85162A,SILVER RETRODISC LAMPSHADE,1.95,General,
85162B,BLACK RETRODISC LAMPSHADE,1.95,General,
85162C,WHITE RETRODISC LAMPSHADE,1.95,General,
85163A,WHITE BAROQUE WALL CLOCK,12.75,General,https://api.openverse.org/v1/images/c214cdd4-b5a6-40f5-9d1b-883b6e386095/thumb/
85163B,BLACK BAROQUE WALL CLOCK,12.75,General,https://api.openverse.org/v1/images/c214cdd4-b5a6-40f5-9d1b-883b6e386095/thumb/
85164B,BLACK BAROQUE CUCKOO CLOCK,12.75,General,https://api.openverse.org/v1/images/c214cdd4-b5a6-40f5-9d1b-883b6e386095/thumb/
85165,CANDY PINK FRENCH BOUDOIR CLOCK,8.47,General,https://api.openverse.org/v1/images/c214cdd4-b5a6-40f5-9d1b-883b6e386095/thumb/
85166A,WHITE METAL BAROQUE PHOTO FRAME,3.75,General,https://api.openverse.org/v1/images/8ec53748-2acc-4984-8a6f-528cbb3fb3d9/thumb/
85166B,BLACK METAL BAROQUE PHOTO FRAME,3.75,General,https://api.openverse.org/v1/images/8ec53748-2acc-4984-8a6f-528cbb3fb3d9/thumb/
85167A,WHITE GRAND BAROQUE PHOTO FRAME,4.25,General,https://api.openverse.org/v1/images/8ec53748-2acc-4984-8a6f-528cbb3fb3d9/thumb/
85167B,BLACK GRAND BAROQUE PHOTO FRAME,4.25,General,https://api.openverse.org/v1/images/8ec53748-2acc-4984-8a6f-528cbb3fb3d9/thumb/
85168A,WHITE BAROQUE CARRIAGE CLOCK,9.95,General,https://api.openverse.org/v1/images/c214cdd4-b5a6-40f5-9d1b-883b6e386095/thumb/
85168B,BLACK BAROQUE CARRIAGE CLOCK,8.47,General,https://api.openverse.org/v1/images/c214cdd4-b5a6-40f5-9d1b-883b6e386095/thumb/
85169A,IVORY LOVE BIRD CANDLE,1.25,General,https://api.openverse.org/v1/images/08b80744-52cf-4b6f-98fb-c03218cfb7b2/thumb/
85169B,BLACK LOVE BIRD CANDLE,1.25,General,https://api.openverse.org/v1/images/08b80744-52cf-4b6f-98fb-c03218cfb7b2/thumb/
85169C,EAU DE NIL LOVE BIRD CANDLE,1.25,General,https://api.openverse.org/v1/images/08b80744-52cf-4b6f-98fb-c03218cfb7b2/thumb/
85169D,PINK LOVE BIRD CANDLE,1.25,General,https://api.openverse.org/v1/images/08b80744-52cf-4b6f-98fb-c03218cfb7b2/thumb/
85170A,SET/6 IVORY BIRD T-LIGHT CANDLES,2.10,General,https://api.openverse.org/v1/images/08b80744-52cf-4b6f-98fb-c03218cfb7b2/thumb/
85170B,SET/6 BLACK BIRD T-LIGHT CANDLES,2.10,General,https://api.openverse.org/v1/images/08b80744-52cf-4b6f-98fb-c03218cfb7b2/thumb/
85170C,SET/6 EAU DE NIL BIRD T-LIGHTS,2.46,General,https://api.openverse.org/v1/images/765d9a44-9ba5-4ac3-bde1-9dc9a7eb2770/thumb/
85170D,SET/6 PINK BIRD T-LIGHT CANDLES,2.46,General,https://api.openverse.org/v1/images/08b80744-52cf-4b6f-98fb-c03218cfb7b2/thumb/
85171,S/2 HYACINTH BULB CANDLES,2.55,General,https://api.openverse.org/v1/images/08b80744-52cf-4b6f-98fb-c03218cfb7b2/thumb/
85172,HYACINTH BULB T-LIGHT CANDLES,0.42,General,https://api.openverse.org/v1/images/08b80744-52cf-4b6f-98fb-c03218cfb7b2/thumb/
85173,SET/6 FROG PRINCE T-LIGHT CANDLES,2.55,General,https://api.openverse.org/v1/images/08b80744-52cf-4b6f-98fb-c03218cfb7b2/thumb/
85174,S/4 CACTI CANDLES,4.95,General,https://api.openverse.org/v1/images/08b80744-52cf-4b6f-98fb-c03218cfb7b2/thumb/
85175,CACTI T-LIGHT CANDLES,0.42,General,https://api.openverse.org/v1/images/08b80744-52cf-4b6f-98fb-c03218cfb7b2/thumb/
85176,SEWING SUSAN 21 NEEDLE SET,0.85,General,
85177,BASKET OF FLOWERS SEWING KIT,0.85,General,https://api.openverse.org/v1/images/c7a32cc5-3e99-4b9a-95cd-f5828f50ea34/thumb/
85178,VICTORIAN SEWING KIT,1.25,General,https://api.openverse.org/v1/images/c7a32cc5-3e99-4b9a-95cd-f5828f50ea34/thumb/
85179A,GREEN BITTY LIGHT CHAIN,2.46,General,https://api.openverse.org/v1/images/5d6db290-c92a-4ad0-9065-1e9354ad3ae8/thumb/
85179B,WHITE BITTY LIGHT CHAIN,4.65,General,https://api.openverse.org/v1/images/5d6db290-c92a-4ad0-9065-1e9354ad3ae8/thumb/
85179C,PINK BITTY LIGHT CHAIN,2.46,General,https://api.openverse.org/v1/images/5d6db290-c92a-4ad0-9065-1e9354ad3ae8/thumb/
85180A,RED HEARTS LIGHT CHAIN,4.65,General,https://api.openverse.org/v1/images/5d6db290-c92a-4ad0-9065-1e9354ad3ae8/thumb/
85180B,PINK HEARTS LIGHT CHAIN,4.65,General,https://api.openverse.org/v1/images/5d6db290-c92a-4ad0-9065-1e9354ad3ae8/thumb/
85183A,CHARLIE & LOLA WASTEPAPER BIN BLUE,1.25,General,https://api.openverse.org/v1/images/f93fce2b-cf12-4103-ba81-77143148e088/thumb/
85183B,CHARLIE & LOLA WASTEPAPER BIN FLORA,1.25,General,https://api.openverse.org/v1/images/edb04224-982f-4d89-817a-85132d8fd672/thumb/
85184B,SET 4 EASTER DECOUPAGE OVAL BOXES,2.95,General,https://api.openverse.org/v1/images/1190a5b6-5e15-4eb7-a0c8-ec57704d85aa/thumb/
85184C,S/4 VALENTINE DECOUPAGE HEART BOX,2.95,General,https://api.openverse.org/v1/images/1190a5b6-5e15-4eb7-a0c8-ec57704d85aa/thumb/
85184D,S/4 BLUE ROUND DECOUPAGE BOXES,2.95,General,https://api.openverse.org/v1/images/1190a5b6-5e15-4eb7-a0c8-ec57704d85aa/thumb/
85185B,PINK HORSE SOCK PUPPET,2.95,General,
85185C,COW  SOCK PUPPET,2.95,General,
85185D,FROG SOCK PUPPET,2.95,General,
85185E,DUCK SOCK PUPPET,2.95,General,
85185F,LION SOCK PUPPET,2.95,General,
85186A,EASTER BUNNY GARLAND OF FLOWERS,0.42,General,https://api.openverse.org/v1/images/61419a75-885c-4e6b-bb24-28b68fb5411b/thumb/
85186B,BUNNY BUNCH OF FLOWERS,0.42,General,https://api.openverse.org/v1/images/61419a75-885c-4e6b-bb24-28b68fb5411b/thumb/
85186C,BUNNY EGG GARLAND,0.42,General,https://api.openverse.org/v1/images/a97911af-e24d-4823-8bd3-92fd3af7c472/thumb/
85187,S/12 MINI RABBIT EASTER,1.65,General,
85188A,GREEN METAL SWINGING BUNNY,0.85,General,https://api.openverse.org/v1/images/874159dc-219d-4c09-8f30-f4075070f063/thumb/
85188B,PINK METAL SWINGING BUNNY,0.85,General,https://api.openverse.org/v1/images/874159dc-219d-4c09-8f30-f4075070f063/thumb/
85189,HANGING BUTTERFLY  EGG,0.85,General,https://api.openverse.org/v1/images/9ad156e7-e62e-4afd-b52b-0b4ddfc52bb4/thumb/
85190,PINK FLOWER HANGING HEART,0.85,General,
85192S,HANGING SPRING FLOWER HEART SMALL,0.65,General,
85194L,HANGING SPRING FLOWER EGG LARGE,0.85,General,https://api.openverse.org/v1/images/9ad156e7-e62e-4afd-b52b-0b4ddfc52bb4/thumb/
85194S,HANGING SPRING FLOWER EGG SMALL,0.65,General,https://api.openverse.org/v1/images/9ad156e7-e62e-4afd-b52b-0b4ddfc52bb4/thumb/
85195,HANGING HEART BASKET,2.10,General,https://api.openverse.org/v1/images/af89ea03-416d-4169-bac7-ba0837176dcc/thumb/
85196,EASTER BUNNIES ON A STICK,0.55,General,
85197,SET OF 12 MINI BUNNIES IN A BUCKET,2.10,General,https://api.openverse.org/v1/images/7daa25e3-fbf5-4312-b8eb-513991b729e2/thumb/
85198,ASSORTED FARMYARD ANIMALS IN BUCKET,0.85,General,https://api.openverse.org/v1/images/7daa25e3-fbf5-4312-b8eb-513991b729e2/thumb/
85199L,LARGE HANGING IVORY & RED WOOD BIRD,0.65,General,https://api.openverse.org/v1/images/c4d08a5b-c8a4-4b40-92f2-7fe03892dcbd/thumb/
85199S,SMALL HANGING IVORY/RED WOOD BIRD,0.42,General,https://api.openverse.org/v1/images/c4d08a5b-c8a4-4b40-92f2-7fe03892dcbd/thumb/
85200,BUNNY EGG BOX,1.25,General,https://api.openverse.org/v1/images/1190a5b6-5e15-4eb7-a0c8-ec57704d85aa/thumb/
85202,HANGING WOOD AND FELT HEART,0.42,General,
85203,HANGING WOOD AND FELT BUTTERFLY,0.42,General,https://api.openverse.org/v1/images/edc6d028-8bf4-4f0b-b590-dcaace881890/thumb/
85204,HANGING WOOD AND FELT FLOWER,0.42,General,https://api.openverse.org/v1/images/61419a75-885c-4e6b-bb24-28b68fb5411b/thumb/
85205A,IVORY FELT EASTER RABBIT GARLAND,2.55,General,https://api.openverse.org/v1/images/a97911af-e24d-4823-8bd3-92fd3af7c472/thumb/
85205B,PINK FELT EASTER RABBIT GARLAND,2.55,General,https://api.openverse.org/v1/images/a97911af-e24d-4823-8bd3-92fd3af7c472/thumb/
85206A,CREAM FELT EASTER EGG BASKET,1.65,General,https://api.openverse.org/v1/images/af89ea03-416d-4169-bac7-ba0837176dcc/thumb/
85206B,PINK FELT EASTER EGG BASKET,1.65,General,https://api.openverse.org/v1/images/af89ea03-416d-4169-bac7-ba0837176dcc/thumb/
85208,SET/12 FUNKY FELT FLOWER PEG IN BAG,2.10,General,https://api.openverse.org/v1/images/cb3e1d79-54b4-47d2-9678-84b342331819/thumb/
85211,S/4 GROOVY CAT MAGNETS,1.65,General,https://api.openverse.org/v1/images/c1db1cee-90fe-4859-bbfc-8ab207962756/thumb/
85212,MINI PAINTED GARDEN DECORATION,0.85,General,https://api.openverse.org/v1/images/e9d6182a-6d55-46e6-9bfc-a1084236113a/thumb/
85213,MINI  ZINC GARDEN DECORATIONS,0.85,General,https://api.openverse.org/v1/images/e9d6182a-6d55-46e6-9bfc-a1084236113a/thumb/
85214,TUB 24 PINK FLOWER PEGS,1.65,General,
85215,ASSORTED CHEESE FRIDGE MAGNETS,0.65,General,https://api.openverse.org/v1/images/c1db1cee-90fe-4859-bbfc-8ab207962756/thumb/
85216,ASSORTED CAKES FRIDGE MAGNETS,0.65,General,https://api.openverse.org/v1/images/c1db1cee-90fe-4859-bbfc-8ab207962756/thumb/
85217,ASSORTED ICE CREAM FRIDGE MAGNETS,0.65,General,https://api.openverse.org/v1/images/c1db1cee-90fe-4859-bbfc-8ab207962756/thumb/
85218,S/5 MINI ICE CREAM FRIDGE MAGNETS,0.88,General,https://api.openverse.org/v1/images/c1db1cee-90fe-4859-bbfc-8ab207962756/thumb/
85220,SMALL FAIRY CAKE FRIDGE MAGNETS,1.45,General,https://api.openverse.org/v1/images/c1db1cee-90fe-4859-bbfc-8ab207962756/thumb/
85221,ASSORTED COLOUR SILK COIN PURSE,1.25,General,https://api.openverse.org/v1/images/81ab0a1d-2964-4a2f-a4fe-7f105e59de40/thumb/
85222,ASSORTED COLOUR SILK COSMETIC PURSE,2.10,General,https://api.openverse.org/v1/images/81ab0a1d-2964-4a2f-a4fe-7f105e59de40/thumb/
85224,ASSORTED COLOUR SILK GLASSES CASE,2.10,General,https://api.openverse.org/v1/images/65355e41-3c33-4970-856c-37b07597329e/thumb/
85225,BLING KEY RING STAND,1.25,General,https://api.openverse.org/v1/images/1c805922-fd5f-49af-9cb5-f438ca31390b/thumb/
85226A,WHITE/BLUE PULL BACK RACING CAR,0.55,General,https://api.openverse.org/v1/images/0d6afa92-6678-49b0-86df-37154a083a32/thumb/
85226C,BLUE PULL BACK RACING CAR,0.55,General,https://api.openverse.org/v1/images/0d6afa92-6678-49b0-86df-37154a083a32/thumb/
85227,SET OF 6 3D KIT CARDS FOR KIDS,0.85,General,
85230A,OPIUM SCENTED VOTIVE CANDLE,0.29,General,https://api.openverse.org/v1/images/08b80744-52cf-4b6f-98fb-c03218cfb7b2/thumb/
85230B,CINNAMON SCENTED VOTIVE CANDLE,0.29,General,https://api.openverse.org/v1/images/08b80744-52cf-4b6f-98fb-c03218cfb7b2/thumb/
85230C,ROSE SCENTED VOTIVE CANDLE,0.29,General,https://api.openverse.org/v1/images/08b80744-52cf-4b6f-98fb-c03218cfb7b2/thumb/
85230D,VANILLA SCENTED VOTIVE CANDLE,0.29,General,https://api.openverse.org/v1/images/08b80744-52cf-4b6f-98fb-c03218cfb7b2/thumb/
85230E,STRAWBRY SCENTED VOTIVE CANDLE,0.29,General,https://api.openverse.org/v1/images/08b80744-52cf-4b6f-98fb-c03218cfb7b2/thumb/
85230F,JASMINE VOTIVE CANDLE,0.29,General,https://api.openverse.org/v1/images/08b80744-52cf-4b6f-98fb-c03218cfb7b2/thumb/
85230G,ORANGE VOTIVE CANDLE,0.29,General,https://api.openverse.org/v1/images/08b80744-52cf-4b6f-98fb-c03218cfb7b2/thumb/
85231B,CINAMMON SET OF 9 T-LIGHTS,0.85,General,https://api.openverse.org/v1/images/765d9a44-9ba5-4ac3-bde1-9dc9a7eb2770/thumb/
85231E,STRAWBERRY SCENTED SET/9 T-LIGHTS,0.85,General,https://api.openverse.org/v1/images/765d9a44-9ba5-4ac3-bde1-9dc9a7eb2770/thumb/
85231G,ORANGE SCENTED SET/9 T-LIGHTS,0.85,General,https://api.openverse.org/v1/images/765d9a44-9ba5-4ac3-bde1-9dc9a7eb2770/thumb/
85231L,LAVENDER SCENTED SET/9 T-LIGHTS,0.85,General,https://api.openverse.org/v1/images/765d9a44-9ba5-4ac3-bde1-9dc9a7eb2770/thumb/
85232A,SET/3 POLKA DOT STACKING TINS,4.95,General,
85232B,SET/3 RUSSIAN DOLL STACKING TINS,4.95,General,
85232C,RUSSIAN FOLKART STACKING TINS,4.95,General,
85232D,SET/3 DECOUPAGE STACKING TINS,4.95,General,
90000A,RASPBERRY ANT COPPER FLOWER NECKLAC,5.95,General,
90000B,MIDNIGHT BLUE COPPER FLOWER NECKLAC,6.09,General,
90000C,OPAL WHITE/SILVER FLOWER NECKLACE,6.16,General,https://api.openverse.org/v1/images/43a141c2-6487-4745-8676-c49ceadf41d1/thumb/
90000D,COPPER/OLIVE GREEN FLOWER NECKLACE,6.23,General,https://api.openverse.org/v1/images/43a141c2-6487-4745-8676-c49ceadf41d1/thumb/
90001A,ANTIQUE RASPBERRY FLOWER EARRINGS,4.25,General,https://api.openverse.org/v1/images/32cb1dfd-fc0a-4862-a94f-335810261a92/thumb/
90001B,ANTIQUE MID BLUE FLOWER EARRINGS,4.25,General,https://api.openverse.org/v1/images/32cb1dfd-fc0a-4862-a94f-335810261a92/thumb/
90001C,ANTIQUE OPAL WHITE FLOWER EARRINGS,4.25,General,https://api.openverse.org/v1/images/32cb1dfd-fc0a-4862-a94f-335810261a92/thumb/
90001D,ANTIQUE OLIVE GREEN FLOWER EARRINGS,4.25,General,https://api.openverse.org/v1/images/32cb1dfd-fc0a-4862-a94f-335810261a92/thumb/
90002A,FLOWER BURST SILVER RING OPAL,3.75,General,
90002B,FLOWER BURST SILVER RING ROSE,3.75,General,https://api.openverse.org/v1/images/1f375716-64cb-4fea-942c-2c5a440cd9ed/thumb/
90002C,FLOWER BURST SILVER RING MIDN'T BLU,3.75,General,https://api.openverse.org/v1/images/4c85ae3b-6600-421f-a7f4-b4906f8a84a9/thumb/
90002D,FLOWER BURST SILVER RING CRYSTAL,3.75,General,https://api.openverse.org/v1/images/672e43ed-912f-44dd-9e0b-ad18228743d0/thumb/
90002E,FLOWER BURST SILVER RING GREEN,3.75,General,https://api.openverse.org/v1/images/39e17456-3795-4ef9-9fba-143906935f6f/thumb/
90003B,ROSE COLOUR PAIR HEART HAIR SLIDES,3.75,General,
90003C,MIDNIGHT BLUE PAIR HEART HAIR SLIDE,3.75,General,
90003D,CRYSTAL PAIR HEART HAIR SLIDES,3.75,General,
90003E,GREEN PAIR HEART HAIR SLIDES,3.75,General,
90004A,JADE GREEN PAIR ENAMEL HAIR SLIDES,3.75,General,
90005A,JADE GREEN ENAMEL HAIR COMB,2.11,General,https://api.openverse.org/v1/images/e96e59c0-6e4d-460a-9e9b-a222c096baa5/thumb/
90010A,MIDNIGHT BLUE GLASS/SILVER BRACELET,8.95,General,https://api.openverse.org/v1/images/3071146c-0c2c-4b0e-bf20-1bdcd5a4fd18/thumb/
90010B,BLACK/WHITE GLASS/SILVER BRACELET,8.95,General,https://api.openverse.org/v1/images/3071146c-0c2c-4b0e-bf20-1bdcd5a4fd18/thumb/
90010E,AMBER GLASS/SILVER BRACELET,8.95,General,https://api.openverse.org/v1/images/3071146c-0c2c-4b0e-bf20-1bdcd5a4fd18/thumb/
90011A,MIDNIGHT BLUE CRYSTAL DROP EARRINGS,2.96,General,https://api.openverse.org/v1/images/32cb1dfd-fc0a-4862-a94f-335810261a92/thumb/
90011B,BLACK CRYSTAL DROP EARRINGS,2.95,General,https://api.openverse.org/v1/images/32cb1dfd-fc0a-4862-a94f-335810261a92/thumb/
90011C,GREEN CRYSTAL DROP EARRINGS,2.95,General,https://api.openverse.org/v1/images/32cb1dfd-fc0a-4862-a94f-335810261a92/thumb/
90011D,PURPLE CRYSTAL DROP EARRINGS,2.96,General,https://api.openverse.org/v1/images/32cb1dfd-fc0a-4862-a94f-335810261a92/thumb/
90011E,AMBER CRYSTAL DROP EARRINGS,2.96,General,https://api.openverse.org/v1/images/32cb1dfd-fc0a-4862-a94f-335810261a92/thumb/
90012A,MIDNIGHT BLUE DROP CRYSTAL NECKLACE,9.98,General,https://api.openverse.org/v1/images/43a141c2-6487-4745-8676-c49ceadf41d1/thumb/
90012B,BLACK DROP CRYSTAL NECKLACE,9.95,General,https://api.openverse.org/v1/images/43a141c2-6487-4745-8676-c49ceadf41d1/thumb/
90013A,MIDNIGHT BLUE VINTAGE EARRINGS,3.81,General,https://api.openverse.org/v1/images/32cb1dfd-fc0a-4862-a94f-335810261a92/thumb/
90013B,BLACK VINTAGE EARRINGS,4.24,General,https://api.openverse.org/v1/images/32cb1dfd-fc0a-4862-a94f-335810261a92/thumb/
90013C,GREEN VINTAGE EARRINGS,4.24,General,https://api.openverse.org/v1/images/32cb1dfd-fc0a-4862-a94f-335810261a92/thumb/
90013D,PURPLE VINTAGE EARRINGS,4.15,General,https://api.openverse.org/v1/images/32cb1dfd-fc0a-4862-a94f-335810261a92/thumb/
90013E,AMBER VINTAGE EARRINGS,4.29,General,https://api.openverse.org/v1/images/32cb1dfd-fc0a-4862-a94f-335810261a92/thumb/
90014A,SILVER/MOP ORBIT NECKLACE,9.95,General,https://api.openverse.org/v1/images/43a141c2-6487-4745-8676-c49ceadf41d1/thumb/
90014B,GOLD M PEARL  ORBIT NECKLACE,9.95,General,https://api.openverse.org/v1/images/43a141c2-6487-4745-8676-c49ceadf41d1/thumb/
90014C,SILVER/BLACK ORBIT NECKLACE,9.95,General,https://api.openverse.org/v1/images/43a141c2-6487-4745-8676-c49ceadf41d1/thumb/
90016A,SILVER/M.O.P PENDANT ORBIT NECKLACE,8.50,General,https://api.openverse.org/v1/images/43a141c2-6487-4745-8676-c49ceadf41d1/thumb/
90016B,GOLD/M.O.P PENDANT ORBIT NECKLACE,8.50,General,https://api.openverse.org/v1/images/43a141c2-6487-4745-8676-c49ceadf41d1/thumb/
90016C,SILVER/BLACK PENDANT ORBIT NECKLACE,8.49,General,https://api.openverse.org/v1/images/43a141c2-6487-4745-8676-c49ceadf41d1/thumb/
90018A,SILVER M.O.P ORBIT DROP EARRINGS,4.24,General,https://api.openverse.org/v1/images/32cb1dfd-fc0a-4862-a94f-335810261a92/thumb/
90018B,GOLD M.O.P ORBIT DROP EARRINGS,4.24,General,https://api.openverse.org/v1/images/32cb1dfd-fc0a-4862-a94f-335810261a92/thumb/
90018C,SILVER BLACK ORBIT DROP EARRINGS,4.25,General,https://api.openverse.org/v1/images/32cb1dfd-fc0a-4862-a94f-335810261a92/thumb/
90019A,SILVER M.O.P ORBIT BRACELET,5.40,General,https://api.openverse.org/v1/images/3071146c-0c2c-4b0e-bf20-1bdcd5a4fd18/thumb/
90019B,GOLD M.O.P ORBIT BRACELET,5.40,General,https://api.openverse.org/v1/images/3071146c-0c2c-4b0e-bf20-1bdcd5a4fd18/thumb/
90019C,SILVER BLACK ORBIT BRACELET,5.51,General,https://api.openverse.org/v1/images/3071146c-0c2c-4b0e-bf20-1bdcd5a4fd18/thumb/
90020,FILIGREE DIAMANTE CHAIN,12.75,General,https://api.openverse.org/v1/images/5d6db290-c92a-4ad0-9065-1e9354ad3ae8/thumb/
90021,LASER CUT MULTI STRAND NECKLACE,11.95,General,https://api.openverse.org/v1/images/43a141c2-6487-4745-8676-c49ceadf41d1/thumb/
90022,EDWARDIAN DROP EARRINGS JET BLACK,3.75,General,
90023,FILIGREE DIAMANTE EARRINGS,4.25,General,https://api.openverse.org/v1/images/32cb1dfd-fc0a-4862-a94f-335810261a92/thumb/
90024A,NEW BAROQUE B'FLY NECKLACE BLACK,8.50,General,https://api.openverse.org/v1/images/43a141c2-6487-4745-8676-c49ceadf41d1/thumb/
90024B,NEW BAROQUE B'FLY NECKLACE RED,8.49,General,https://api.openverse.org/v1/images/43a141c2-6487-4745-8676-c49ceadf41d1/thumb/
90024C,NEW BAROQUE B'FLY NECKLACE GREEN,8.50,General,https://api.openverse.org/v1/images/43a141c2-6487-4745-8676-c49ceadf41d1/thumb/
90024D,NEW BAROQUE B'FLY NECKLACE PINK,8.50,General,https://api.openverse.org/v1/images/43a141c2-6487-4745-8676-c49ceadf41d1/thumb/
90024E,NEW BAROQUE B'FLY NECKLACE MONTANA,8.50,General,
90024F,NEW BAROQUE B'FLY NECKLACE CRYSTAL,8.49,General,https://api.openverse.org/v1/images/672e43ed-912f-44dd-9e0b-ad18228743d0/thumb/
90025A,BAROQUE BUTTERFLY EARRINGS BLACK,3.75,General,https://api.openverse.org/v1/images/32cb1dfd-fc0a-4862-a94f-335810261a92/thumb/
90025B,BAROQUE BUTTERFLY EARRINGS RED,3.75,General,https://api.openverse.org/v1/images/32cb1dfd-fc0a-4862-a94f-335810261a92/thumb/
90025C,BAROQUE BUTTERFLY EARRINGS GREEN,3.75,General,https://api.openverse.org/v1/images/32cb1dfd-fc0a-4862-a94f-335810261a92/thumb/
90025D,BAROQUE BUTTERFLY EARRINGS PINK,3.73,General,https://api.openverse.org/v1/images/32cb1dfd-fc0a-4862-a94f-335810261a92/thumb/
90025E,BAROQUE BUTTERFLY EARRINGS MONTANA,3.75,General,
90025F,BAROQUE BUTTERFLY EARRINGS CRYSTAL,3.75,General,https://api.openverse.org/v1/images/672e43ed-912f-44dd-9e0b-ad18228743d0/thumb/
90026A,GLASS BEAD HOOP NECKLACE BLACK,8.50,General,https://api.openverse.org/v1/images/43a141c2-6487-4745-8676-c49ceadf41d1/thumb/
90026B,GLASS BEAD HOOP NECKLACE MONTANA,8.50,General,
90026C,GLASS BEAD HOOP NECKLACE GREEN,8.50,General,https://api.openverse.org/v1/images/43a141c2-6487-4745-8676-c49ceadf41d1/thumb/
90026D,GLASS BEAD HOOP NECKLACE AMETHYST,8.50,General,https://api.openverse.org/v1/images/17fe51e8-52ed-422a-a28b-0fd9489bbd1c/thumb/
90027A,GLASS BEAD HOOP EARRINGS BLACK,2.95,General,https://api.openverse.org/v1/images/32cb1dfd-fc0a-4862-a94f-335810261a92/thumb/
90027B,GLASS BEAD HOOP EARRINGS MONTANA,2.95,General,
90027C,GLASS BEAD HOOP EARRINGS GREEN,2.95,General,https://api.openverse.org/v1/images/32cb1dfd-fc0a-4862-a94f-335810261a92/thumb/
90027D,GLASS BEAD HOOP EARRINGS AMETHYST,3.32,General,https://api.openverse.org/v1/images/17fe51e8-52ed-422a-a28b-0fd9489bbd1c/thumb/
90028,NEW BAROQUE LARGE NECKLACE BLK/WHIT,8.49,General,
90029,NEW BAROQUE SMALL NECKLACE BLACK,8.50,General,https://api.openverse.org/v1/images/43a141c2-6487-4745-8676-c49ceadf41d1/thumb/
90030A,SPOTTED WHITE NATURAL SEED NECKLACE,1.00,General,https://api.openverse.org/v1/images/43a141c2-6487-4745-8676-c49ceadf41d1/thumb/
90030B,RED KUKUI COCONUT SEED NECKLACE,5.94,General,https://api.openverse.org/v1/images/43a141c2-6487-4745-8676-c49ceadf41d1/thumb/
90030C,BROWN KUKUI COCONUT SEED NECKLACE,5.82,General,https://api.openverse.org/v1/images/43a141c2-6487-4745-8676-c49ceadf41d1/thumb/
90031,BILI NUT AND WOOD NECKLACE,1.00,General,https://api.openverse.org/v1/images/43a141c2-6487-4745-8676-c49ceadf41d1/thumb/
90032,IVORY SHELL HEART NECKLACE,6.25,General,https://api.openverse.org/v1/images/43a141c2-6487-4745-8676-c49ceadf41d1/thumb/
90033,IVORY SHELL HEART EARRINGS,2.54,General,https://api.openverse.org/v1/images/32cb1dfd-fc0a-4862-a94f-335810261a92/thumb/
90034,WHITE SILVER NECKLACE SHELL GLASS,10.09,General,
90035A,"PEARL & SHELL 42""NECKL. GREEN",10.75,General,
90035B,"PEARL & SHELL 42""NECKL. PINK",10.75,General,
90035C,"PEARL & SHELL 42""NECKL. IVORY",10.75,General,
90036A,FLOWER GARLAND NECKLACE RED,7.95,General,https://api.openverse.org/v1/images/43a141c2-6487-4745-8676-c49ceadf41d1/thumb/
90036B,"FLOWER GLASS GARLAND NECKL.36""GREEN",7.95,General,
90036C,"FLOWER GLASS GARLAND NECKL.36""BLUE",7.95,General,
90036D,"FLOWER GLASS GARLAND NECKL.36""BLACK",7.95,General,
90036E,"FLOWER GLASS GARLD NECKL36""AMETHYST",7.95,General,https://api.openverse.org/v1/images/17fe51e8-52ed-422a-a28b-0fd9489bbd1c/thumb/
90036F,"FLOWER GLASS GARLD NECKL36""TURQUOIS",8.07,General,
90037A,TINY CRYSTAL BRACELET RED,2.55,General,https://api.openverse.org/v1/images/3071146c-0c2c-4b0e-bf20-1bdcd5a4fd18/thumb/
90037B,TINY CRYSTAL BRACELET GREEN,2.54,General,https://api.openverse.org/v1/images/3071146c-0c2c-4b0e-bf20-1bdcd5a4fd18/thumb/
90037C,TINY CRYSTAL BRACELET BLUE,2.54,General,https://api.openverse.org/v1/images/3071146c-0c2c-4b0e-bf20-1bdcd5a4fd18/thumb/
90037D,TINY CRYSTALS BRACELET BLACK,2.57,General,https://api.openverse.org/v1/images/3071146c-0c2c-4b0e-bf20-1bdcd5a4fd18/thumb/
90038A,GLASS AND PAINTED BEADS BRACELET TO,3.75,General,https://api.openverse.org/v1/images/3071146c-0c2c-4b0e-bf20-1bdcd5a4fd18/thumb/
90038B,GLASS AND PAINTED BEADS BRACELET OL,3.75,General,https://api.openverse.org/v1/images/3071146c-0c2c-4b0e-bf20-1bdcd5a4fd18/thumb/
90038C,GLASS AND BEADS BRACELET IVORY,3.75,General,https://api.openverse.org/v1/images/3071146c-0c2c-4b0e-bf20-1bdcd5a4fd18/thumb/
90039A,FIRE POLISHED GLASS BRACELET RED,3.75,General,https://api.openverse.org/v1/images/3071146c-0c2c-4b0e-bf20-1bdcd5a4fd18/thumb/
90039B,FIRE POLISHED GLASS BRACELET MONTAN,3.78,General,
90039C,FIRE POLISHED GLASS BRACELET BLACK,3.75,General,https://api.openverse.org/v1/images/3071146c-0c2c-4b0e-bf20-1bdcd5a4fd18/thumb/
90039D,FIRE POLISHED GLASS BRACELET GREEN,3.81,General,https://api.openverse.org/v1/images/3071146c-0c2c-4b0e-bf20-1bdcd5a4fd18/thumb/
90040A,MURANO STYLE GLASS BRACELET RED,4.24,General,https://api.openverse.org/v1/images/3071146c-0c2c-4b0e-bf20-1bdcd5a4fd18/thumb/
90040B,MURANO STYLE GLASS BRACELET BLACK,3.73,General,https://api.openverse.org/v1/images/3071146c-0c2c-4b0e-bf20-1bdcd5a4fd18/thumb/
90040C,MURANO STYLE GLASS BRACELET GOLD,3.73,General,https://api.openverse.org/v1/images/3071146c-0c2c-4b0e-bf20-1bdcd5a4fd18/thumb/
90040D,MURANO STYLE GLASS BRACELET PINK,3.81,General,https://api.openverse.org/v1/images/3071146c-0c2c-4b0e-bf20-1bdcd5a4fd18/thumb/
90041,PEARL AND CHERRY QUARTZ BRACLET,3.73,General,https://api.openverse.org/v1/images/8eb5b8fc-5d12-4c88-9f0f-e79877d8bd50/thumb/
90042A,FRESHWATER PEARL BRACELET GOLD,2.54,General,https://api.openverse.org/v1/images/3071146c-0c2c-4b0e-bf20-1bdcd5a4fd18/thumb/
90042B,FRESHWATER PEARL BRACELET PINK,2.55,General,https://api.openverse.org/v1/images/3071146c-0c2c-4b0e-bf20-1bdcd5a4fd18/thumb/
90042C,FRESHWATER PEARL BRACELET IVORY,2.54,General,https://api.openverse.org/v1/images/3071146c-0c2c-4b0e-bf20-1bdcd5a4fd18/thumb/
90043,COPPER AND BRASS BAG CHARM,4.95,General,https://api.openverse.org/v1/images/ecb3ac65-b267-4f03-b28e-fc8aa6e8f092/thumb/
90046,WHITE WITH METAL BAG CHARM,4.95,General,https://api.openverse.org/v1/images/ecb3ac65-b267-4f03-b28e-fc8aa6e8f092/thumb/
90048,GREEN WITH METAL BAG CHARM,4.95,General,https://api.openverse.org/v1/images/ecb3ac65-b267-4f03-b28e-fc8aa6e8f092/thumb/
90049,IVORY GOLD METAL BAG CHARM,7.46,General,https://api.openverse.org/v1/images/ecb3ac65-b267-4f03-b28e-fc8aa6e8f092/thumb/
90050,CRACKED GLAZE NECKLACE IVORY,6.95,General,https://api.openverse.org/v1/images/43a141c2-6487-4745-8676-c49ceadf41d1/thumb/
90051,CRACKED GLAZE NECKLACE RED,6.95,General,https://api.openverse.org/v1/images/43a141c2-6487-4745-8676-c49ceadf41d1/thumb/
90052,CRACKED GLAZE NECKLACE BROWN,7.07,General,https://api.openverse.org/v1/images/36081fd8-09f4-4f30-9bd7-20e48e3c1280/thumb/
90053,CRACKED GLAZE EARRINGS IVORY,2.54,General,https://api.openverse.org/v1/images/32cb1dfd-fc0a-4862-a94f-335810261a92/thumb/
90054,CRACKED GLAZE EARRINGS RED,2.54,General,https://api.openverse.org/v1/images/32cb1dfd-fc0a-4862-a94f-335810261a92/thumb/
90055,CRACKED GLAZE EARRINGS BROWN,2.54,General,https://api.openverse.org/v1/images/36081fd8-09f4-4f30-9bd7-20e48e3c1280/thumb/
90056,CHUNKY CRACKED GLAZE NECKLACE IVORY,11.05,General,https://api.openverse.org/v1/images/43a141c2-6487-4745-8676-c49ceadf41d1/thumb/
90057,DIAMANTE RING ASSORTED IN BOX.,1.25,General,https://api.openverse.org/v1/images/1190a5b6-5e15-4eb7-a0c8-ec57704d85aa/thumb/
90058A,CRYSTAL STUD EARRINGS CLEAR DISPLAY,0.38,General,https://api.openverse.org/v1/images/bb8f7f35-2155-4fdf-ac66-96cd98be88ab/thumb/
90058B,CRYSTAL STUD EARRINGS ASSORTED COL,0.38,General,https://api.openverse.org/v1/images/68a0d4a6-5c1a-45d1-8431-8472c40f1f24/thumb/
90059A,DIAMANTE HAIR GRIP PACK/2 CRYSTAL,1.69,General,https://api.openverse.org/v1/images/672e43ed-912f-44dd-9e0b-ad18228743d0/thumb/
90059B,DIAMANTE HAIR GRIP PACK/2 BLACK DIA,1.69,General,https://api.openverse.org/v1/images/068fc6b1-34da-4f78-ae17-24d20f28c7e4/thumb/
90059C,DIAMANTE HAIR GRIP PACK/2 MONTANA,1.65,General,
90059D,DIAMANTE HAIR GRIP PACK/2 PERIDOT,1.69,General,
90059E,DIAMANTE HAIR GRIP PACK/2 RUBY,1.65,General,
90059F,DIAMANTE HAIR GRIP PACK/2 LT ROSE,1.65,General,https://api.openverse.org/v1/images/1f375716-64cb-4fea-942c-2c5a440cd9ed/thumb/
90060B,FIRE POLISHED GLASS NECKL GOLD,5.95,General,
90060C,FIRE POLISHED GLASS NECKL SILVER,5.95,General,
90060D,FIRE POLISHED GLASS NECKL BRONZE,5.95,General,https://api.openverse.org/v1/images/9ba2f981-0fe3-401c-a202-741f85b87d4f/thumb/
90060F,FIRE POLISHED GLASS NECKL GREEN,5.94,General,
90062,CARNIVAL BRACELET,12.75,General,https://api.openverse.org/v1/images/3071146c-0c2c-4b0e-bf20-1bdcd5a4fd18/thumb/
90063A,WHITE VINT ART DECO CRYSTAL NECKLAC,8.50,General,
90063B,BLACK VINT ART DEC CRYSTAL NECKLACE,8.50,General,https://api.openverse.org/v1/images/43a141c2-6487-4745-8676-c49ceadf41d1/thumb/
90064A,WHITE VINTAGE CRYSTAL EARRINGS,4.15,General,https://api.openverse.org/v1/images/32cb1dfd-fc0a-4862-a94f-335810261a92/thumb/
90064B,BLACK VINTAGE  CRYSTAL EARRINGS,3.75,General,https://api.openverse.org/v1/images/32cb1dfd-fc0a-4862-a94f-335810261a92/thumb/
90065A,WHITE VINTAGE CRYSTAL BRACELET,6.75,General,https://api.openverse.org/v1/images/3071146c-0c2c-4b0e-bf20-1bdcd5a4fd18/thumb/
90065B,BLACK VINT ART DEC CRYSTAL BRACELET,6.75,General,https://api.openverse.org/v1/images/3071146c-0c2c-4b0e-bf20-1bdcd5a4fd18/thumb/
90066A,PINK VINTAGE VICTORIAN CHOKER,6.75,General,https://api.openverse.org/v1/images/58079357-9e59-42ff-8ab4-edf2422d41a0/thumb/
90067A,PINK VINTAGE VICTORIAN EARRINGS,2.95,General,https://api.openverse.org/v1/images/32cb1dfd-fc0a-4862-a94f-335810261a92/thumb/
90067B,BROWN VINTAGE VICTORIAN EARRINGS,2.95,General,https://api.openverse.org/v1/images/32cb1dfd-fc0a-4862-a94f-335810261a92/thumb/
90068,"RUBY GLASS NECKLACE 42""",7.50,General,https://api.openverse.org/v1/images/43a141c2-6487-4745-8676-c49ceadf41d1/thumb/
90069,RUBY GLASS CLUSTER NECKLACE,7.50,General,https://api.openverse.org/v1/images/43a141c2-6487-4745-8676-c49ceadf41d1/thumb/
90070,RUBY GLASS CLUSTER BRACELET,6.23,General,https://api.openverse.org/v1/images/3071146c-0c2c-4b0e-bf20-1bdcd5a4fd18/thumb/
90071,RUBY GLASS CLUSTER EARRINGS,1.26,General,https://api.openverse.org/v1/images/32cb1dfd-fc0a-4862-a94f-335810261a92/thumb/
90072,RUBY DROP CHANDELIER EARRINGS,4.20,General,https://api.openverse.org/v1/images/32cb1dfd-fc0a-4862-a94f-335810261a92/thumb/
90073,VINTAGE ENAMEL & CRYSTAL EARRINGS,5.09,General,https://api.openverse.org/v1/images/32cb1dfd-fc0a-4862-a94f-335810261a92/thumb/
90074,BLACK DIAMOND CLUSTER NECKLACE,8.95,General,https://api.openverse.org/v1/images/43a141c2-6487-4745-8676-c49ceadf41d1/thumb/
90075,MONTANA DIAMOND CLUSTER NECKLACE,8.95,General,https://api.openverse.org/v1/images/43a141c2-6487-4745-8676-c49ceadf41d1/thumb/
90076,MONTANA DIAMOND CLUSTER EARRINGS,2.96,General,https://api.openverse.org/v1/images/32cb1dfd-fc0a-4862-a94f-335810261a92/thumb/
90077,BLACK DIAMOND CLUSTER EARRINGS,2.96,General,https://api.openverse.org/v1/images/32cb1dfd-fc0a-4862-a94f-335810261a92/thumb/
90078,PINK/WHITE GLASS DEMI CHOKER,7.50,General,https://api.openverse.org/v1/images/58079357-9e59-42ff-8ab4-edf2422d41a0/thumb/
90079,VINTAGE ENAMEL & CRYSTAL NECKLACE,4.95,General,https://api.openverse.org/v1/images/43a141c2-6487-4745-8676-c49ceadf41d1/thumb/
90081A,LILY BROOCH AMETHYST COLOUR,4.95,General,https://api.openverse.org/v1/images/d2ee2733-1dcb-4688-878a-30c3ce79215f/thumb/
90081B,LILY BROOCH WHITE/SILVER COLOUR,4.95,General,https://api.openverse.org/v1/images/d2ee2733-1dcb-4688-878a-30c3ce79215f/thumb/
90081C,LILY BROOCH OLIVE COLOUR,4.98,General,https://api.openverse.org/v1/images/d2ee2733-1dcb-4688-878a-30c3ce79215f/thumb/
90082A,DIAMANTE BOW BROOCH GREEN COLOUR,6.35,General,https://api.openverse.org/v1/images/d2ee2733-1dcb-4688-878a-30c3ce79215f/thumb/
90082B,DIAMANTE BOW BROOCH RED COLOUR,6.35,General,https://api.openverse.org/v1/images/d2ee2733-1dcb-4688-878a-30c3ce79215f/thumb/
90082C,DIAMANTE BOW BROOCH WHITE COLOUR,6.79,General,https://api.openverse.org/v1/images/d2ee2733-1dcb-4688-878a-30c3ce79215f/thumb/
90082D,DIAMANTE BOW BROOCH BLACK COLOUR,6.35,General,https://api.openverse.org/v1/images/d2ee2733-1dcb-4688-878a-30c3ce79215f/thumb/
90083,CRYSTAL CZECH CROSS PHONE CHARM,1.63,General,https://api.openverse.org/v1/images/ecb3ac65-b267-4f03-b28e-fc8aa6e8f092/thumb/
90084,PINK CRYSTAL GUITAR PHONE CHARM,0.85,General,https://api.openverse.org/v1/images/ecb3ac65-b267-4f03-b28e-fc8aa6e8f092/thumb/
90085,CRYSTAL STILETTO PHONE CHARM,0.85,General,https://api.openverse.org/v1/images/ecb3ac65-b267-4f03-b28e-fc8aa6e8f092/thumb/
90086,CRYSTAL FROG PHONE CHARM,1.63,General,https://api.openverse.org/v1/images/ecb3ac65-b267-4f03-b28e-fc8aa6e8f092/thumb/
90087,CRYSTAL SEA HORSE PHONE CHARM,1.63,General,https://api.openverse.org/v1/images/ecb3ac65-b267-4f03-b28e-fc8aa6e8f092/thumb/
90088,CRYSTAL KEY+LOCK PHONE CHARM,0.85,General,https://api.openverse.org/v1/images/ecb3ac65-b267-4f03-b28e-fc8aa6e8f092/thumb/
90089,PINK CRYSTAL SKULL PHONE CHARM,1.63,General,https://api.openverse.org/v1/images/ecb3ac65-b267-4f03-b28e-fc8aa6e8f092/thumb/
90090,PINK CRYSTAL HEART PHONE CHARM,0.85,General,https://api.openverse.org/v1/images/ecb3ac65-b267-4f03-b28e-fc8aa6e8f092/thumb/
90091,CRYSTAL DRAGONFLY PHONE CHARM,0.85,General,https://api.openverse.org/v1/images/ecb3ac65-b267-4f03-b28e-fc8aa6e8f092/thumb/
90092,BLUE CRYSTAL BOOT PHONE CHARM,0.85,General,https://api.openverse.org/v1/images/ecb3ac65-b267-4f03-b28e-fc8aa6e8f092/thumb/
90093,CLEAR CRYSTAL STAR PHONE CHARM,0.85,General,https://api.openverse.org/v1/images/ecb3ac65-b267-4f03-b28e-fc8aa6e8f092/thumb/
90094,NECKLACE+BRACELET SET FRUIT SALAD,2.55,General,
90095,NECKLACE+BRACELET SET PINK BLOSSOM,2.55,General,https://api.openverse.org/v1/images/3c08c027-a4fb-45f3-95f1-1fc24994f0e5/thumb/
90096,NECKLACE+BRACELET SET BLUE BLOSSOM,2.51,General,https://api.openverse.org/v1/images/3c08c027-a4fb-45f3-95f1-1fc24994f0e5/thumb/
90098,NECKLACE+BRACELET PINK BUTTERFLY,2.55,General,https://api.openverse.org/v1/images/edc6d028-8bf4-4f0b-b590-dcaace881890/thumb/
90099,NECKLACE+BRACELET SET BLUE HIBISCUS,2.55,General,
90100,NECKLACE+BRACELET SET PINK DAISY,2.55,General,https://api.openverse.org/v1/images/58cf07e2-849a-4e12-a222-284f63fda360/thumb/
90101,WHITE FRANGIPANI NECKLACE,2.54,General,https://api.openverse.org/v1/images/43a141c2-6487-4745-8676-c49ceadf41d1/thumb/
90102,WHITE FRANGIPANI HAIR CLIP,0.85,General,https://api.openverse.org/v1/images/dfed723f-0d7e-4814-900e-01daa1b92abc/thumb/
90103,PURPLE FRANGIPANI NECKLACE,2.54,General,https://api.openverse.org/v1/images/43a141c2-6487-4745-8676-c49ceadf41d1/thumb/
90104,PURPLE FRANGIPANI HAIRCLIP,0.83,General,https://api.openverse.org/v1/images/6cc10279-dba9-4892-a482-1d54378fbdfb/thumb/
90108,BLUE BLOSSOM HAIR CLIP,1.05,General,https://api.openverse.org/v1/images/dfed723f-0d7e-4814-900e-01daa1b92abc/thumb/
90111,BLUE HIBISCUS  HAIR CLIP,1.05,General,https://api.openverse.org/v1/images/dfed723f-0d7e-4814-900e-01daa1b92abc/thumb/
90112,PINK DOLLY HAIR CLIPS,1.05,General,https://api.openverse.org/v1/images/dfed723f-0d7e-4814-900e-01daa1b92abc/thumb/
90114,SUMMER DAISIES BAG CHARM,2.46,General,https://api.openverse.org/v1/images/ecb3ac65-b267-4f03-b28e-fc8aa6e8f092/thumb/
90115,SUMMER BUTTERFLIES BAG CHARM,2.51,General,https://api.openverse.org/v1/images/ecb3ac65-b267-4f03-b28e-fc8aa6e8f092/thumb/
90116,FRUIT SALAD BAG CHARM,2.46,General,https://api.openverse.org/v1/images/ecb3ac65-b267-4f03-b28e-fc8aa6e8f092/thumb/
90118,PINK DAISY BAG CHARM,2.46,General,https://api.openverse.org/v1/images/ecb3ac65-b267-4f03-b28e-fc8aa6e8f092/thumb/
90119,METALIC LEAVES BAG CHARMS,2.46,General,https://api.openverse.org/v1/images/ecb3ac65-b267-4f03-b28e-fc8aa6e8f092/thumb/
90120A,PINK MURANO TWIST BRACELET,4.25,General,https://api.openverse.org/v1/images/3071146c-0c2c-4b0e-bf20-1bdcd5a4fd18/thumb/
90120B,BLUE MURANO TWIST BRACELET,4.25,General,https://api.openverse.org/v1/images/3071146c-0c2c-4b0e-bf20-1bdcd5a4fd18/thumb/
90120C,GREEN MURANO TWIST BRACELET,4.24,General,https://api.openverse.org/v1/images/3071146c-0c2c-4b0e-bf20-1bdcd5a4fd18/thumb/
90120D,WHITE MURANO TWIST BRACELET,4.25,General,https://api.openverse.org/v1/images/3071146c-0c2c-4b0e-bf20-1bdcd5a4fd18/thumb/
90121B,VINTAGE ROSE BEAD BRACELET BLUE,4.25,General,https://api.openverse.org/v1/images/3071146c-0c2c-4b0e-bf20-1bdcd5a4fd18/thumb/
90122A,PINK CRYSTAL+GLASS BRACELET,4.96,General,https://api.openverse.org/v1/images/3071146c-0c2c-4b0e-bf20-1bdcd5a4fd18/thumb/
90122B,JADE CRYSTAL+GLASS BRACELET,4.95,General,https://api.openverse.org/v1/images/3071146c-0c2c-4b0e-bf20-1bdcd5a4fd18/thumb/
90122C,TURQUOISE CRYSTAL+GLASS BRACELET,4.96,General,https://api.openverse.org/v1/images/3071146c-0c2c-4b0e-bf20-1bdcd5a4fd18/thumb/
90123A,PINK HEART OF GLASS BRACELET,5.95,General,https://api.openverse.org/v1/images/3071146c-0c2c-4b0e-bf20-1bdcd5a4fd18/thumb/
90123B,TURQUOISE HEART OF GLASS BRACELET,5.95,General,https://api.openverse.org/v1/images/3071146c-0c2c-4b0e-bf20-1bdcd5a4fd18/thumb/
90123C,GREEN HEART OF GLASS BRACELET,5.95,General,https://api.openverse.org/v1/images/3071146c-0c2c-4b0e-bf20-1bdcd5a4fd18/thumb/
90123D,WHITE HEART OF GLASS BRACELET,5.95,General,https://api.openverse.org/v1/images/3071146c-0c2c-4b0e-bf20-1bdcd5a4fd18/thumb/
90124A,PINK MURANO TWIST NECKLACE,9.95,General,https://api.openverse.org/v1/images/43a141c2-6487-4745-8676-c49ceadf41d1/thumb/
90124B,BLUE MURANO TWIST NECKLACE,9.96,General,https://api.openverse.org/v1/images/43a141c2-6487-4745-8676-c49ceadf41d1/thumb/
90124C,GREEN MURANO TWIST NECKLACE,9.95,General,https://api.openverse.org/v1/images/43a141c2-6487-4745-8676-c49ceadf41d1/thumb/
90125A,PINK BERTIE GLASS BEAD BAG CHARM,2.10,General,https://api.openverse.org/v1/images/ecb3ac65-b267-4f03-b28e-fc8aa6e8f092/thumb/
90125B,AQUA BERTIE GLASS BEAD BAG CHARM,2.10,General,https://api.openverse.org/v1/images/ecb3ac65-b267-4f03-b28e-fc8aa6e8f092/thumb/
90125C,TURQUOISE BERTIE GLASS BEAD CHARM,1.65,General,https://api.openverse.org/v1/images/ecb3ac65-b267-4f03-b28e-fc8aa6e8f092/thumb/
90125D,PURPLE BERTIE GLASS BEAD BAG CHARM,2.10,General,https://api.openverse.org/v1/images/ecb3ac65-b267-4f03-b28e-fc8aa6e8f092/thumb/
90125E,AMBER BERTIE GLASS BEAD BAG CHARM,2.10,General,https://api.openverse.org/v1/images/ecb3ac65-b267-4f03-b28e-fc8aa6e8f092/thumb/
90126A,PINK BERTIE MOBILE PHONE CHARM,1.69,General,https://api.openverse.org/v1/images/ecb3ac65-b267-4f03-b28e-fc8aa6e8f092/thumb/
90126B,BLUE BERTIE MOBILE PHONE CHARM,3.36,General,https://api.openverse.org/v1/images/ecb3ac65-b267-4f03-b28e-fc8aa6e8f092/thumb/
90126C,AMBER BERTIE MOBILE PHONE CHARM,3.29,General,https://api.openverse.org/v1/images/ecb3ac65-b267-4f03-b28e-fc8aa6e8f092/thumb/
90127A,PINK BEADS+HAND PHONE CHARM,1.85,General,https://api.openverse.org/v1/images/ecb3ac65-b267-4f03-b28e-fc8aa6e8f092/thumb/
90127B,BLUE BEADS+HAND PHONE CHARM,1.25,General,https://api.openverse.org/v1/images/ecb3ac65-b267-4f03-b28e-fc8aa6e8f092/thumb/
90128A,PINK LEAVES AND BEADS PHONE CHARM,1.25,General,https://api.openverse.org/v1/images/ecb3ac65-b267-4f03-b28e-fc8aa6e8f092/thumb/
90128B,BLUE LEAVES AND BEADS PHONE CHARM,1.25,General,https://api.openverse.org/v1/images/ecb3ac65-b267-4f03-b28e-fc8aa6e8f092/thumb/
90128C,GREEN LEAVES AND BEADS PHONE CHARM,2.46,General,https://api.openverse.org/v1/images/ecb3ac65-b267-4f03-b28e-fc8aa6e8f092/thumb/
90128D,PURPLE LEAVES AND BEADS PHONE CHAR,2.48,General,https://api.openverse.org/v1/images/8cd7856c-32b6-46e8-92f3-72ae61d85d56/thumb/
90129A,PINK GLASS TASSLE BAG CHARM,1.66,General,https://api.openverse.org/v1/images/ecb3ac65-b267-4f03-b28e-fc8aa6e8f092/thumb/
90129B,TURQUOISE GLASS TASSLE BAG CHARM,1.66,General,https://api.openverse.org/v1/images/ecb3ac65-b267-4f03-b28e-fc8aa6e8f092/thumb/
90129C,GREEN GLASS TASSLE BAG CHARM,1.66,General,https://api.openverse.org/v1/images/ecb3ac65-b267-4f03-b28e-fc8aa6e8f092/thumb/
90129D,AMBER GLASS TASSLE BAG CHARM,1.66,General,https://api.openverse.org/v1/images/ecb3ac65-b267-4f03-b28e-fc8aa6e8f092/thumb/
90129E,PURPLE GLASS TASSLE BAG CHARM,1.66,General,https://api.openverse.org/v1/images/ecb3ac65-b267-4f03-b28e-fc8aa6e8f092/thumb/
90129F,RED GLASS TASSLE BAG CHARM,1.66,General,https://api.openverse.org/v1/images/ecb3ac65-b267-4f03-b28e-fc8aa6e8f092/thumb/
90130A,WHITE STONE/CRYSTAL EARRINGS,2.95,General,https://api.openverse.org/v1/images/32cb1dfd-fc0a-4862-a94f-335810261a92/thumb/
90130B,TURQ STONE/CRYSTAL EARRINGS,2.95,General,https://api.openverse.org/v1/images/32cb1dfd-fc0a-4862-a94f-335810261a92/thumb/
90130C,GREEN STONE/CRYSTAL EARRINGS,2.96,General,https://api.openverse.org/v1/images/32cb1dfd-fc0a-4862-a94f-335810261a92/thumb/
90130D,RED STONE/CRYSTAL EARRINGS,2.96,General,https://api.openverse.org/v1/images/32cb1dfd-fc0a-4862-a94f-335810261a92/thumb/
90131,PINK/AMETHYST/GOLD NECKLACE,6.95,General,https://api.openverse.org/v1/images/43a141c2-6487-4745-8676-c49ceadf41d1/thumb/
90132,LIGHT TOPAZ TEAL/AQUA COL NECKLACE,5.09,General,https://api.openverse.org/v1/images/43a141c2-6487-4745-8676-c49ceadf41d1/thumb/
90133,TEAL/FUSCHIA COL BEAD NECKLACE,5.09,General,https://api.openverse.org/v1/images/43a141c2-6487-4745-8676-c49ceadf41d1/thumb/
90134,OLD ROSE COMBO BEAD NECKLACE,2.96,General,https://api.openverse.org/v1/images/43a141c2-6487-4745-8676-c49ceadf41d1/thumb/
90135,ORANGE/WHT/FUSCHIA STONES NECKLACE,4.98,General,https://api.openverse.org/v1/images/43a141c2-6487-4745-8676-c49ceadf41d1/thumb/
90135A,ORANGE/FUSCHIA STONES NECKLACE,4.96,General,https://api.openverse.org/v1/images/43a141c2-6487-4745-8676-c49ceadf41d1/thumb/
90136,PALE PINK/AMETHYST STONE NECKLACE,9.95,General,https://api.openverse.org/v1/images/43a141c2-6487-4745-8676-c49ceadf41d1/thumb/
90137,PINK COMBO MINI CRYSTALS NECKLACE,4.95,General,https://api.openverse.org/v1/images/43a141c2-6487-4745-8676-c49ceadf41d1/thumb/
90138,WHITE/PINK MINI CRYSTALS NECKLACE,5.46,General,https://api.openverse.org/v1/images/43a141c2-6487-4745-8676-c49ceadf41d1/thumb/
90139,FLOWER BROOCH 4 ASSORTED COLOURS,5.20,General,https://api.openverse.org/v1/images/d2ee2733-1dcb-4688-878a-30c3ce79215f/thumb/
90140,PINK SWEETIE NECKLACE,7.57,General,https://api.openverse.org/v1/images/43a141c2-6487-4745-8676-c49ceadf41d1/thumb/
90141A,GREEN PENDANT TRIPLE SHELL NECKLACE,5.40,General,https://api.openverse.org/v1/images/43a141c2-6487-4745-8676-c49ceadf41d1/thumb/
90141B,IVORY PENDANT TRIPLE SHELL NECKLACE,5.04,General,https://api.openverse.org/v1/images/43a141c2-6487-4745-8676-c49ceadf41d1/thumb/
90141C,TURQ PENDANT TRIPLE SHELL NECKLACE,5.40,General,https://api.openverse.org/v1/images/43a141c2-6487-4745-8676-c49ceadf41d1/thumb/
90141D,ROSE PENDANT TRIPLE SHELL NECKLACE,5.51,General,https://api.openverse.org/v1/images/43a141c2-6487-4745-8676-c49ceadf41d1/thumb/
90141E,ORANGE PENDANT TRIPLE SHELL NECKLAC,4.95,General,
90142A,GREEN PENDANT SHELL NECKLACE,5.09,General,https://api.openverse.org/v1/images/43a141c2-6487-4745-8676-c49ceadf41d1/thumb/
90142B,IVORY PENDANT SHELL NECKLACE,5.09,General,https://api.openverse.org/v1/images/43a141c2-6487-4745-8676-c49ceadf41d1/thumb/
90142C,ROSE PINK PENDANT SHELL NECKLACE,5.09,General,https://api.openverse.org/v1/images/43a141c2-6487-4745-8676-c49ceadf41d1/thumb/
90142D,MOP PENDANT SHELL NECKLACE,4.95,General,https://api.openverse.org/v1/images/43a141c2-6487-4745-8676-c49ceadf41d1/thumb/
90143,SILVER BRACELET W PASTEL FLOWER,7.50,General,
90144,SILVER DROP EARRINGS WITH FLOWER,3.75,General,https://api.openverse.org/v1/images/32cb1dfd-fc0a-4862-a94f-335810261a92/thumb/
90145,SILVER HOOP EARRINGS WITH FLOWER,5.95,General,https://api.openverse.org/v1/images/32cb1dfd-fc0a-4862-a94f-335810261a92/thumb/
90146,FINE SILVER NECKLACE W PASTEL FLOWE,7.50,General,https://api.openverse.org/v1/images/29566434-a463-4899-9a7c-9a9223bd3298/thumb/
90147,CHUNKY SILVER NECKLACE PASTEL FLOWE,9.95,General,https://api.openverse.org/v1/images/29566434-a463-4899-9a7c-9a9223bd3298/thumb/
90148,LONG SILVER NECKLACE PASTEL FLOWER,12.75,General,
90149,SILVER FLOWR PINK SHELL NECKLACE,7.50,General,https://api.openverse.org/v1/images/43a141c2-6487-4745-8676-c49ceadf41d1/thumb/
90150,BLUE SHELL+SILVER NECKLACE,7.50,General,https://api.openverse.org/v1/images/43a141c2-6487-4745-8676-c49ceadf41d1/thumb/
90151,SILVER/NATURAL SHELL NECKLACE,8.50,General,https://api.openverse.org/v1/images/43a141c2-6487-4745-8676-c49ceadf41d1/thumb/
90152A,SILVER/NAT SHELL NECKLACE W PENDANT,5.95,General,
90152B,BLUE/GREEN SHELL NECKLACE W PENDANT,5.95,General,
90152C,BLUE/NAT SHELL NECKLACE W PENDANT,5.95,General,
90154,LAZER CUT NECKLACE W PASTEL BEADS,8.95,General,https://api.openverse.org/v1/images/7eabdd52-92e2-4e83-bc31-103cfb50608d/thumb/
90155,RESIN NECKLACE W PASTEL BEADS,7.50,General,https://api.openverse.org/v1/images/7eabdd52-92e2-4e83-bc31-103cfb50608d/thumb/
90156,RESIN BRACELET W PASTEL BEADS,4.95,General,https://api.openverse.org/v1/images/7eabdd52-92e2-4e83-bc31-103cfb50608d/thumb/
90157,RIVIERA NECKLACE,4.95,General,https://api.openverse.org/v1/images/43a141c2-6487-4745-8676-c49ceadf41d1/thumb/
90158,ST TROPEZ NECKLACE,4.98,General,https://api.openverse.org/v1/images/43a141c2-6487-4745-8676-c49ceadf41d1/thumb/
90159,COTE D'AZURE NECKLACE,4.95,General,https://api.openverse.org/v1/images/43a141c2-6487-4745-8676-c49ceadf41d1/thumb/
90160A,PURPLE BOUDICCA LARGE BRACELET,6.95,General,https://api.openverse.org/v1/images/3071146c-0c2c-4b0e-bf20-1bdcd5a4fd18/thumb/
90160B,RED BOUDICCA LARGE BRACELET,6.95,General,https://api.openverse.org/v1/images/3071146c-0c2c-4b0e-bf20-1bdcd5a4fd18/thumb/
90160C,TURQ+RED BOUDICCA LARGE BRACELET,6.95,General,https://api.openverse.org/v1/images/3071146c-0c2c-4b0e-bf20-1bdcd5a4fd18/thumb/
90160D,PINK BOUDICCA LARGE BRACELET,6.95,General,https://api.openverse.org/v1/images/3071146c-0c2c-4b0e-bf20-1bdcd5a4fd18/thumb/
90161A,ANT COPPER RED BOUDICCA BRACELET,5.04,General,https://api.openverse.org/v1/images/3071146c-0c2c-4b0e-bf20-1bdcd5a4fd18/thumb/
90161B,ANT COPPER TURQ BOUDICCA BRACELET,4.98,General,https://api.openverse.org/v1/images/3071146c-0c2c-4b0e-bf20-1bdcd5a4fd18/thumb/
90161C,ANT COPPER LIME BOUDICCA BRACELET,4.98,General,https://api.openverse.org/v1/images/3071146c-0c2c-4b0e-bf20-1bdcd5a4fd18/thumb/
90161D,ANT COPPER PINK BOUDICCA BRACELET,4.98,General,https://api.openverse.org/v1/images/3071146c-0c2c-4b0e-bf20-1bdcd5a4fd18/thumb/
90162A,ANT SILVER TURQUOISE BOUDICCA RING,2.95,General,https://api.openverse.org/v1/images/39e17456-3795-4ef9-9fba-143906935f6f/thumb/
90162B,ANT SILVER LIME GREEN BOUDICCA RING,2.95,General,https://api.openverse.org/v1/images/39e17456-3795-4ef9-9fba-143906935f6f/thumb/
90162C,ANT SILVER FUSCHIA BOUDICCA RING,2.95,General,https://api.openverse.org/v1/images/39e17456-3795-4ef9-9fba-143906935f6f/thumb/
90162D,ANT SILVER PURPLE BOUDICCA RING,2.95,General,https://api.openverse.org/v1/images/39e17456-3795-4ef9-9fba-143906935f6f/thumb/
90163A,PINK ROSEBUD & PEARL NECKLACE,7.64,General,https://api.openverse.org/v1/images/43a141c2-6487-4745-8676-c49ceadf41d1/thumb/
90163B,WHITE ROSEBUD & PEARL NECKLACE,7.50,General,https://api.openverse.org/v1/images/43a141c2-6487-4745-8676-c49ceadf41d1/thumb/
90164A,PINK ROSEBUD PEARL BRACELET,7.64,General,https://api.openverse.org/v1/images/3071146c-0c2c-4b0e-bf20-1bdcd5a4fd18/thumb/
90164B,WHITE  ROSEBUD PEARL BRACELET,7.64,General,https://api.openverse.org/v1/images/3071146c-0c2c-4b0e-bf20-1bdcd5a4fd18/thumb/
90165A,PINK ROSEBUD PEARL EARRINGS,2.54,General,https://api.openverse.org/v1/images/32cb1dfd-fc0a-4862-a94f-335810261a92/thumb/
90165B,WHITE ROSEBUD  PEARL EARRINGS,2.54,General,https://api.openverse.org/v1/images/32cb1dfd-fc0a-4862-a94f-335810261a92/thumb/
90166,PINK & WHITE ROSEBUD RING,4.24,General,https://api.openverse.org/v1/images/39e17456-3795-4ef9-9fba-143906935f6f/thumb/
90167,BEADED LOVE HEART JEWELLERY SET,0.85,General,
90168,2 DAISIES HAIR COMB,2.95,General,https://api.openverse.org/v1/images/e96e59c0-6e4d-460a-9e9b-a222c096baa5/thumb/
90169,DAISY HAIR COMB,2.54,General,https://api.openverse.org/v1/images/e96e59c0-6e4d-460a-9e9b-a222c096baa5/thumb/
90170,DAISY HAIR BAND,1.65,General,https://api.openverse.org/v1/images/57fc17a9-c7ec-4b68-914d-743a736ce6d8/thumb/
90171,DAISY RING,1.26,General,https://api.openverse.org/v1/images/39e17456-3795-4ef9-9fba-143906935f6f/thumb/
90173,PAIR BUTTERFLY HAIR CLIPS,3.81,General,https://api.openverse.org/v1/images/dfed723f-0d7e-4814-900e-01daa1b92abc/thumb/
90174,BUTTERFLY HAIR BAND,2.54,General,https://api.openverse.org/v1/images/57fc17a9-c7ec-4b68-914d-743a736ce6d8/thumb/
90175A,WHITE GLASS CHUNKY CHARM BRACELET,9.15,General,https://api.openverse.org/v1/images/3071146c-0c2c-4b0e-bf20-1bdcd5a4fd18/thumb/
90175B,PINK GLASS CHUNKY CHARM BRACELET,9.25,General,https://api.openverse.org/v1/images/3071146c-0c2c-4b0e-bf20-1bdcd5a4fd18/thumb/
90175C,BLUE GLASS CHUNKY CHARM BRACELET,8.95,General,https://api.openverse.org/v1/images/3071146c-0c2c-4b0e-bf20-1bdcd5a4fd18/thumb/
90175D,TIGRIS EYE CHUNKY CHARM BRACELET,9.15,General,https://api.openverse.org/v1/images/3071146c-0c2c-4b0e-bf20-1bdcd5a4fd18/thumb/
90176A,CLASSIC DIAMANTE NECKLACE JET,7.50,General,
90176B,DIAMANTE NECKLACE BLACK,7.50,General,https://api.openverse.org/v1/images/43a141c2-6487-4745-8676-c49ceadf41d1/thumb/
90176C,DIAMANTE NECKLACE,7.50,General,https://api.openverse.org/v1/images/43a141c2-6487-4745-8676-c49ceadf41d1/thumb/
90176D,DIAMANTE NECKLACE PURPLE,7.50,General,
90176E,DIAMANTE NECKLACE GREEN,7.50,General,https://api.openverse.org/v1/images/43a141c2-6487-4745-8676-c49ceadf41d1/thumb/
90177A,CLASSIC DIAMANTE EARRINGS JET,2.90,General,
90177B,DROP DIAMANTE EARRINGS BLACK DIAMON,2.95,General,https://api.openverse.org/v1/images/902430ae-20ac-45f4-a95c-14ed93cee761/thumb/
90177C,DROP DIAMANTE EARRINGS CRYSTAL,2.95,General,https://api.openverse.org/v1/images/672e43ed-912f-44dd-9e0b-ad18228743d0/thumb/
90177D,DROP DIAMANTE EARRINGS PURPLE,2.95,General,
90177E,DROP DIAMANTE EARRINGS GREEN,2.96,General,https://api.openverse.org/v1/images/32cb1dfd-fc0a-4862-a94f-335810261a92/thumb/
90178A,AMBER CHUNKY GLASS+BEAD NECKLACE,11.95,General,https://api.openverse.org/v1/images/43a141c2-6487-4745-8676-c49ceadf41d1/thumb/
90178B,PURPLE CHUNKY GLASS+BEAD NECKLACE,11.95,General,https://api.openverse.org/v1/images/43a141c2-6487-4745-8676-c49ceadf41d1/thumb/
90179A,AMBER FINE BEAD NECKLACE W TASSEL,5.95,General,
90179B,PURPLE FINE BEAD NECKLACE W TASSEL,5.95,General,
90179C,BLACK FINE BEAD NECKLACE W TASSEL,5.95,General,
90180A,BLACK+WHITE NECKLACE W TASSEL,9.95,General,
90180B,PURPLE AMETHYST NECKLACE W TASSEL,9.95,General,
90181A,AMBER GLASS/SHELL/PEARL NECKLACE,9.15,General,https://api.openverse.org/v1/images/43a141c2-6487-4745-8676-c49ceadf41d1/thumb/
90181B,AMETHYST GLASS/SHELL/PEARL NECKLACE,9.25,General,https://api.openverse.org/v1/images/43a141c2-6487-4745-8676-c49ceadf41d1/thumb/
90181C,BLACK GLASS/SHELL/PEARL NECKLACE,9.34,General,https://api.openverse.org/v1/images/43a141c2-6487-4745-8676-c49ceadf41d1/thumb/
90182A,AMBER 3 BEAD DROP EARRINGS,2.90,General,https://api.openverse.org/v1/images/32cb1dfd-fc0a-4862-a94f-335810261a92/thumb/
90182B,AMETHYST 3 BEAD DROP EARRINGS,2.90,General,https://api.openverse.org/v1/images/32cb1dfd-fc0a-4862-a94f-335810261a92/thumb/
90182C,BLACK 3 BEAD DROP EARRINGS,2.90,General,https://api.openverse.org/v1/images/32cb1dfd-fc0a-4862-a94f-335810261a92/thumb/
90183A,AMBER DROP EARRINGS W LONG BEADS,2.95,General,https://api.openverse.org/v1/images/7eabdd52-92e2-4e83-bc31-103cfb50608d/thumb/
90183B,AMETHYST DROP EARRINGS W LONG BEADS,2.90,General,https://api.openverse.org/v1/images/7eabdd52-92e2-4e83-bc31-103cfb50608d/thumb/
90183C,BLACK DROP EARRINGS W LONG BEADS,2.90,General,https://api.openverse.org/v1/images/7eabdd52-92e2-4e83-bc31-103cfb50608d/thumb/
90184A,AMBER CHUNKY BEAD BRACELET W STRAP,9.05,General,
90184B,AMETHYST CHUNKY BEAD BRACELET W STR,8.95,General,
90184C,BLACK CHUNKY BEAD BRACELET W STRAP,8.95,General,
90185A,AMBER DIAMANTE EXPANDABLE RING,4.24,General,https://api.openverse.org/v1/images/39e17456-3795-4ef9-9fba-143906935f6f/thumb/
90185B,AMETHYST DIAMANTE EXPANDABLE RING,4.25,General,https://api.openverse.org/v1/images/39e17456-3795-4ef9-9fba-143906935f6f/thumb/
90185C,BLACK DIAMANTE EXPANDABLE RING,4.25,General,https://api.openverse.org/v1/images/39e17456-3795-4ef9-9fba-143906935f6f/thumb/
90185D,CRYSTAL DIAMANTE EXPANDABLE RING,4.25,General,https://api.openverse.org/v1/images/39e17456-3795-4ef9-9fba-143906935f6f/thumb/
90186A,AMETHYST HOOP EARRING FLORAL LEAF,2.95,General,
90186B,CRYSTAL HOOP EARRING FLORAL LEAF,2.95,General,
90187A,BLUE DROP EARRINGS W BEAD CLUSTER,3.39,General,https://api.openverse.org/v1/images/202fdbd6-ae8f-4e6f-9d09-6f175a169b44/thumb/
90187B,GREEN DROP EARRINGS W BEAD CLUSTER,3.37,General,https://api.openverse.org/v1/images/202fdbd6-ae8f-4e6f-9d09-6f175a169b44/thumb/
90188,DROP EARRINGS W FLOWER & LEAF,2.54,General,
90189A,SILVER 2 STRAND NECKLACE-LEAF CHARM,7.50,General,https://api.openverse.org/v1/images/ecb3ac65-b267-4f03-b28e-fc8aa6e8f092/thumb/
90189B,GOLD 2 STRAND NECKLACE-LEAF CHARMS,7.50,General,https://api.openverse.org/v1/images/ecb3ac65-b267-4f03-b28e-fc8aa6e8f092/thumb/
90190A,SILVER/CRYSTAL DROP EARRINGS W LEAF,2.95,General,
90190B,GOLD/AMBER DROP EARRINGS W LEAF,2.95,General,
90190C,SILVER/AMETHYST DROP EARRINGS LEAF,2.95,General,
90191,SILVER LARIAT 40CM,12.75,General,
90192,JADE DROP EARRINGS W FILIGREE,4.98,General,https://api.openverse.org/v1/images/382b66c7-0d28-43de-8015-969052af6275/thumb/
90194,SILVER LARIAT BLACK STONE EARRINGS,4.25,General,https://api.openverse.org/v1/images/32cb1dfd-fc0a-4862-a94f-335810261a92/thumb/
90195A,PURPLE GEMSTONE BRACELET,8.95,General,https://api.openverse.org/v1/images/3071146c-0c2c-4b0e-bf20-1bdcd5a4fd18/thumb/
90195B,BLACK GEMSTONE BRACELET,8.95,General,https://api.openverse.org/v1/images/3071146c-0c2c-4b0e-bf20-1bdcd5a4fd18/thumb/
90196A,PURPLE GEMSTONE NECKLACE 45CM,12.75,General,https://api.openverse.org/v1/images/43a141c2-6487-4745-8676-c49ceadf41d1/thumb/
90196B,BLACK GEMSTONE NECKLACE 45CM,12.75,General,https://api.openverse.org/v1/images/43a141c2-6487-4745-8676-c49ceadf41d1/thumb/
90197B,BLACK GLASS BRACELET W HEART CHARMS,5.09,General,https://api.openverse.org/v1/images/ecb3ac65-b267-4f03-b28e-fc8aa6e8f092/thumb/
90197D,AMBER GLASS BRACELET HEART CHARMS,4.95,General,https://api.openverse.org/v1/images/ecb3ac65-b267-4f03-b28e-fc8aa6e8f092/thumb/
90198A,VINTAGE ROSE BEAD BRACELET RASPBERR,4.24,General,
90198B,VINTAGE ROSE BEAD BRACELET BLACK,4.25,General,https://api.openverse.org/v1/images/3071146c-0c2c-4b0e-bf20-1bdcd5a4fd18/thumb/
90199A,5 STRAND GLASS NECKLACE BLACK,6.35,General,https://api.openverse.org/v1/images/43a141c2-6487-4745-8676-c49ceadf41d1/thumb/
90199B,5 STRAND GLASS NECKLACE AMETHYST,6.35,General,https://api.openverse.org/v1/images/17fe51e8-52ed-422a-a28b-0fd9489bbd1c/thumb/
90199C,5 STRAND GLASS NECKLACE CRYSTAL,6.35,General,https://api.openverse.org/v1/images/672e43ed-912f-44dd-9e0b-ad18228743d0/thumb/
90199D,5 STRAND GLASS NECKLACE AMBER,6.35,General,https://api.openverse.org/v1/images/516f5d39-fd01-4d21-a366-b3608ae5e802/thumb/
90200A,PURPLE SWEETHEART BRACELET,4.25,General,https://api.openverse.org/v1/images/3071146c-0c2c-4b0e-bf20-1bdcd5a4fd18/thumb/
90200B,BLACK SWEETHEART BRACELET,4.25,General,https://api.openverse.org/v1/images/3071146c-0c2c-4b0e-bf20-1bdcd5a4fd18/thumb/
90200C,BLUE SWEETHEART BRACELET,4.24,General,https://api.openverse.org/v1/images/3071146c-0c2c-4b0e-bf20-1bdcd5a4fd18/thumb/
90200D,PINK SWEETHEART BRACELET,4.24,General,https://api.openverse.org/v1/images/3071146c-0c2c-4b0e-bf20-1bdcd5a4fd18/thumb/
90200E,GREEN SWEETHEART BRACELET,4.25,General,https://api.openverse.org/v1/images/3071146c-0c2c-4b0e-bf20-1bdcd5a4fd18/thumb/
90201A,PURPLE ENAMEL FLOWER RING,2.95,General,https://api.openverse.org/v1/images/39e17456-3795-4ef9-9fba-143906935f6f/thumb/
90201B,BLACK ENAMEL FLOWER RING,2.96,General,https://api.openverse.org/v1/images/39e17456-3795-4ef9-9fba-143906935f6f/thumb/
90201C,RED ENAMEL FLOWER RING,2.95,General,https://api.openverse.org/v1/images/39e17456-3795-4ef9-9fba-143906935f6f/thumb/
90201D,GREEN ENAMEL FLOWER RING,2.95,General,https://api.openverse.org/v1/images/39e17456-3795-4ef9-9fba-143906935f6f/thumb/
90202A,PURPLE ENAMEL FLOWER HAIR TIE,2.95,General,
90202B,WHITE ENAMEL FLOWER HAIR TIE,2.92,General,
90202C,GREEN ENAMEL FLOWER HAIR TIE,2.96,General,
90202D,PINK ENAMEL FLOWER HAIR TIE,2.95,General,
90203,SILVER CHARM NECKLACE 70CM,7.50,General,https://api.openverse.org/v1/images/43a141c2-6487-4745-8676-c49ceadf41d1/thumb/
90204,PAIR OF ENAMEL BUTTERFLY HAIRCLIP,3.35,General,https://api.openverse.org/v1/images/6cc10279-dba9-4892-a482-1d54378fbdfb/thumb/
90205A,LARGE MINT DIAMANTE HAIRSLIDE,1.69,General,https://api.openverse.org/v1/images/b58db34e-8442-4a07-ad6b-c3680049c0f3/thumb/
90205C,LARGE CRYSTAL DIAMANTE HAIRSLIDE,1.65,General,https://api.openverse.org/v1/images/b58db34e-8442-4a07-ad6b-c3680049c0f3/thumb/
90206A,GOLD DIAMANTE STAR BROOCH,4.96,General,https://api.openverse.org/v1/images/7082bbc0-dbe1-4287-8b88-4f36df256af3/thumb/
90206C,CRYSTAL DIAMANTE STAR BROOCH,4.98,General,https://api.openverse.org/v1/images/7082bbc0-dbe1-4287-8b88-4f36df256af3/thumb/
90208,PAIR OF PINK FLOWER CLUSTER SLIDE,2.54,General,
90209A,PURPLE ENAMEL+GLASS HAIR COMB,2.10,General,https://api.openverse.org/v1/images/e96e59c0-6e4d-460a-9e9b-a222c096baa5/thumb/
90209B,GREEN ENAMEL+GLASS HAIR COMB,2.11,General,https://api.openverse.org/v1/images/e96e59c0-6e4d-460a-9e9b-a222c096baa5/thumb/
90209C,PINK ENAMEL+GLASS HAIR COMB,2.10,General,https://api.openverse.org/v1/images/e96e59c0-6e4d-460a-9e9b-a222c096baa5/thumb/
90210A,GREY ACRYLIC FACETED BANGLE,2.95,General,https://api.openverse.org/v1/images/e8ef1a1a-f09a-487f-98a1-49363b88f0b5/thumb/
90210B,CLEAR ACRYLIC FACETED BANGLE,2.95,General,https://api.openverse.org/v1/images/e8ef1a1a-f09a-487f-98a1-49363b88f0b5/thumb/
90210C,RED   ACRYLIC FACETED BANGLE,2.95,General,https://api.openverse.org/v1/images/e8ef1a1a-f09a-487f-98a1-49363b88f0b5/thumb/
90210D,PURPLE ACRYLIC FACETED BANGLE,2.95,General,https://api.openverse.org/v1/images/e8ef1a1a-f09a-487f-98a1-49363b88f0b5/thumb/
90211A,DIAMOND LAS VEGAS NECKLACE 45CM,5.94,General,https://api.openverse.org/v1/images/43a141c2-6487-4745-8676-c49ceadf41d1/thumb/
90211B,JET BLACK LAS VEGAS NECKLACE 45CM,5.94,General,https://api.openverse.org/v1/images/43a141c2-6487-4745-8676-c49ceadf41d1/thumb/
90212B,JET BLACK LAS VEGAS BRACELET ROUND,3.81,General,https://api.openverse.org/v1/images/3071146c-0c2c-4b0e-bf20-1bdcd5a4fd18/thumb/
90212C,PURPLE LAS VEGAS BRACELET ROUND,3.75,General,https://api.openverse.org/v1/images/3071146c-0c2c-4b0e-bf20-1bdcd5a4fd18/thumb/
90214A,"LETTER ""A"" BLING KEY RING",0.85,General,https://api.openverse.org/v1/images/39e17456-3795-4ef9-9fba-143906935f6f/thumb/
90214B,"LETTER ""B"" BLING KEY RING",0.85,General,https://api.openverse.org/v1/images/39e17456-3795-4ef9-9fba-143906935f6f/thumb/
90214C,"LETTER ""C"" BLING KEY RING",0.85,General,https://api.openverse.org/v1/images/39e17456-3795-4ef9-9fba-143906935f6f/thumb/
90214D,"LETTER ""D"" BLING KEY RING",0.85,General,https://api.openverse.org/v1/images/39e17456-3795-4ef9-9fba-143906935f6f/thumb/
90214E,"LETTER ""E"" BLING KEY RING",0.85,General,https://api.openverse.org/v1/images/39e17456-3795-4ef9-9fba-143906935f6f/thumb/
90214F,"LETTER ""F"" BLING KEY RING",0.85,General,https://api.openverse.org/v1/images/39e17456-3795-4ef9-9fba-143906935f6f/thumb/
90214G,"LETTER ""G"" BLING KEY RING",0.85,General,https://api.openverse.org/v1/images/39e17456-3795-4ef9-9fba-143906935f6f/thumb/
90214H,"LETTER ""H"" BLING KEY RING",0.85,General,https://api.openverse.org/v1/images/39e17456-3795-4ef9-9fba-143906935f6f/thumb/
90214I,"LETTER ""I"" BLING KEY RING",0.85,General,https://api.openverse.org/v1/images/39e17456-3795-4ef9-9fba-143906935f6f/thumb/
90214J,"LETTER ""J"" BLING KEY RING",0.85,General,https://api.openverse.org/v1/images/39e17456-3795-4ef9-9fba-143906935f6f/thumb/
90214K,"LETTER ""K"" BLING KEY RING",1.25,General,https://api.openverse.org/v1/images/39e17456-3795-4ef9-9fba-143906935f6f/thumb/
90214L,"LETTER ""L"" BLING KEY RING",0.85,General,https://api.openverse.org/v1/images/39e17456-3795-4ef9-9fba-143906935f6f/thumb/
90214M,"LETTER ""M"" BLING KEY RING",1.05,General,https://api.openverse.org/v1/images/39e17456-3795-4ef9-9fba-143906935f6f/thumb/
90214N,"LETTER ""N"" BLING KEY RING",0.85,General,https://api.openverse.org/v1/images/39e17456-3795-4ef9-9fba-143906935f6f/thumb/
90214O,"LETTER ""O"" BLING KEY RING",1.25,General,https://api.openverse.org/v1/images/39e17456-3795-4ef9-9fba-143906935f6f/thumb/
90214P,"LETTER ""P"" BLING KEY RING",0.85,General,https://api.openverse.org/v1/images/39e17456-3795-4ef9-9fba-143906935f6f/thumb/
90214R,"LETTER ""R"" BLING KEY RING",0.85,General,https://api.openverse.org/v1/images/39e17456-3795-4ef9-9fba-143906935f6f/thumb/
90214S,"LETTER ""S"" BLING KEY RING",0.85,General,https://api.openverse.org/v1/images/39e17456-3795-4ef9-9fba-143906935f6f/thumb/
90214T,"LETTER ""T"" BLING KEY RING",1.05,General,https://api.openverse.org/v1/images/39e17456-3795-4ef9-9fba-143906935f6f/thumb/
90214U,"LETTER ""U"" BLING KEY RING",0.77,General,https://api.openverse.org/v1/images/39e17456-3795-4ef9-9fba-143906935f6f/thumb/
90214V,"LETTER ""V"" BLING KEY RING",0.85,General,https://api.openverse.org/v1/images/39e17456-3795-4ef9-9fba-143906935f6f/thumb/
90214W,"LETTER ""W"" BLING KEY RING",0.84,General,https://api.openverse.org/v1/images/39e17456-3795-4ef9-9fba-143906935f6f/thumb/
90214Y,"LETTER ""Y"" BLING KEY RING",0.85,General,https://api.openverse.org/v1/images/39e17456-3795-4ef9-9fba-143906935f6f/thumb/
90214Z,"LETTER ""Z"" BLING KEY RING",0.85,General,https://api.openverse.org/v1/images/39e17456-3795-4ef9-9fba-143906935f6f/thumb/
B,Adjust bad debt,11062.06,General,https://api.openverse.org/v1/images/ca78f6bc-b865-47d2-af0e-ec41f7fe005a/thumb/
DCGS0003,BOXED GLASS ASHTRAY,2.51,General,https://api.openverse.org/v1/images/16869246-26c8-480c-b54f-179b18c7bddb/thumb/
DCGS0004,HAYNES CAMPER SHOULDER BAG,16.98,General,https://api.openverse.org/v1/images/cb3e1d79-54b4-47d2-9678-84b342331819/thumb/
DCGS0037,KEY-RING CORKSCREW,12.72,General,https://api.openverse.org/v1/images/5df55ffa-018e-4630-a522-f2801348d245/thumb/
DCGS0041,HAYNES MINI-COOPER PLAYING CARDS,5.06,General,https://api.openverse.org/v1/images/ee25693d-43c7-4992-915e-152096f89076/thumb/
DCGS0044,HANDZ-OFF CAR FRESHENER,2.57,General,https://api.openverse.org/v1/images/64bc5fb6-c733-49d1-afa9-2199e1628c3e/thumb/
DCGS0058,MISO PRETTY  GUM,0.83,General,https://api.openverse.org/v1/images/5dab2326-a4fc-43c8-9d8e-4429f5f69769/thumb/
DCGS0062,ROAD-RAGE CAR FRESHENER,2.51,General,https://api.openverse.org/v1/images/64bc5fb6-c733-49d1-afa9-2199e1628c3e/thumb/
DCGS0066N,NAVY CUDDLES DOG HOODIE,8.65,General,
DCGS0068,DOGS NIGHT COLLAR,8.56,General,https://api.openverse.org/v1/images/7616ea3f-24d5-4436-9b7b-8cc71a32a660/thumb/
DCGS0069,OOH LA LA DOGS COLLAR,16.13,General,https://api.openverse.org/v1/images/7616ea3f-24d5-4436-9b7b-8cc71a32a660/thumb/
DCGS0070,CAMOUFLAGE DOG COLLAR,12.72,General,https://api.openverse.org/v1/images/7616ea3f-24d5-4436-9b7b-8cc71a32a660/thumb/
DCGS0072,CAT CAMOUFLAGUE COLLAR,5.17,General,https://api.openverse.org/v1/images/7616ea3f-24d5-4436-9b7b-8cc71a32a660/thumb/
DCGS0075,CAMOUFLAGUE DOG LEAD,12.72,General,
DCGS0076,SUNJAR LED NIGHT NIGHT LIGHT,16.13,General,
DCGSSBOY,BOYS PARTY BAG,3.29,General,https://api.openverse.org/v1/images/cb3e1d79-54b4-47d2-9678-84b342331819/thumb/
DCGSSGIRL,GIRLS PARTY BAG,3.29,General,https://api.openverse.org/v1/images/cb3e1d79-54b4-47d2-9678-84b342331819/thumb/
SP1002,KID'S CHALKBOARD/EASEL,2.95,General,https://api.openverse.org/v1/images/898db304-aff9-48c6-8824-3b90ae048ed8/thumb/
