image_url,title,creator,creator_url,license,license_url,source_url
https://api.openverse.org/v1/images/56880944-a2c7-46d5-b45a-a9f91d3167bc/thumb/,5pcs pastel goblet set 01,chawan-ya.com,https://www.flickr.com/photos/29819592@N04,by 2.0,https://creativecommons.org/licenses/by/2.0/,https://www.flickr.com/photos/29819592@N04/3410467750
https://api.openverse.org/v1/images/674f9695-2333-4b44-a946-ecdab31283f9/thumb/,SXSW Interactive 2015 Back Cover Ad – “Set Yourself Apart”,Jeffrey,https://www.flickr.com/photos/48889052497@N01,by 2.0,https://creativecommons.org/licenses/by/2.0/,https://www.flickr.com/photos/48889052497@N01/16471964623
https://api.openverse.org/v1/images/60265662-e82b-4c8f-9267-ec71254b4e2e/thumb/,Rotterdam Ahoy Europort 2011 (14),S.J. de Waard,,by-sa 3.0,https://creativecommons.org/licenses/by-sa/3.0/,https://commons.wikimedia.org/w/index.php?curid=17313755
https://api.openverse.org/v1/images/64a96680-3181-41f7-9b7a-140c8ef9fd6b/thumb/,"Charles Kingsford Smith on arrival at Croydon, England, with some of the fifty thousand letters of the first Christmas airmail from Australia to England, c 1931",Queensland State Archives,https://www.flickr.com/photos/60455048@N02,pdm 1.0,https://creativecommons.org/publicdomain/mark/1.0/,https://www.flickr.com/photos/60455048@N02/31676564481
https://api.openverse.org/v1/images/6e35d837-0ebb-4167-9c8a-97aa378bd99e/thumb/,Wallace Sharpe. WW1 Photograph Album,Kiama.Library,https://www.flickr.com/photos/25022128@N03,by 2.0,https://creativecommons.org/licenses/by/2.0/,https://www.flickr.com/photos/25022128@N03/14173890795
https://api.openverse.org/v1/images/93ac7dfc-e4a5-45ba-b29a-71ee3be708e0/thumb/,alphabete p0,pilllpat (agence eureka),https://www.flickr.com/photos/30533017@N00,by-sa 2.0,https://creativecommons.org/licenses/by-sa/2.0/,https://www.flickr.com/photos/30533017@N00/30817724065
https://api.openverse.org/v1/images/516f5d39-fd01-4d21-a366-b3608ae5e802/thumb/,Webb Telescope Interviews with Amber Straughn,NASA Goddard Photo and Video,https://www.flickr.com/photos/24662369@N07,by 2.0,https://creativecommons.org/licenses/by/2.0/,https://www.flickr.com/photos/24662369@N07/5059353395
https://api.openverse.org/v1/images/17fe51e8-52ed-422a-a28b-0fd9489bbd1c/thumb/,Amethyst between Computers,mscaprikell,https://www.flickr.com/photos/49503060852@N01,by-sa 2.0,https://creativecommons.org/licenses/by-sa/2.0/,https://www.flickr.com/photos/49503060852@N01/2213184799
https://api.openverse.org/v1/images/4ecc7ae2-d8b7-4f08-b6ae-0e6c1eb67a55/thumb/,angel,VV Nincic,https://www.flickr.com/photos/133904091@N04,by 2.0,https://creativecommons.org/licenses/by/2.0/,https://www.flickr.com/photos/133904091@N04/28181547882
https://api.openverse.org/v1/images/02e00a12-c1d2-4e99-b076-85d304faf263/thumb/,Emily M - Anime Photoshoot Part 1,Running Production,https://www.flickr.com/photos/9608822@N07,by 2.0,https://creativecommons.org/licenses/by/2.0/,https://www.flickr.com/photos/9608822@N07/30017648021
https://api.openverse.org/v1/images/da955844-95d6-45a6-be0f-83a894d4becd/thumb/,Aperitif bar_02,Hotel Zora Primosten,https://www.flickr.com/photos/71733210@N08,by-sa 2.0,https://creativecommons.org/licenses/by-sa/2.0/,https://www.flickr.com/photos/71733210@N08/14639020310
https://api.openverse.org/v1/images/abe939b0-9741-4d30-b63e-19b08b3baf71/thumb/,Apples,Carriagehouse2011,https://www.flickr.com/photos/87866532@N04,by 2.0,https://creativecommons.org/licenses/by/2.0/,https://www.flickr.com/photos/87866532@N04/8074168006
https://api.openverse.org/v1/images/c6658085-7d85-432e-900b-1093e7336428/thumb/,Apron,Howard Holley Photography,https://www.flickr.com/photos/61446825@N03,by 2.0,https://creativecommons.org/licenses/by/2.0/,https://www.flickr.com/photos/61446825@N03/9510026839
https://api.openverse.org/v1/images/b6fa3af9-dbfc-4423-95d2-542d4734c1ec/thumb/,world map in Arabic,mikel_maron,https://www.flickr.com/photos/15662856@N00,by 2.0,https://creativecommons.org/licenses/by/2.0/,https://www.flickr.com/photos/15662856@N00/3680459923
https://api.openverse.org/v1/images/0c63e80a-8a7b-4582-8112-8ab272fa02a0/thumb/,Green and yellow Japanese Maple leaves in Winkworth Arboretum,Leimenide,https://www.flickr.com/photos/24350382@N07,by 2.0,https://creativecommons.org/licenses/by/2.0/,https://www.flickr.com/photos/24350382@N07/15798895702
https://api.openverse.org/v1/images/f5ab3e3e-0c85-49d4-9a73-a044a9ff7096/thumb/,Graffiti Art,Bytemarks,https://www.flickr.com/photos/36521985736@N01,by 2.0,https://creativecommons.org/licenses/by/2.0/,https://www.flickr.com/photos/36521985736@N01/4258973012
https://api.openverse.org/v1/images/725fbf94-be71-489e-826f-7e04477723be/thumb/,Artificial Christmas trees,http://www.christmasmarine.com/,https://www.flickr.com/photos/55492015@N04,by 2.0,https://creativecommons.org/licenses/by/2.0/,https://www.flickr.com/photos/55492015@N04/6734422335
https://api.openverse.org/v1/images/41341092-947e-4675-941f-7c28082ec07e/thumb/,graffiti artist,zoetnet,https://www.flickr.com/photos/13286453@N00,by 2.0,https://creativecommons.org/licenses/by/2.0/,https://www.flickr.com/photos/13286453@N00/6294410899
https://api.openverse.org/v1/images/16869246-26c8-480c-b54f-179b18c7bddb/thumb/,"Nonplussed Man With Large Lithograph of Castle Behind Him, a Large Phone, 2 Desk Pens, and a Huge Ashtray with Cigar > Late 70s Public Relations, Pittsburgh, PA",danxoneil,https://www.flickr.com/photos/36521980095@N01,by 2.0,https://creativecommons.org/licenses/by/2.0/,https://www.flickr.com/photos/36521980095@N01/6037175371
https://api.openverse.org/v1/images/e5d9e3c3-121d-4aed-a080-01dc007f74b3/thumb/,Green Tea Rolled Cakes - Assorted Desserts - Azuma Chifley AUD20 - by Julia,avlxyz,https://www.flickr.com/photos/10559879@N00,by-sa 2.0,https://creativecommons.org/licenses/by-sa/2.0/,https://www.flickr.com/photos/10559879@N00/3899679365
https://api.openverse.org/v1/images/3f8abe21-618d-4850-83ff-8112a5c5d91a/thumb/,"Thomas J. Anderson, Asst. Adjutant General, U. S. Volunteers",jajacks62,https://www.flickr.com/photos/9167196@N07,by-nd 2.0,https://creativecommons.org/licenses/by-nd/2.0/,https://www.flickr.com/photos/9167196@N07/763787127
https://api.openverse.org/v1/images/09428e73-eeb8-45e3-9b5b-4abef2e2582c/thumb/,Asstd. paraphernalia in the Arab part of the 'serai' restaurant,shankar s.,https://www.flickr.com/photos/77742560@N06,by 2.0,https://creativecommons.org/licenses/by/2.0/,https://www.flickr.com/photos/77742560@N06/36672491960
https://api.openverse.org/v1/images/e1bed587-ee31-4508-b01e-bb3b1cca4d35/thumb/,Babushka,Ktoine,https://www.flickr.com/photos/49170045@N07,by-sa 2.0,https://creativecommons.org/licenses/by-sa/2.0/,https://www.flickr.com/photos/49170045@N07/8261568588
https://api.openverse.org/v1/images/fe501190-e34f-4c92-b3be-2041621aed52/thumb/,babies,karen H. nickname.{ pooh},https://www.flickr.com/photos/47409110@N07,by 2.0,https://creativecommons.org/licenses/by/2.0/,https://www.flickr.com/photos/47409110@N07/4407737408
https://api.openverse.org/v1/images/727d1de8-37dd-46c0-b4d8-688d22ebc454/thumb/,Spreading Massage Oil on Lower Back,elements_of_this_world,https://www.flickr.com/photos/135717563@N05,by 2.0,https://creativecommons.org/licenses/by/2.0/,https://www.flickr.com/photos/135717563@N05/29275645188
https://api.openverse.org/v1/images/7c3fbfef-f7ac-4fbb-bcd6-8dd2b0808c20/thumb/,Backpack,CollegeDegrees360,https://www.flickr.com/photos/83633410@N07,by-sa 2.0,https://creativecommons.org/licenses/by-sa/2.0/,https://www.flickr.com/photos/83633410@N07/7658317110
https://api.openverse.org/v1/images/d288de7f-321a-43d6-93ed-8dbeeebf25bc/thumb/,School Badges,psd,https://www.flickr.com/photos/45581782@N00,by 2.0,https://creativecommons.org/licenses/by/2.0/,https://www.flickr.com/photos/45581782@N00/6373046
https://api.openverse.org/v1/images/cb3e1d79-54b4-47d2-9678-84b342331819/thumb/,What's in my bag (second edition),MatthieuGD,https://www.flickr.com/photos/77921893@N00,by 2.0,https://creativecommons.org/licenses/by/2.0/,https://www.flickr.com/photos/77921893@N00/22849233280
https://api.openverse.org/v1/images/e327fc6a-b810-48de-95e1-118ce2f1494b/thumb/,"Cappuccinos and coffee cake, baked in capp cups",insidious_plots,https://www.flickr.com/photos/70928775@N00,by 2.0,https://creativecommons.org/licenses/by/2.0/,https://www.flickr.com/photos/70928775@N00/4561130216
https://api.openverse.org/v1/images/971070ab-c6c2-40a3-89d2-1103bb39a07f/thumb/,The Very Worst Stress-Ball(s) Ever,Zak Greant,https://www.flickr.com/photos/91083986@N00,by 2.0,https://creativecommons.org/licenses/by/2.0/,https://www.flickr.com/photos/91083986@N00/1302599251
https://api.openverse.org/v1/images/6a18d6fd-0157-4a7b-a856-f0a49cecf8a7/thumb/,NASA Launches Back-to-Back Scientific Balloons,NASA Goddard Photo and Video,https://www.flickr.com/photos/24662369@N07,by 2.0,https://creativecommons.org/licenses/by/2.0/,https://www.flickr.com/photos/24662369@N07/29995784105
https://api.openverse.org/v1/images/0827d42d-4f77-4b74-b645-8ab0dc06f816/thumb/,bamboo perspective,musumemiyuki,https://www.flickr.com/photos/34179009@N07,by-sa 2.0,https://creativecommons.org/licenses/by-sa/2.0/,https://www.flickr.com/photos/34179009@N07/3384986548
https://api.openverse.org/v1/images/57fc17a9-c7ec-4b68-914d-743a736ce6d8/thumb/,KISS Band Member Cupcakes,clevercupcakes,https://www.flickr.com/photos/12803689@N02,by 2.0,https://creativecommons.org/licenses/by/2.0/,https://www.flickr.com/photos/12803689@N02/3849777233
https://api.openverse.org/v1/images/e8ef1a1a-f09a-487f-98a1-49363b88f0b5/thumb/,Colorful Bangles,siddhu2020,https://www.flickr.com/photos/38033723@N00,by 2.0,https://creativecommons.org/licenses/by/2.0/,https://www.flickr.com/photos/38033723@N00/3133852152
https://api.openverse.org/v1/images/0ec9d4f0-ee00-435a-9f52-246890937f89/thumb/,Stethoscope and piggy Bank,401(K) 2013,https://www.flickr.com/photos/68751915@N05,by-sa 2.0,https://creativecommons.org/licenses/by-sa/2.0/,https://www.flickr.com/photos/68751915@N05/6793819699
https://api.openverse.org/v1/images/9839a5a3-87b0-4c04-a4c6-746aae21c51f/thumb/,"The image of roses in Mexican Baroque, Queretaro",Dimitry B,https://www.flickr.com/photos/61533954@N00,by 2.0,https://creativecommons.org/licenses/by/2.0/,https://www.flickr.com/photos/61533954@N00/7358825662
https://api.openverse.org/v1/images/483d36fc-bf12-4e09-98f5-f96ff4aaeadf/thumb/,Wine Barrel,brewrat,https://www.flickr.com/photos/46213953@N00,by 2.0,https://creativecommons.org/licenses/by/2.0/,https://www.flickr.com/photos/46213953@N00/10737241
https://api.openverse.org/v1/images/42468e1f-4f06-44cb-a6ac-97d7a864b4fe/thumb/,Think Tank Base,pasukaru76,https://www.flickr.com/photos/38451115@N04,cc0 1.0,https://creativecommons.org/publicdomain/zero/1.0/,https://www.flickr.com/photos/38451115@N04/16343538354
https://api.openverse.org/v1/images/5f84a42c-54dd-434d-bf80-0534c9221197/thumb/,basil chicken dumpling,stu_spivack,https://www.flickr.com/photos/35034346243@N01,by-sa 2.0,https://creativecommons.org/licenses/by-sa/2.0/,https://www.flickr.com/photos/35034346243@N01/134506201
https://api.openverse.org/v1/images/1c9cf563-23ab-478a-9b23-5cf0b99fcae7/thumb/,Badwater Basin,odonata98 (Kimberly Reinhart),https://www.flickr.com/photos/29820142@N08,by-nd 2.0,https://creativecommons.org/licenses/by-nd/2.0/,https://www.flickr.com/photos/29820142@N08/4556338093
https://api.openverse.org/v1/images/af89ea03-416d-4169-bac7-ba0837176dcc/thumb/,Wheelie shopping basket,Lars Plougmann,https://www.flickr.com/photos/75062596@N00,by-sa 2.0,https://creativecommons.org/licenses/by-sa/2.0/,https://www.flickr.com/photos/75062596@N00/162478786
https://api.openverse.org/v1/images/2d8ce9b3-181a-4944-a427-6b97ba35ba38/thumb/,Bath,Michael Gwyther-Jones,https://www.flickr.com/photos/12587661@N06,by 2.0,https://creativecommons.org/licenses/by/2.0/,https://www.flickr.com/photos/12587661@N06/10040362475
https://api.openverse.org/v1/images/6bb3889a-af32-4c5d-b7c5-afca88663df2/thumb/,Week 2 - Bathroom Cleaning Looms Over Me,KimCarpenter NJ,https://www.flickr.com/photos/41705940@N03,by 2.0,https://creativecommons.org/licenses/by/2.0/,https://www.flickr.com/photos/41705940@N03/5360420829
https://api.openverse.org/v1/images/34c4d1eb-4502-4372-bf12-be02d55b974f/thumb/,Bauble,Howard J Duncan,https://www.flickr.com/photos/28045633@N00,by 2.0,https://creativecommons.org/licenses/by/2.0/,https://www.flickr.com/photos/28045633@N00/52543261933
https://api.openverse.org/v1/images/5e92e7c7-6b57-42c8-82dc-41feebe4cd00/thumb/,Bea headshot,Bea Serendipity / Ghee,https://www.flickr.com/photos/48615292@N04,by 2.0,https://creativecommons.org/licenses/by/2.0/,https://www.flickr.com/photos/48615292@N04/7549590668
https://api.openverse.org/v1/images/83c1260a-40d3-45ce-9d4f-75d148f83b1d/thumb/,Beach São Miguel do Gostoso,grungepunk2010,https://www.flickr.com/photos/47340307@N05,by-sa 2.0,https://creativecommons.org/licenses/by-sa/2.0/,https://www.flickr.com/photos/47340307@N05/14026922186
https://api.openverse.org/v1/images/7eabdd52-92e2-4e83-bc31-103cfb50608d/thumb/,Huichol beaded reptile,wallygrom,https://www.flickr.com/photos/33037982@N04,by-sa 2.0,https://creativecommons.org/licenses/by-sa/2.0/,https://www.flickr.com/photos/33037982@N04/5434381105
https://api.openverse.org/v1/images/f3e96848-2873-4a4b-9fe5-356e832254a0/thumb/,Cetacea range map White-beaked Dolphin,,,by-sa 3.0,https://creativecommons.org/licenses/by-sa/3.0/,https://commons.wikimedia.org/w/index.php?curid=211398
https://api.openverse.org/v1/images/80fe1b58-6844-489e-8ee8-d538318dd5e5/thumb/,Beaker,andydarby,https://www.flickr.com/photos/97634575@N00,pdm 1.0,https://creativecommons.org/publicdomain/mark/1.0/,https://www.flickr.com/photos/97634575@N00/1279289665
https://api.openverse.org/v1/images/0804295a-5526-4a49-b05d-599106ade818/thumb/,Bear,Kylie Kae,https://www.flickr.com/photos/59614145@N06,by 2.0,https://creativecommons.org/licenses/by/2.0/,https://www.flickr.com/photos/59614145@N06/5451604740
https://api.openverse.org/v1/images/6f4b1c60-a05a-47a1-8e6c-339d3474c9b1/thumb/,Beauty,be creator,https://www.flickr.com/photos/119678691@N02,by 2.0,https://creativecommons.org/licenses/by/2.0/,https://www.flickr.com/photos/119678691@N02/14610637320
https://api.openverse.org/v1/images/cd999752-d39f-4942-b425-85a91f9220e8/thumb/,Bed 03,//No more,https://www.flickr.com/photos/22034326@N08,by 2.0,https://creativecommons.org/licenses/by/2.0/,https://www.flickr.com/photos/22034326@N08/3438675399
https://api.openverse.org/v1/images/1d9f29c7-75a6-4e68-aaf8-a95ffa3bbe28/thumb/,BC - Cabin 8 Bedroom,vastateparksstaff,https://www.flickr.com/photos/37922399@N05,by 2.0,https://creativecommons.org/licenses/by/2.0/,https://www.flickr.com/photos/37922399@N05/5857856692
https://api.openverse.org/v1/images/703c89ca-b9ea-4fa8-a549-31c97f49325b/thumb/,furry Lady beetle from W-Java,gbohne,https://www.flickr.com/photos/51216897@N07,by-sa 2.0,https://creativecommons.org/licenses/by-sa/2.0/,https://www.flickr.com/photos/51216897@N07/5219378533
https://api.openverse.org/v1/images/b1ed4d2d-f256-4dca-b12f-cc11d1fca2a5/thumb/,Maroon Bells,Dhaval Shreyas,https://www.flickr.com/photos/16910039@N05,by-sa 2.0,https://creativecommons.org/licenses/by-sa/2.0/,https://www.flickr.com/photos/16910039@N05/5041793119
https://api.openverse.org/v1/images/31059029-3875-49ef-9bce-97abcea0ff92/thumb/,girl on a bench,push 1,https://www.flickr.com/photos/66884811@N08,by 2.0,https://creativecommons.org/licenses/by/2.0/,https://www.flickr.com/photos/66884811@N08/8528993396
https://api.openverse.org/v1/images/b4669858-cf0e-449e-aef6-a26c40aece94/thumb/,baby bib,moonrat42,https://www.flickr.com/photos/99012110@N00,by-sa 2.0,https://creativecommons.org/licenses/by-sa/2.0/,https://www.flickr.com/photos/99012110@N00/2536811407
https://api.openverse.org/v1/images/9903201b-bd96-4c9a-bcbd-06533cf65b9c/thumb/,Bill social network,Arenamontanus,https://www.flickr.com/photos/87547772@N00,by 2.0,https://creativecommons.org/licenses/by/2.0/,https://www.flickr.com/photos/87547772@N00/269158554
https://api.openverse.org/v1/images/f93fce2b-cf12-4103-ba81-77143148e088/thumb/,No sleeping in the communal rubbish bin...,Dominic's pics,https://www.flickr.com/photos/64097751@N00,by 2.0,https://creativecommons.org/licenses/by/2.0/,https://www.flickr.com/photos/64097751@N00/9249275525
https://api.openverse.org/v1/images/ccbc9bfb-62ef-4a24-9a2a-c94f359f064f/thumb/,Disability Reporting Bingo,Liz Henry,https://www.flickr.com/photos/74453626@N00,by-nd 2.0,https://creativecommons.org/licenses/by-nd/2.0/,https://www.flickr.com/photos/74453626@N00/6768510639
https://api.openverse.org/v1/images/c4d08a5b-c8a4-4b40-92f2-7fe03892dcbd/thumb/,Birds,Phil Fiddyment,https://www.flickr.com/photos/124868421@N06,by 2.0,https://creativecommons.org/licenses/by/2.0/,https://www.flickr.com/photos/124868421@N06/27461365214
https://api.openverse.org/v1/images/4e329769-119b-4d47-92ef-490b3b4f7048/thumb/,Yet another birdfeeder photo,donjd2,https://www.flickr.com/photos/28156071@N00,by 2.0,https://creativecommons.org/licenses/by/2.0/,https://www.flickr.com/photos/28156071@N00/8111806219
https://api.openverse.org/v1/images/760d5f3c-72f0-493f-bdb6-c7504517a212/thumb/,Birdhouse,bobosh_t,https://www.flickr.com/photos/31801622@N07,by-sa 2.0,https://creativecommons.org/licenses/by-sa/2.0/,https://www.flickr.com/photos/31801622@N07/3844428691
https://api.openverse.org/v1/images/f82fe9eb-5869-4acf-b824-82514c70c4c3/thumb/,A little birdie told me: let's play Badminton!,katerha,https://www.flickr.com/photos/8489692@N03,by 2.0,https://creativecommons.org/licenses/by/2.0/,https://www.flickr.com/photos/8489692@N03/28359091504
https://api.openverse.org/v1/images/674b8c03-a316-4cfd-841e-39f5a81d8e2c/thumb/,Belly Button Biscuits,yasamaster,https://www.flickr.com/photos/62620202@N04,by-sa 2.0,https://creativecommons.org/licenses/by-sa/2.0/,https://www.flickr.com/photos/62620202@N04/5698450402
https://api.openverse.org/v1/images/251016ef-014c-4ef9-9c53-35e93e23da69/thumb/,Fusspot - Cowl Neck Mini Dress Houndstooth - BlackBlue & So Cool Glasses - Art2,Tigist Sapphire,https://www.flickr.com/photos/73159597@N03,by-sa 2.0,https://creativecommons.org/licenses/by-sa/2.0/,https://www.flickr.com/photos/73159597@N03/15870711449
https://api.openverse.org/v1/images/e11fbd8f-5c1a-4e18-9d38-7870bfd7007a/thumb/,Blackboard Menu - Solarino,avlxyz,https://www.flickr.com/photos/10559879@N00,by-sa 2.0,https://creativecommons.org/licenses/by-sa/2.0/,https://www.flickr.com/photos/10559879@N00/3241990361
https://api.openverse.org/v1/images/4a810105-264b-4849-8b10-5128d985523a/thumb/,Homemade Blanket,andymudrak,https://www.flickr.com/photos/66477724@N03,by 2.0,https://creativecommons.org/licenses/by/2.0/,https://www.flickr.com/photos/66477724@N03/49820901073
https://api.openverse.org/v1/images/88e5861e-1fa9-4df5-a31a-7bd1959dcb1b/thumb/,Blizzard 2010 Cleanup,DVIDSHUB,https://www.flickr.com/photos/28650594@N03,by 2.0,https://creativecommons.org/licenses/by/2.0/,https://www.flickr.com/photos/28650594@N03/4347135584
https://api.openverse.org/v1/images/1788672a-a60e-44cf-91b9-2cf1be3d9d14/thumb/,Minecraft TNT Block,Marco Hazard,https://www.flickr.com/photos/42405591@N02,by-sa 2.0,https://creativecommons.org/licenses/by-sa/2.0/,https://www.flickr.com/photos/42405591@N02/6335222352
https://api.openverse.org/v1/images/3c08c027-a4fb-45f3-95f1-1fc24994f0e5/thumb/,Cherry blossoms,Monkeystyle3000,https://www.flickr.com/photos/132295270@N07,by 2.0,https://creativecommons.org/licenses/by/2.0/,https://www.flickr.com/photos/132295270@N07/39797600745
https://api.openverse.org/v1/images/4c85ae3b-6600-421f-a7f4-b4906f8a84a9/thumb/,Film director Borhan Khan with his Bike Yamaha YZF R15 V3 at Radisson Blu,farihajanam,https://www.flickr.com/photos/167028968@N03,by-sa 2.0,https://creativecommons.org/licenses/by-sa/2.0/,https://www.flickr.com/photos/167028968@N03/48616507167
https://api.openverse.org/v1/images/385ba629-aacd-4299-a8a5-0249d530173e/thumb/,Blueberry Plant,cagrimmett,https://www.flickr.com/photos/7723128@N04,by-sa 2.0,https://creativecommons.org/licenses/by-sa/2.0/,https://www.flickr.com/photos/7723128@N04/451409717
https://api.openverse.org/v1/images/2d1fd16e-8da4-4ab3-a21c-bfb27d2aa3de/thumb/,OSI Board 2010-11,webmink,https://www.flickr.com/photos/44124431847@N01,by-nd 2.0,https://creativecommons.org/licenses/by-nd/2.0/,https://www.flickr.com/photos/44124431847@N01/5524837215
https://api.openverse.org/v1/images/aa35df70-a14c-4e30-9bec-024317cebc26/thumb/,Bubble bobble,trondn,https://www.flickr.com/photos/37199861@N06,by 2.0,https://creativecommons.org/licenses/by/2.0/,https://www.flickr.com/photos/37199861@N06/3822861873
https://api.openverse.org/v1/images/af4cbee4-f59c-473d-b96e-b94e33c3bd35/thumb/,Car squashed by a wingèd bomb,Ed.ward,https://www.flickr.com/photos/44423341@N00,by-sa 2.0,https://creativecommons.org/licenses/by-sa/2.0/,https://www.flickr.com/photos/44423341@N00/525706872
https://api.openverse.org/v1/images/83aaa1bb-ef74-4aaa-83fd-43ead767d82b/thumb/,Bone Collection,williamcho,https://www.flickr.com/photos/84493444@N00,by-sa 2.0,https://creativecommons.org/licenses/by-sa/2.0/,https://www.flickr.com/photos/84493444@N00/2786883236
https://api.openverse.org/v1/images/ad5f3658-0e4e-42e0-824b-91006df776d4/thumb/,Rosa Bonheur cafe,austinevan,https://www.flickr.com/photos/19762676@N00,by 2.0,https://creativecommons.org/licenses/by/2.0/,https://www.flickr.com/photos/19762676@N00/3236892217
https://api.openverse.org/v1/images/26966751-3191-41d5-b8f8-593822219640/thumb/,Dinosaur books!,solarisgirl,https://www.flickr.com/photos/7252160@N04,by-sa 2.0,https://creativecommons.org/licenses/by-sa/2.0/,https://www.flickr.com/photos/7252160@N04/45581470721
https://api.openverse.org/v1/images/b18afb0e-adaf-42f3-ae54-3fc2099ba3c6/thumb/,Army boots,liftarn,https://www.flickr.com/photos/8543480@N06,by-sa 2.0,https://creativecommons.org/licenses/by-sa/2.0/,https://www.flickr.com/photos/8543480@N06/1447521121
https://api.openverse.org/v1/images/6ec63ef0-d09a-4044-8a62-246a1c6f58b4/thumb/,Yes - Plastic bottles,Montgomery Cty Division of Solid Waste Services,https://www.flickr.com/photos/24222570@N05,by 2.0,https://creativecommons.org/licenses/by/2.0/,https://www.flickr.com/photos/24222570@N05/2735667602
https://api.openverse.org/v1/images/2b435e88-1640-4eeb-9935-1f5cccbd5830/thumb/,Boudoir,thestylespy,https://www.flickr.com/photos/8731547@N07,by 2.0,https://creativecommons.org/licenses/by/2.0/,https://www.flickr.com/photos/8731547@N07/3741153211
https://api.openverse.org/v1/images/06b1d6b3-21f1-4951-bab2-5c80966310af/thumb/,birthday bouquet,Muffet,https://www.flickr.com/photos/53133240@N00,by 2.0,https://creativecommons.org/licenses/by/2.0/,https://www.flickr.com/photos/53133240@N00/8543342510
https://api.openverse.org/v1/images/6436da59-af0c-4797-adbd-a5076ea17978/thumb/,DIY Bow,Stacie Stacie Stacie,https://www.flickr.com/photos/35754040@N04,by-sa 2.0,https://creativecommons.org/licenses/by-sa/2.0/,https://www.flickr.com/photos/35754040@N04/6463745519
https://api.openverse.org/v1/images/dcf29c13-b3ea-4a75-91c9-6c5892fc52c7/thumb/,North Korea - Bowling,Roman Harak,https://www.flickr.com/photos/51812388@N02,by-sa 2.0,https://creativecommons.org/licenses/by-sa/2.0/,https://www.flickr.com/photos/51812388@N02/5015250957
https://api.openverse.org/v1/images/1190a5b6-5e15-4eb7-a0c8-ec57704d85aa/thumb/,Boxes 1,Skrewtape,https://www.flickr.com/photos/75243940@N00,by-sa 2.0,https://creativecommons.org/licenses/by-sa/2.0/,https://www.flickr.com/photos/75243940@N00/851672959
https://api.openverse.org/v1/images/ccece5b9-0cba-4d56-9eb5-5df60468b16c/thumb/,Boys,therichbrooks,https://www.flickr.com/photos/27675896@N07,by 2.0,https://creativecommons.org/licenses/by/2.0/,https://www.flickr.com/photos/27675896@N07/4040158324
https://api.openverse.org/v1/images/3071146c-0c2c-4b0e-bf20-1bdcd5a4fd18/thumb/,Halloween bracelet,lindz graham,https://www.flickr.com/photos/12532562@N04,by 2.0,https://creativecommons.org/licenses/by/2.0/,https://www.flickr.com/photos/12532562@N04/6222751437
https://api.openverse.org/v1/images/8eb5b8fc-5d12-4c88-9f0f-e79877d8bd50/thumb/,The Charm Braclet,spratmackrel,https://www.flickr.com/photos/30591976@N05,by-sa 2.0,https://creativecommons.org/licenses/by-sa/2.0/,https://www.flickr.com/photos/30591976@N05/4653020619
https://api.openverse.org/v1/images/60899f38-baa1-4506-97d2-a1f55823866f/thumb/,spring break 015,farrenhalcovich,https://www.flickr.com/photos/30561807@N00,by-nd 2.0,https://creativecommons.org/licenses/by-nd/2.0/,https://www.flickr.com/photos/30561807@N00/441646415
https://api.openverse.org/v1/images/5ac56238-dca7-4dda-94df-169a60267dab/thumb/,"West Garfield Street Bridge, 1929",Seattle Municipal Archives,https://www.flickr.com/photos/24256351@N04,by 2.0,https://creativecommons.org/licenses/by/2.0/,https://www.flickr.com/photos/24256351@N04/4257832624
https://api.openverse.org/v1/images/1c4873bb-816a-47dc-98a1-47fc5f8028e0/thumb/,Tonton la brocante,Tonton Jaja,https://www.flickr.com/photos/39044728@N06,by-sa 2.0,https://creativecommons.org/licenses/by-sa/2.0/,https://www.flickr.com/photos/39044728@N06/17630639085
https://api.openverse.org/v1/images/9ba2f981-0fe3-401c-a202-741f85b87d4f/thumb/,"Cat Stare, in Bronze",cobalt123,https://www.flickr.com/photos/66606673@N00,by-sa 2.0,https://creativecommons.org/licenses/by-sa/2.0/,https://www.flickr.com/photos/66606673@N00/403173259
https://api.openverse.org/v1/images/7082bbc0-dbe1-4287-8b88-4f36df256af3/thumb/,Temperley-Inspired Cake and DIY Brooch Cake,sweetfacecakes,https://www.flickr.com/photos/43502217@N02,by 2.0,https://creativecommons.org/licenses/by/2.0/,https://www.flickr.com/photos/43502217@N02/6191529021
https://api.openverse.org/v1/images/36081fd8-09f4-4f30-9bd7-20e48e3c1280/thumb/,Chris Brown,Eva Rinaldi Celebrity Photographer,https://www.flickr.com/photos/58820009@N05,by-sa 2.0,https://creativecommons.org/licenses/by-sa/2.0/,https://www.flickr.com/photos/58820009@N05/7082350521
https://api.openverse.org/v1/images/375720dc-c31f-4bd8-bb1c-ce7cbbfae838/thumb/,Wire Brush - E X P L O R E D,Clint__Budd,https://www.flickr.com/photos/58827557@N06,by 2.0,https://creativecommons.org/licenses/by/2.0/,https://www.flickr.com/photos/58827557@N06/49607583718
https://api.openverse.org/v1/images/02150a10-f525-4d43-8db9-0f7d77686469/thumb/,Bubbles,blondinrikard,https://www.flickr.com/photos/44093058@N06,by 2.0,https://creativecommons.org/licenses/by/2.0/,https://www.flickr.com/photos/44093058@N06/14501025493
https://api.openverse.org/v1/images/7daa25e3-fbf5-4312-b8eb-513991b729e2/thumb/,Empty Bucket at Punta Del Este,longhorndave,https://www.flickr.com/photos/99255685@N00,by 2.0,https://creativecommons.org/licenses/by/2.0/,https://www.flickr.com/photos/99255685@N00/2063575447
https://api.openverse.org/v1/images/32a79124-e10c-453c-80ec-c292bc28d3ee/thumb/,Cockatiel vs English Budgie,PuppiesAreProzac,https://www.flickr.com/photos/35597202@N02,by-sa 2.0,https://creativecommons.org/licenses/by-sa/2.0/,https://www.flickr.com/photos/35597202@N02/4424721413
https://api.openverse.org/v1/images/54004df7-8ba4-459e-a00e-ee64de32feed/thumb/,Light bulb,NikonFilm35,https://www.flickr.com/photos/43617336@N07,by-nd 2.0,https://creativecommons.org/licenses/by-nd/2.0/,https://www.flickr.com/photos/43617336@N07/4209619566
https://api.openverse.org/v1/images/874159dc-219d-4c09-8f30-f4075070f063/thumb/,Bunny!,Neil T,https://www.flickr.com/photos/41894148532@N01,by-sa 2.0,https://creativecommons.org/licenses/by-sa/2.0/,https://www.flickr.com/photos/41894148532@N01/14541561901
https://api.openverse.org/v1/images/1a953731-c4da-4d60-8b00-df1c28a9ca24/thumb/,Colored Trees / Bunte Bäume,bernhard.friess,https://www.flickr.com/photos/77031060@N08,by-nd 2.0,https://creativecommons.org/licenses/by-nd/2.0/,https://www.flickr.com/photos/77031060@N08/16251653004
https://api.openverse.org/v1/images/c81543ff-2ae3-4f67-a99a-c75ff4b6b675/thumb/,Riding the Burner Board at Dare2bDigital,jurvetson,https://www.flickr.com/photos/44124348109@N01,by 2.0,https://creativecommons.org/licenses/by/2.0/,https://www.flickr.com/photos/44124348109@N01/16497542059
https://api.openverse.org/v1/images/87ea3730-fc29-47ae-95cb-426cbbb9c69f/thumb/,Are those butterfiles was your powers?,zephythor,https://www.flickr.com/photos/56650987@N08,by 2.0,https://creativecommons.org/licenses/by/2.0/,https://www.flickr.com/photos/56650987@N08/15087601686
https://api.openverse.org/v1/images/1b432048-3906-48cd-8160-ccd656c25b6a/thumb/,butterfl-eyed,istolethetv,https://www.flickr.com/photos/44124401641@N01,by 2.0,https://creativecommons.org/licenses/by/2.0/,https://www.flickr.com/photos/44124401641@N01/5174364577
https://api.openverse.org/v1/images/edc6d028-8bf4-4f0b-b590-dcaace881890/thumb/,butterfly 3,Vicky Brock,https://www.flickr.com/photos/43881438@N00,by-sa 2.0,https://creativecommons.org/licenses/by-sa/2.0/,https://www.flickr.com/photos/43881438@N00/1313486913
https://api.openverse.org/v1/images/29ce4a76-f7e4-43cb-aaeb-d07c695ae167/thumb/,toronto subway buttons ~ downtown,striatic,https://www.flickr.com/photos/34427466731@N01,by 2.0,https://creativecommons.org/licenses/by/2.0/,https://www.flickr.com/photos/34427466731@N01/4502790
https://api.openverse.org/v1/images/f4f13708-64ca-4b70-b384-0e3d34fd567f/thumb/,The Prime Minister Liz Truss chairs her first Cabinet,UK Prime Minister,https://www.flickr.com/photos/49707497@N06,by 2.0,https://creativecommons.org/licenses/by/2.0/,https://www.flickr.com/photos/49707497@N06/52340173237
https://api.openverse.org/v1/images/9f670ede-b532-4ddf-a212-3e49afb85b66/thumb/,Cacti Choirmaster,Tony Fischer Photography,https://www.flickr.com/photos/22714323@N06,by 2.0,https://creativecommons.org/licenses/by/2.0/,https://www.flickr.com/photos/22714323@N06/4827948646
https://api.openverse.org/v1/images/fe97aeaa-f482-4a64-b53a-492e9b3ea061/thumb/,CD Caddy for NeXT CD-ROM drive,gctwnl,https://www.flickr.com/photos/45480083@N03,by-sa 2.0,https://creativecommons.org/licenses/by-sa/2.0/,https://www.flickr.com/photos/45480083@N03/4226546245
https://api.openverse.org/v1/images/28712310-21cc-4b49-a453-55140af07089/thumb/,2008 Cadet Choice Award,West Point - The U.S. Military Academy,https://www.flickr.com/photos/25333247@N02,by 2.0,https://creativecommons.org/licenses/by/2.0/,https://www.flickr.com/photos/25333247@N02/3594452193
https://api.openverse.org/v1/images/846266ae-d290-4d3f-a88a-3fd33dc0ac88/thumb/,cafe,pavlovskyy,https://www.flickr.com/photos/46259823@N02,by 2.0,https://creativecommons.org/licenses/by/2.0/,https://www.flickr.com/photos/46259823@N02/4248712339
https://api.openverse.org/v1/images/1c1fe3c1-6113-4c43-88ae-74e0c149fc7c/thumb/,Girl in Cage by Tucia,Tucia,https://www.flickr.com/photos/38861831@N07,by 2.0,https://creativecommons.org/licenses/by/2.0/,https://www.flickr.com/photos/38861831@N07/3906059508
https://api.openverse.org/v1/images/e3f04f4d-9346-44e6-80a8-f160171979a3/thumb/,Lemon Cake,Tracy Hunter,https://www.flickr.com/photos/11121785@N00,by 2.0,https://creativecommons.org/licenses/by/2.0/,https://www.flickr.com/photos/11121785@N00/110294236
https://api.openverse.org/v1/images/60eb32c0-6342-4e6f-bc94-d605df49b89c/thumb/,Tax Return and Calculator,401(K) 2013,https://www.flickr.com/photos/68751915@N05,by-sa 2.0,https://creativecommons.org/licenses/by-sa/2.0/,https://www.flickr.com/photos/68751915@N05/6757831463
https://api.openverse.org/v1/images/f0794aea-2daa-40eb-87f7-b26de591e4b3/thumb/,Calendar,Tony in WA,https://www.flickr.com/photos/32146215@N06,by-sa 2.0,https://creativecommons.org/licenses/by-sa/2.0/,https://www.flickr.com/photos/32146215@N06/3215151141
https://api.openverse.org/v1/images/561d3392-fc1f-4093-894d-b41287d9fa5e/thumb/,Calm,kevin dooley,https://www.flickr.com/photos/12836528@N00,by 2.0,https://creativecommons.org/licenses/by/2.0/,https://www.flickr.com/photos/12836528@N00/20814897425
https://api.openverse.org/v1/images/b6845cbc-dde9-4d03-8649-75d15ea80b5c/thumb/,Camembert,NJGJ,,by 2.5,https://creativecommons.org/licenses/by/2.5/,https://commons.wikimedia.org/w/index.php?curid=1363259
https://api.openverse.org/v1/images/cecc0e5a-b486-47d0-8b22-fb62f5e7203c/thumb/,D66 Utrecht campagne gemeenteraadsverkiezingen 2022,Sebastiaan ter Burg,https://www.flickr.com/photos/31013861@N00,by 2.0,https://creativecommons.org/licenses/by/2.0/,https://www.flickr.com/photos/31013861@N00/51935964445
https://api.openverse.org/v1/images/13ed2519-a959-4401-9699-8f187b39b02d/thumb/,Paint cans,DBduo Photography,https://www.flickr.com/photos/61926883@N00,by-sa 2.0,https://creativecommons.org/licenses/by-sa/2.0/,https://www.flickr.com/photos/61926883@N00/3413845072
https://api.openverse.org/v1/images/3c93df0c-50c9-4e1f-894e-dc8ccb6bb57b/thumb/,carmen fiano fuerteventura gran canarie,shots of carmen fiano,https://www.flickr.com/photos/53812099@N04,cc0 1.0,https://creativecommons.org/publicdomain/zero/1.0/,https://www.flickr.com/photos/53812099@N04/36045372482
https://api.openverse.org/v1/images/a11fb712-62d0-4d78-a531-a390f17f5c68/thumb/,Gadha-cand (Hindi: गधा कंद),Dinesh Valke,https://www.flickr.com/photos/91314344@N00,by-sa 2.0,https://creativecommons.org/licenses/by-sa/2.0/,https://www.flickr.com/photos/91314344@N00/2617410965
https://api.openverse.org/v1/images/20186c55-bd4f-48da-8aaf-d606d1e4cb82/thumb/,The Candelabra Tree Panorama,Kirt Edblom,https://www.flickr.com/photos/27190564@N02,by-sa 2.0,https://creativecommons.org/licenses/by-sa/2.0/,https://www.flickr.com/photos/27190564@N02/15468382442
https://api.openverse.org/v1/images/08b80744-52cf-4b6f-98fb-c03218cfb7b2/thumb/,candle,jamingray,https://www.flickr.com/photos/75755822@N00,by-sa 2.0,https://creativecommons.org/licenses/by-sa/2.0/,https://www.flickr.com/photos/75755822@N00/421730278
https://api.openverse.org/v1/images/f4dd512b-9488-4224-9214-6e6a1a7747e6/thumb/,"Zen style - painted stone fireplace makeover with flat black slate inlayed hearth, pillows, Buddha candleholder, original art, rocking chair, Ikea curtains, Seattle, Washington, USA",Wonderlane,https://www.flickr.com/photos/71401718@N00,cc0 1.0,https://creativecommons.org/publicdomain/zero/1.0/,https://www.flickr.com/photos/71401718@N00/2090244608
https://api.openverse.org/v1/images/9b9ee82c-2704-4b7a-989b-a82adf9162fe/thumb/,#GlassLine #CandlePot sometime better to shoot long range,Hendrawillyanto,https://www.flickr.com/photos/63102147@N02,by 2.0,https://creativecommons.org/licenses/by/2.0/,https://www.flickr.com/photos/63102147@N02/8793425999
https://api.openverse.org/v1/images/558fdac8-2a86-4cf2-824d-1bda8fed09e6/thumb/,Candlestand LACMA M.2006.51.13 (1 of 2),Fæ,https://www.flickr.com/photos/50398299@N08,by 2.0,https://creativecommons.org/licenses/by/2.0/,https://www.flickr.com/photos/50398299@N08/15778084904
https://api.openverse.org/v1/images/03bbd939-550b-4492-92d3-0d9bff87f8ff/thumb/,"Candlestick Park, San Francisco 1965",Dave Glass . foto,https://www.flickr.com/photos/21274934@N00,by 2.0,https://creativecommons.org/licenses/by/2.0/,https://www.flickr.com/photos/21274934@N00/439251861
https://api.openverse.org/v1/images/999fe7c6-a3d4-4b63-9e1c-953163697e97/thumb/,Candy,Kim Siever,https://www.flickr.com/photos/57873306@N00,pdm 1.0,https://creativecommons.org/publicdomain/mark/1.0/,https://www.flickr.com/photos/57873306@N00/189701592
https://api.openverse.org/v1/images/e42174ae-3130-440e-9dc8-1cb177bcc755/thumb/,"Canada / Cannabis Day, Marijuana Party 2014 @ Art Gallery",GoToVan,https://www.flickr.com/photos/47022937@N03,by 2.0,https://creativecommons.org/licenses/by/2.0/,https://www.flickr.com/photos/47022937@N03/14576746083
https://api.openverse.org/v1/images/16b70094-70f0-4a24-a60a-b6580478dfff/thumb/,"Filthy water, crushed lager tins, nitrous cannisters, ballons, Shoreditch sewer grating, Curtain Road, Hackney, London, UK",gruntzooki,https://www.flickr.com/photos/37996580417@N01,by-sa 2.0,https://creativecommons.org/licenses/by-sa/2.0/,https://www.flickr.com/photos/37996580417@N01/15801300561
https://api.openverse.org/v1/images/f72273e9-6132-47f5-b04f-4d91820dc113/thumb/,"Quebec-7572 - Wow, what a canopy!",archer10 (Dennis),https://www.flickr.com/photos/22490717@N02,by-sa 2.0,https://creativecommons.org/licenses/by-sa/2.0/,https://www.flickr.com/photos/22490717@N02/2880063309
https://api.openverse.org/v1/images/bc1e691e-b1fd-4b81-a05d-6e788900d573/thumb/,grunge Canvas,arrowlili,https://www.flickr.com/photos/52298140@N06,by 2.0,https://creativecommons.org/licenses/by/2.0/,https://www.flickr.com/photos/52298140@N06/8657727672
https://api.openverse.org/v1/images/acb392a1-10fb-426b-ad34-fdfaaa4de43f/thumb/,Cycling Cap Pattern,Panda Face,https://www.flickr.com/photos/73174988@N00,by 2.0,https://creativecommons.org/licenses/by/2.0/,https://www.flickr.com/photos/73174988@N00/278411178
https://api.openverse.org/v1/images/0d6afa92-6678-49b0-86df-37154a083a32/thumb/,Money Car,free pictures of money,https://www.flickr.com/photos/126278138@N03,by 2.0,https://creativecommons.org/licenses/by/2.0/,https://www.flickr.com/photos/126278138@N03/16687001674
https://api.openverse.org/v1/images/ee25693d-43c7-4992-915e-152096f89076/thumb/,hardboiled business card,hartless1,https://www.flickr.com/photos/51035716156@N01,by 2.0,https://creativecommons.org/licenses/by/2.0/,https://www.flickr.com/photos/51035716156@N01/4249742119
https://api.openverse.org/v1/images/b4e88871-9e02-4201-88d3-149d129410fe/thumb/,Carnival in Rio De Janeiro,Kurisu,https://www.flickr.com/photos/13592396@N00,by-nd 2.0,https://creativecommons.org/licenses/by-nd/2.0/,https://www.flickr.com/photos/13592396@N00/97913927
https://api.openverse.org/v1/images/98db1f57-7ddd-44ee-96fe-3090c8790d85/thumb/,Colorful Carousel Ponies,Charles Patrick Ewing,https://www.flickr.com/photos/132033298@N04,by 2.0,https://creativecommons.org/licenses/by/2.0/,https://www.flickr.com/photos/132033298@N04/22350210133
https://api.openverse.org/v1/images/baecac7b-58fc-4dc9-beae-47d5287f50a8/thumb/,Carpeted Forest,keepitsurreal,https://www.flickr.com/photos/14558526@N03,by-sa 2.0,https://creativecommons.org/licenses/by-sa/2.0/,https://www.flickr.com/photos/14558526@N03/2523067827
https://api.openverse.org/v1/images/308bb910-80c8-42ee-a045-999af034dad9/thumb/,Light Carriage,radkuch.13,https://www.flickr.com/photos/137294100@N08,by 2.0,https://creativecommons.org/licenses/by/2.0/,https://www.flickr.com/photos/137294100@N08/46874380394
https://api.openverse.org/v1/images/2e7704db-b948-4602-9cad-635be31f57f7/thumb/,Tarantula Frame Carrier,pasukaru76,https://www.flickr.com/photos/38451115@N04,cc0 1.0,https://creativecommons.org/publicdomain/zero/1.0/,https://www.flickr.com/photos/38451115@N04/8359164942
https://api.openverse.org/v1/images/f7fd4eb6-e643-40ea-ab90-08ecceff9c6d/thumb/,Carrots,John-Morgan,https://www.flickr.com/photos/24742305@N00,by 2.0,https://creativecommons.org/licenses/by/2.0/,https://www.flickr.com/photos/24742305@N00/2256197976
https://api.openverse.org/v1/images/f44a6b0f-6695-4dc3-951f-358986ce431d/thumb/,Wife Carrying,shingleback,https://www.flickr.com/photos/60111063@N02,by 2.0,https://creativecommons.org/licenses/by/2.0/,https://www.flickr.com/photos/60111063@N02/8419638535
https://api.openverse.org/v1/images/65355e41-3c33-4970-856c-37b07597329e/thumb/,"FujiFilm X-E1 with Gordy's Camera Strap, Shutter Bug, and Kaza leather half case.",Writ3Click Photography,https://www.flickr.com/photos/42977926@N02,by-nd 2.0,https://creativecommons.org/licenses/by-nd/2.0/,https://www.flickr.com/photos/42977926@N02/8474737697
https://api.openverse.org/v1/images/1c5442f6-6bb6-4ab7-b603-f598e7579dd2/thumb/,Cat Fish 2,admiller,https://www.flickr.com/photos/32426194@N00,by 2.0,https://creativecommons.org/licenses/by/2.0/,https://www.flickr.com/photos/32426194@N00/3481540500
https://api.openverse.org/v1/images/65c0d545-1686-4f8b-af4b-e79f0ab3110b/thumb/,my buddies the oyster catchers doing a quick fly-by...the one on the right is a juvenile.,island deborah- New Book 'Song of the Sparrow' vig,https://www.flickr.com/photos/60612262@N08,by-sa 2.0,https://creativecommons.org/licenses/by-sa/2.0/,https://www.flickr.com/photos/60612262@N08/50677841631
https://api.openverse.org/v1/images/5d6db290-c92a-4ad0-9065-1e9354ad3ae8/thumb/,Chained and Locked,Dusty J,https://www.flickr.com/photos/55608722@N06,by 2.0,https://creativecommons.org/licenses/by/2.0/,https://www.flickr.com/photos/55608722@N06/12472399134
https://api.openverse.org/v1/images/4726baf8-1d66-4e42-9ca2-90391f430a03/thumb/,Table-4-Chairs,KREYC,https://www.flickr.com/photos/43288932@N07,by-sa 2.0,https://creativecommons.org/licenses/by-sa/2.0/,https://www.flickr.com/photos/43288932@N07/5673687239
https://api.openverse.org/v1/images/ea481bf9-320f-43cf-a644-97bbd2b42e2c/thumb/,Christchurch Chalice,Jocey K,https://www.flickr.com/photos/48627921@N05,by-sa 2.0,https://creativecommons.org/licenses/by-sa/2.0/,https://www.flickr.com/photos/48627921@N05/13616773974
https://api.openverse.org/v1/images/78b500fc-4089-405a-bd22-3413c3028b79/thumb/,Chalk Art Shot,Wootang01,https://www.flickr.com/photos/7310714@N06,by-nd 2.0,https://creativecommons.org/licenses/by-nd/2.0/,https://www.flickr.com/photos/7310714@N06/3549178994
https://api.openverse.org/v1/images/f7850acf-1863-4735-87bf-2124b08734d7/thumb/,How to break in a new chalkboard,zugaldia,https://www.flickr.com/photos/23526149@N00,by 2.0,https://creativecommons.org/licenses/by/2.0/,https://www.flickr.com/photos/23526149@N00/4798057548
https://api.openverse.org/v1/images/5bf841be-4c8f-45ee-b01a-76b78ee0bd02/thumb/,Champagne bottle,oskay,https://www.flickr.com/photos/17425845@N00,by 2.0,https://creativecommons.org/licenses/by/2.0/,https://www.flickr.com/photos/17425845@N00/339996940
https://api.openverse.org/v1/images/0f1a031e-ec36-40f6-9dba-71fc3899e98a/thumb/,VIDEO GAME CHAMPION WIN,▓▒░ TORLEY ░▒▓,https://www.flickr.com/photos/70285332@N00,by-sa 2.0,https://creativecommons.org/licenses/by-sa/2.0/,https://www.flickr.com/photos/70285332@N00/2992817483
https://api.openverse.org/v1/images/1920cf3d-2b8d-4a71-989f-5ab38d84391d/thumb/,chandelier out the window,jimw,https://www.flickr.com/photos/81342178@N00,by 2.0,https://creativecommons.org/licenses/by/2.0/,https://www.flickr.com/photos/81342178@N00/103614893
https://api.openverse.org/v1/images/8cd7856c-32b6-46e8-92f3-72ae61d85d56/thumb/,Char Kuay Teow - Old Town Kopitiam AUD9,avlxyz,https://www.flickr.com/photos/10559879@N00,by-sa 2.0,https://creativecommons.org/licenses/by-sa/2.0/,https://www.flickr.com/photos/10559879@N00/3117329663
https://api.openverse.org/v1/images/3590582e-8d9f-4cfb-bbd9-ebb6c1fd4f8c/thumb/,Tahrir Square - Protesters Charging Mobile Phones,alisdare1,https://www.flickr.com/photos/59952459@N08,by-sa 2.0,https://creativecommons.org/licenses/by-sa/2.0/,https://www.flickr.com/photos/59952459@N08/6620193705
https://api.openverse.org/v1/images/9301c3f0-2ef7-489a-83ee-439dca26cf09/thumb/,Dodge Charger Michigan State Police car,Corvair Owner,https://www.flickr.com/photos/59398780@N00,by-sa 2.0,https://creativecommons.org/licenses/by-sa/2.0/,https://www.flickr.com/photos/59398780@N00/8489849347
https://api.openverse.org/v1/images/ecb3ac65-b267-4f03-b28e-fc8aa6e8f092/thumb/,The Charming Queen Sabine,Sabine Mondestin,https://www.flickr.com/photos/12932354@N05,by 2.0,https://creativecommons.org/licenses/by/2.0/,https://www.flickr.com/photos/12932354@N05/14748189062
https://api.openverse.org/v1/images/436d079e-fd3b-4efe-b996-35d3981ef6b7/thumb/,La Cour d'Honneur du chateau de Versailles,Dimitry B,https://www.flickr.com/photos/61533954@N00,by 2.0,https://creativecommons.org/licenses/by/2.0/,https://www.flickr.com/photos/61533954@N00/5380917925
https://api.openverse.org/v1/images/f9e91269-933d-48bb-b437-5405732ffb9d/thumb/,cheeses,_gee_,https://www.flickr.com/photos/32426344@N00,by 2.0,https://creativecommons.org/licenses/by/2.0/,https://www.flickr.com/photos/32426344@N00/4090407169
https://api.openverse.org/v1/images/542e538f-9315-46e5-8e96-fc832cf29a1d/thumb/,Cherries,sk8geek,https://www.flickr.com/photos/26170836@N05,by-sa 2.0,https://creativecommons.org/licenses/by-sa/2.0/,https://www.flickr.com/photos/26170836@N05/7522149906
https://api.openverse.org/v1/images/af3b9ce4-a628-4368-a8f8-823916a314d2/thumb/,Chest,elements_of_this_world,https://www.flickr.com/photos/135717563@N05,by 2.0,https://creativecommons.org/licenses/by/2.0/,https://www.flickr.com/photos/135717563@N05/34606820173
https://api.openverse.org/v1/images/7f880619-efbb-465c-b58b-75e13ad0587b/thumb/,"FLORAL HEART - Wedding Wooden Heart - Rustic Bohemian decoration, Choose from 9 fabrics - Wood Shabby Chic wedding decor Wedding Favor",Mannia&Titta,https://www.flickr.com/photos/12596027@N06,by-nd 2.0,https://creativecommons.org/licenses/by-nd/2.0/,https://www.flickr.com/photos/12596027@N06/8610526948
https://api.openverse.org/v1/images/c1ba6e52-97fb-4d2f-85bd-d14d405247b0/thumb/,A Little Chick In The Garden,DaPuglet,https://www.flickr.com/photos/43810158@N07,by-sa 2.0,https://creativecommons.org/licenses/by-sa/2.0/,https://www.flickr.com/photos/43810158@N07/42996526592
https://api.openverse.org/v1/images/c3f0d714-4e42-4809-9475-480fba3a5077/thumb/,Chicken Breast Fillets,larryjh1234,https://www.flickr.com/photos/83886716@N00,by 2.0,https://creativecommons.org/licenses/by/2.0/,https://www.flickr.com/photos/83886716@N00/3577981812
https://api.openverse.org/v1/images/7fb9581f-824a-4e8a-8483-b958cd50855c/thumb/,Children,Drregor,https://www.flickr.com/photos/36616972@N02,by-sa 2.0,https://creativecommons.org/licenses/by-sa/2.0/,https://www.flickr.com/photos/36616972@N02/4311000102
https://api.openverse.org/v1/images/492c141c-d3b3-49ed-8c30-9296055bf403/thumb/,WIND CHIME,NAPARAZZI,https://www.flickr.com/photos/28990363@N05,by-sa 2.0,https://creativecommons.org/licenses/by-sa/2.0/,https://www.flickr.com/photos/28990363@N05/15587907162
https://api.openverse.org/v1/images/eaab9056-837d-4cda-8d2b-e111ba2893a3/thumb/,Chive - my garden DSCN5963,ianpreston,https://www.flickr.com/photos/9750464@N02,by 2.0,https://creativecommons.org/licenses/by/2.0/,https://www.flickr.com/photos/9750464@N02/52108715800
https://api.openverse.org/v1/images/05f377f6-97d3-4605-ac03-a77caeb1d8ac/thumb/,CHOC Walk 2009,Denise Cross,https://www.flickr.com/photos/37763949@N00,by 2.0,https://creativecommons.org/licenses/by/2.0/,https://www.flickr.com/photos/37763949@N00/4028798214
https://api.openverse.org/v1/images/5a7df0c3-2347-4e26-aa2a-a5a80758a9af/thumb/,Chocolate cake,CeresB,https://www.flickr.com/photos/37054091@N06,by 2.0,https://creativecommons.org/licenses/by/2.0/,https://www.flickr.com/photos/37054091@N06/6114035576
https://api.openverse.org/v1/images/3231d406-384f-47e8-9954-dd433143483a/thumb/,Nickelodeon Choice Awards,Eva Rinaldi Celebrity Photographer,https://www.flickr.com/photos/58820009@N05,by-sa 2.0,https://creativecommons.org/licenses/by-sa/2.0/,https://www.flickr.com/photos/58820009@N05/6220218748
https://api.openverse.org/v1/images/1ccd5b73-931d-4572-83c9-e47793f4465e/thumb/,Choir! Choir! Choir!,Яick Harris,https://www.flickr.com/photos/37153080@N00,by-sa 2.0,https://creativecommons.org/licenses/by-sa/2.0/,https://www.flickr.com/photos/37153080@N00/18252518085
https://api.openverse.org/v1/images/58079357-9e59-42ff-8ab4-edf2422d41a0/thumb/,G2 - TINY TUBE CHOKER,InExtremiss,https://www.flickr.com/photos/47896503@N06,by 2.0,https://creativecommons.org/licenses/by/2.0/,https://www.flickr.com/photos/47896503@N06/4589588368
https://api.openverse.org/v1/images/2cb6fa5d-96e6-4d25-91eb-397987449ab0/thumb/,Chopsticks,Bruce Guenter,https://www.flickr.com/photos/10154402@N03,by 2.0,https://creativecommons.org/licenses/by/2.0/,https://www.flickr.com/photos/10154402@N03/5430217984
https://api.openverse.org/v1/images/bfa302ca-b509-4145-adda-7fcbc4178c7c/thumb/,Webtreats Tileable Light Blurs and Abstract Circle Patterns Gold 4,webtreats,https://www.flickr.com/photos/44071822@N08,by 2.0,https://creativecommons.org/licenses/by/2.0/,https://www.flickr.com/photos/44071822@N08/4994363266
https://api.openverse.org/v1/images/99bb472e-a9f3-4fe2-b8f9-b94d48d39f22/thumb/,"Bursera citronella (syn B delpichiana) fruits & leaves at Hyderabad, AP W IMG 7070",J.M.Garg,https://commons.wikimedia.org/wiki/User:J.M.Garg,by-sa 3.0,https://creativecommons.org/licenses/by-sa/3.0/,https://commons.wikimedia.org/w/index.php?curid=4252329
https://api.openverse.org/v1/images/7a24a5b9-3b36-4393-9afe-742a2c481ad0/thumb/,Claire,kevin dooley,https://www.flickr.com/photos/12836528@N00,by 2.0,https://creativecommons.org/licenses/by/2.0/,https://www.flickr.com/photos/12836528@N00/16164729614
https://api.openverse.org/v1/images/ca0f77db-3c2c-4865-8bae-226eb7ed17ac/thumb/,Classic Space Dropship,[Rivet],https://www.flickr.com/photos/83568004@N02,by 2.0,https://creativecommons.org/licenses/by/2.0/,https://www.flickr.com/photos/83568004@N02/12799835414
https://api.openverse.org/v1/images/4cec3f0d-d098-4950-8568-902e56294869/thumb/,Steve in Clay,bark,https://www.flickr.com/photos/49503168860@N01,by 2.0,https://creativecommons.org/licenses/by/2.0/,https://www.flickr.com/photos/49503168860@N01/5955303527
https://api.openverse.org/v1/images/66ad3579-39d1-4892-9d99-49bc106c7485/thumb/,Clear sky and clouds,Archbob,https://www.flickr.com/photos/77323559@N04,by 2.0,https://creativecommons.org/licenses/by/2.0/,https://www.flickr.com/photos/77323559@N04/8095984913
https://api.openverse.org/v1/images/dfed723f-0d7e-4814-900e-01daa1b92abc/thumb/,94 Stainless Steel Smart Money Clip Credit Card Holder,ExecGifts,https://www.flickr.com/photos/44284794@N04,by 2.0,https://creativecommons.org/licenses/by/2.0/,https://www.flickr.com/photos/44284794@N04/4076746522
https://api.openverse.org/v1/images/ccf9ef9f-6a1f-4fe5-a904-8755850be554/thumb/,"Breuillet, la cloche de l'église romane",Dimimis,https://commons.wikimedia.org/wiki/User:Dimimis,by-sa 3.0,https://creativecommons.org/licenses/by-sa/3.0/,https://commons.wikimedia.org/w/index.php?curid=22754209
https://api.openverse.org/v1/images/c214cdd4-b5a6-40f5-9d1b-883b6e386095/thumb/,clock,fsse8info,https://www.flickr.com/photos/37031529@N00,by-sa 2.0,https://creativecommons.org/licenses/by-sa/2.0/,https://www.flickr.com/photos/37031529@N00/3658873911
https://api.openverse.org/v1/images/68a96fba-c21a-497f-b6db-986eaab7b146/thumb/,corporate clothes,neyugnd,https://www.flickr.com/photos/59343576@N00,by 2.0,https://creativecommons.org/licenses/by/2.0/,https://www.flickr.com/photos/59343576@N00/220435848
https://api.openverse.org/v1/images/202fdbd6-ae8f-4e6f-9d09-6f175a169b44/thumb/,NASA’s Webb Uncovers New Details in Pandora’s Cluster,James Webb Space Telescope,https://www.flickr.com/photos/50785054@N03,by 2.0,https://creativecommons.org/licenses/by/2.0/,https://www.flickr.com/photos/50785054@N03/52690101222
https://api.openverse.org/v1/images/f5402cb3-d1fd-48dd-84ec-4bc1a93f2533/thumb/,Opposition CMX,Connexions,,by 3.0,https://creativecommons.org/licenses/by/3.0/,https://commons.wikimedia.org/w/index.php?curid=29624338
https://api.openverse.org/v1/images/6c380f1f-4c13-4793-b829-4a219245f658/thumb/,Clean Coal Technology Timeline,americaspower,https://www.flickr.com/photos/29218789@N08,by 2.0,https://creativecommons.org/licenses/by/2.0/,https://www.flickr.com/photos/29218789@N08/5507271398
https://api.openverse.org/v1/images/a7c1e025-63dd-472c-b8dc-9fa545c41354/thumb/,"Another day, another coathanger...",ninavizz,https://www.flickr.com/photos/87411532@N00,by-nd 2.0,https://creativecommons.org/licenses/by-nd/2.0/,https://www.flickr.com/photos/87411532@N00/284416105
https://api.openverse.org/v1/images/67c96b81-12e7-4f56-bb1a-4eb85fac9593/thumb/,Nordic style coathooks,Ella's Kitchen Company Limited,https://www.flickr.com/photos/64702117@N07,by 2.0,https://creativecommons.org/licenses/by/2.0/,https://www.flickr.com/photos/64702117@N07/5933879246
https://api.openverse.org/v1/images/d199fcb5-c343-42bf-82a1-3b4b6f82c653/thumb/,Cup of coffee,Etenil,https://www.flickr.com/photos/47140246@N02,by-sa 2.0,https://creativecommons.org/licenses/by-sa/2.0/,https://www.flickr.com/photos/47140246@N02/4325230234
https://api.openverse.org/v1/images/68a0d4a6-5c1a-45d1-8431-8472c40f1f24/thumb/,Col du Grand-Saint-Bernard in Switzerland,Eric@focus,https://www.flickr.com/photos/15979685@N08,by-nd 2.0,https://creativecommons.org/licenses/by-nd/2.0/,https://www.flickr.com/photos/15979685@N08/52368539226
https://api.openverse.org/v1/images/60144a88-27fd-4a27-bd04-970ad6c61b4d/thumb/,"Green grapes, green colander",Dano,https://www.flickr.com/photos/36101697408@N01,by 2.0,https://creativecommons.org/licenses/by/2.0/,https://www.flickr.com/photos/36101697408@N01/190418664
https://api.openverse.org/v1/images/bd298642-0230-4e95-a336-f1ada359ffd2/thumb/,Reading Collage,freeepeace,https://www.flickr.com/photos/71411348@N00,by-sa 2.0,https://creativecommons.org/licenses/by-sa/2.0/,https://www.flickr.com/photos/71411348@N00/3205981606
https://api.openverse.org/v1/images/7616ea3f-24d5-4436-9b7b-8cc71a32a660/thumb/,Spread Collar,Menswear Market,https://www.flickr.com/photos/85546319@N04,by 2.0,https://creativecommons.org/licenses/by/2.0/,https://www.flickr.com/photos/85546319@N04/8227707743
https://api.openverse.org/v1/images/d2ee2733-1dcb-4688-878a-30c3ce79215f/thumb/,Colourful Barrier,Vincent_AF,https://www.flickr.com/photos/25704219@N04,by-sa 2.0,https://creativecommons.org/licenses/by-sa/2.0/,https://www.flickr.com/photos/25704219@N04/13973667168
https://api.openverse.org/v1/images/a53b9f45-4b90-4074-96b0-d7a898f5e404/thumb/,Reuniões com representantes dos tribunais sobre saneamento do BNMP 2.0,Conselho Nacional de Justiça - CNJ,https://www.flickr.com/photos/52731224@N08,by 2.0,https://creativecommons.org/licenses/by/2.0/,https://www.flickr.com/photos/52731224@N08/52435695541
https://api.openverse.org/v1/images/e96e59c0-6e4d-460a-9e9b-a222c096baa5/thumb/,Honey Comb,beepollenhub,https://www.flickr.com/photos/82295638@N03,by 2.0,https://creativecommons.org/licenses/by/2.0/,https://www.flickr.com/photos/82295638@N03/7549036464
https://api.openverse.org/v1/images/f426d967-9fe5-4f54-a029-f6945cea7f61/thumb/,Love Comes Crawling,kevin dooley,https://www.flickr.com/photos/12836528@N00,by 2.0,https://creativecommons.org/licenses/by/2.0/,https://www.flickr.com/photos/12836528@N00/18526689433
https://api.openverse.org/v1/images/93b84bed-9f9b-4481-b2b6-f6eb05c47ffe/thumb/,tiny cones,mathias-erhart,https://www.flickr.com/photos/17676866@N00,by-sa 2.0,https://creativecommons.org/licenses/by-sa/2.0/,https://www.flickr.com/photos/17676866@N00/2316324129
https://api.openverse.org/v1/images/4c9c2ab2-aa0e-4a74-92b6-f6f132f2f1bc/thumb/,"9699 Frederick Roeder's House & Confectionery - Harpers Ferry, WV",lcm1863,https://www.flickr.com/photos/28209771@N05,by-sa 2.0,https://creativecommons.org/licenses/by-sa/2.0/,https://www.flickr.com/photos/28209771@N05/9389352734
https://api.openverse.org/v1/images/b9997205-91cb-4f1b-b005-810acce8871c/thumb/,Confetti,ADoseofShipBoy,https://www.flickr.com/photos/71984448@N00,by 2.0,https://creativecommons.org/licenses/by/2.0/,https://www.flickr.com/photos/71984448@N00/216516964
https://api.openverse.org/v1/images/ec9e1b64-dc3b-4852-833f-662c04c37337/thumb/,Container City view,jrsnchzhrs,https://www.flickr.com/photos/84047449@N00,by-nd 2.0,https://creativecommons.org/licenses/by-nd/2.0/,https://www.flickr.com/photos/84047449@N00/3860517879
https://api.openverse.org/v1/images/23987ad3-9da2-46da-94b1-e36d79df9620/thumb/,cooking,bvalium,https://www.flickr.com/photos/36217063@N00,by-sa 2.0,https://creativecommons.org/licenses/by-sa/2.0/,https://www.flickr.com/photos/36217063@N00/3587392948
https://api.openverse.org/v1/images/2fd4e868-4133-4b88-aba9-347697f15d36/thumb/,Teatro San Giov. Grisostomo Venezia (museo corer),Vincenzo Maria Coronelli,,cc0 1.0,https://creativecommons.org/publicdomain/zero/1.0/deed.en/,https://commons.wikimedia.org/w/index.php?curid=44946195
https://api.openverse.org/v1/images/5df55ffa-018e-4630-a522-f2801348d245/thumb/,Corkscrew,kevin dooley,https://www.flickr.com/photos/12836528@N00,by 2.0,https://creativecommons.org/licenses/by/2.0/,https://www.flickr.com/photos/12836528@N00/2451938096
https://api.openverse.org/v1/images/cb062cf4-c52b-4a7c-b524-f18adbb4604f/thumb/,600px Bianco con Trifoglio e Cornice Verdi,Fidia 82,https://commons.wikimedia.org/wiki/User:Fidia_82,by-sa 4.0,https://creativecommons.org/licenses/by-sa/4.0/,https://commons.wikimedia.org/w/index.php?curid=39770122
https://api.openverse.org/v1/images/4e9c4070-b774-411b-9e2e-0a660d37dea3/thumb/,Mine Cosy,Andrew Gustar,https://www.flickr.com/photos/62283967@N05,by-nd 2.0,https://creativecommons.org/licenses/by-nd/2.0/,https://www.flickr.com/photos/62283967@N05/25441147338
https://api.openverse.org/v1/images/c842bcf8-0c29-40cd-a3e2-103b888b829b/thumb/,Sofala New South Wales. Site of first gold rush in 1851. Lovely old cottages.,denisbin,https://www.flickr.com/photos/82134796@N03,by-nd 2.0,https://creativecommons.org/licenses/by-nd/2.0/,https://www.flickr.com/photos/82134796@N03/9595237421
https://api.openverse.org/v1/images/b2978289-872b-41d4-af0f-dc2195b58604/thumb/,suitcase of cotton,jetheriot,https://www.flickr.com/photos/9198432@N02,by 2.0,https://creativecommons.org/licenses/by/2.0/,https://www.flickr.com/photos/9198432@N02/3285568001
https://api.openverse.org/v1/images/bab4ec2a-8980-4e07-877b-a39ce41c1ec6/thumb/,Country Curve,nailbender,https://www.flickr.com/photos/93893205@N00,by-nd 2.0,https://creativecommons.org/licenses/by-nd/2.0/,https://www.flickr.com/photos/93893205@N00/414595846
https://api.openverse.org/v1/images/3cd7adbe-bdf7-4633-b108-e861b6827dec/thumb/,Harry Potter and the Half-Blood Prince Book Cover,Lordcolus,https://www.flickr.com/photos/87533340@N00,by 2.0,https://creativecommons.org/licenses/by/2.0/,https://www.flickr.com/photos/87533340@N00/60096465
https://api.openverse.org/v1/images/86cec092-7c35-4011-9715-a0da3608b89f/thumb/,Cowboys,literari,https://www.flickr.com/photos/72648291@N00,by 2.0,https://creativecommons.org/licenses/by/2.0/,https://www.flickr.com/photos/72648291@N00/226193738
https://api.openverse.org/v1/images/50d64804-2063-4a95-bc2d-430d0bd8f7a0/thumb/,Graham crackers,oskay,https://www.flickr.com/photos/17425845@N00,by 2.0,https://creativecommons.org/licenses/by/2.0/,https://www.flickr.com/photos/17425845@N00/768591256
https://api.openverse.org/v1/images/aa660343-0fb7-4883-a5f7-94836cec1234/thumb/,craft table,normanack,https://www.flickr.com/photos/29278394@N00,by 2.0,https://creativecommons.org/licenses/by/2.0/,https://www.flickr.com/photos/29278394@N00/299132594
https://api.openverse.org/v1/images/1a44eb0c-2346-4dc7-9230-e593f4e34bee/thumb/,Design Blog Sociale - 4 August 2008 - Milk Crates Furniture A,SOCIALisBETTER,https://www.flickr.com/photos/27620885@N02,by 2.0,https://creativecommons.org/licenses/by/2.0/,https://www.flickr.com/photos/27620885@N02/2706553052
https://api.openverse.org/v1/images/a35cd543-2efb-45c0-b805-d7160fbcbfaf/thumb/,Creepy Crawlies,Mike Kniec,https://www.flickr.com/photos/112923805@N05,by 2.0,https://creativecommons.org/licenses/by/2.0/,https://www.flickr.com/photos/112923805@N05/15486805350
https://api.openverse.org/v1/images/43d00ef5-cdb9-49e9-918e-95ee26ab133b/thumb/,Being creative with wax crayons...,netsnake,https://www.flickr.com/photos/42140894@N02,by 2.0,https://creativecommons.org/licenses/by/2.0/,https://www.flickr.com/photos/42140894@N02/4022801992
https://api.openverse.org/v1/images/7b28aa9c-0046-4a70-9083-b005ef8be459/thumb/,Creatures,kevin dooley,https://www.flickr.com/photos/12836528@N00,by 2.0,https://creativecommons.org/licenses/by/2.0/,https://www.flickr.com/photos/12836528@N00/33487492542
https://api.openverse.org/v1/images/18271ea4-19c9-4d78-bf38-742c10a524c3/thumb/,Run's Cross legs,Honou,https://www.flickr.com/photos/9186550@N08,by 2.0,https://creativecommons.org/licenses/by/2.0/,https://www.flickr.com/photos/9186550@N08/3569046473
https://api.openverse.org/v1/images/5c62b339-1c09-432c-b5ba-a2f4e87b14e5/thumb/,Milk crown,fox_kiyo,https://www.flickr.com/photos/84606435@N00,by-sa 2.0,https://creativecommons.org/licenses/by-sa/2.0/,https://www.flickr.com/photos/84606435@N00/358207154
https://api.openverse.org/v1/images/672e43ed-912f-44dd-9e0b-ad18228743d0/thumb/,Crystal of Ukraine,Don Komarechka,https://www.flickr.com/photos/35693660@N03,cc0 1.0,https://creativecommons.org/publicdomain/zero/1.0/,https://www.flickr.com/photos/35693660@N03/51962807415
https://api.openverse.org/v1/images/58621a49-6bbb-4ab8-bb02-7f4cd9685b02/thumb/,ring-of-14-cubes.5,Ardonik,https://www.flickr.com/photos/30126793@N07,by-sa 2.0,https://creativecommons.org/licenses/by-sa/2.0/,https://www.flickr.com/photos/30126793@N07/3274122364
https://api.openverse.org/v1/images/7d6fefd6-77a8-4467-96ad-5e666a307c2b/thumb/,Server Cupboard,barnoid,https://www.flickr.com/photos/50359335@N00,by-sa 2.0,https://creativecommons.org/licenses/by-sa/2.0/,https://www.flickr.com/photos/50359335@N00/483918747
https://api.openverse.org/v1/images/20e2f160-e160-43f8-ba70-ea95f78d137f/thumb/,brown sugar cupcakes,shimelle,https://www.flickr.com/photos/56728994@N00,by 2.0,https://creativecommons.org/licenses/by/2.0/,https://www.flickr.com/photos/56728994@N00/249112510
https://api.openverse.org/v1/images/9ceefc95-7af1-4004-a3bb-6fcf05fe2999/thumb/,Curtains,Matthew Paul Argall,https://www.flickr.com/photos/79157069@N03,by 2.0,https://creativecommons.org/licenses/by/2.0/,https://www.flickr.com/photos/79157069@N03/13443471123
https://api.openverse.org/v1/images/1a36bd86-0db6-40b6-8622-ed1d0c2d46df/thumb/,Starfish shrimp on a cushion sea star / マンジュウヒトデの上のヒトデヤドリエビ,TANAKA Juuyoh (田中十洋),https://www.flickr.com/photos/13910409@N05,by 2.0,https://creativecommons.org/licenses/by/2.0/,https://www.flickr.com/photos/13910409@N05/1458032834
https://api.openverse.org/v1/images/d984a0fd-1939-4f57-b232-7de607696275/thumb/,embroidered vaginas to discuss Female Genital Cutting,craftivist collective,https://www.flickr.com/photos/42839495@N07,by 2.0,https://creativecommons.org/licenses/by/2.0/,https://www.flickr.com/photos/42839495@N07/4314913646
https://api.openverse.org/v1/images/bb4c5a31-7068-48c8-b76a-7bb03b457303/thumb/,noun: cutlery [ˈkatləri],jenny downing,https://www.flickr.com/photos/7941044@N06,by 2.0,https://creativecommons.org/licenses/by/2.0/,https://www.flickr.com/photos/7941044@N06/4166220739
https://api.openverse.org/v1/images/d3c40131-f31a-434e-9894-b993ecbd2479/thumb/,Yet another set of Escher cookie cutters,fdecomite,https://www.flickr.com/photos/21649179@N00,by 2.0,https://creativecommons.org/licenses/by/2.0/,https://www.flickr.com/photos/21649179@N00/12707039483
https://api.openverse.org/v1/images/1ab4e3a0-c4cc-4502-b738-b109d4c0248b/thumb/,"Croissant d'Amand (Ueno ecute, Tokyo, Japan)",t-mizo,https://www.flickr.com/photos/47626742@N07,by 2.0,https://creativecommons.org/licenses/by/2.0/,https://www.flickr.com/photos/47626742@N07/6775408849
https://api.openverse.org/v1/images/58cf07e2-849a-4e12-a222-284f63fda360/thumb/,Driving Miss Daisy,Eva Rinaldi Celebrity Photographer,https://www.flickr.com/photos/58820009@N05,by-sa 2.0,https://creativecommons.org/licenses/by-sa/2.0/,https://www.flickr.com/photos/58820009@N05/8520312829
https://api.openverse.org/v1/images/4034e976-61f5-4db2-a829-5dae4f24b037/thumb/,The Dark Knight Rises,Eva Rinaldi Celebrity Photographer,https://www.flickr.com/photos/58820009@N05,by-sa 2.0,https://creativecommons.org/licenses/by-sa/2.0/,https://www.flickr.com/photos/58820009@N05/7590759250
https://api.openverse.org/v1/images/08ce4817-a9d9-4624-ac37-ddea4f7d52b6/thumb/,"State of the Nation Address Presidential Golf Day Challenge, 12 Feb 2016",GovernmentZA,https://www.flickr.com/photos/90122870@N03,by-nd 2.0,https://creativecommons.org/licenses/by-nd/2.0/,https://www.flickr.com/photos/90122870@N03/24408176594
https://api.openverse.org/v1/images/ca78f6bc-b865-47d2-af0e-ec41f7fe005a/thumb/,Wipe our Debt,Images_of_Money,https://www.flickr.com/photos/59937401@N07,by-sa 2.0,https://creativecommons.org/licenses/by-sa/2.0/,https://www.flickr.com/photos/59937401@N07/7214450550
https://api.openverse.org/v1/images/22d97fcb-217f-4bc6-9837-74590d0e977b/thumb/,DSC_6230 Black British Entertainment Awards BBE Dec 2017 at Porchester Hall London with Jean Gasho Co Founder of BBE,photographer695,https://www.flickr.com/photos/41087279@N00,by 2.0,https://creativecommons.org/licenses/by/2.0/,https://www.flickr.com/photos/41087279@N00/25275766148
https://api.openverse.org/v1/images/eb79c924-64e5-45ec-8835-ef179b441794/thumb/,Glitzy Night Lights of the famous South Beach Art Deco,wyntuition,https://www.flickr.com/photos/15926096@N00,by-sa 2.0,https://creativecommons.org/licenses/by-sa/2.0/,https://www.flickr.com/photos/15926096@N00/2820672744
https://api.openverse.org/v1/images/e9d6182a-6d55-46e6-9bfc-a1084236113a/thumb/,Wedding Decoration-Dinner Table,Lohb,https://www.flickr.com/photos/33719733@N00,by-sa 2.0,https://creativecommons.org/licenses/by-sa/2.0/,https://www.flickr.com/photos/33719733@N00/3584418290
https://api.openverse.org/v1/images/f87339be-d0a3-4dd4-a91c-ed081f6bbd45/thumb/,Blue bottle and glasses decoupage,john bonham2,https://www.flickr.com/photos/95205391@N05,by-sa 2.0,https://creativecommons.org/licenses/by-sa/2.0/,https://www.flickr.com/photos/95205391@N05/8723865672
https://api.openverse.org/v1/images/ecc2b6f5-3055-486f-827f-72a4c884e681/thumb/,[lokums: the turkish delight],mederndepe,https://www.flickr.com/photos/36540413@N08,by-sa 2.0,https://creativecommons.org/licenses/by-sa/2.0/,https://www.flickr.com/photos/36540413@N08/4947604592
https://api.openverse.org/v1/images/d9e1e930-7e75-4168-a6ac-5e52b0a3b856/thumb/,Datsun 1300 Deluxe Sedan 1969,RL GNZLZ,https://www.flickr.com/photos/37691369@N08,by-sa 2.0,https://creativecommons.org/licenses/by-sa/2.0/,https://www.flickr.com/photos/37691369@N08/19779539196
https://api.openverse.org/v1/images/a37010cb-b692-4016-9c17-489a34d463b3/thumb/,Demon Mask I,callocx,https://www.flickr.com/photos/61400543@N04,by 2.0,https://creativecommons.org/licenses/by/2.0/,https://www.flickr.com/photos/61400543@N04/7388031168
https://api.openverse.org/v1/images/8325aae0-3d37-47de-b66f-6cbaf01ae477/thumb/,design,D.C.Atty,https://www.flickr.com/photos/22939124@N08,by 2.0,https://creativecommons.org/licenses/by/2.0/,https://www.flickr.com/photos/22939124@N08/2393761220
https://api.openverse.org/v1/images/068fc6b1-34da-4f78-ae17-24d20f28c7e4/thumb/,"Hungarian MAN Lions Coach FLJ174,Dias Zeus Travel, Budapest. London WC2",sludgegulper,https://www.flickr.com/photos/28179929@N08,by-sa 2.0,https://creativecommons.org/licenses/by-sa/2.0/,https://www.flickr.com/photos/28179929@N08/3839617245
https://api.openverse.org/v1/images/1e52139d-b3ce-4bb5-b0bc-33e46246d418/thumb/,diamante pantera rosa,Mejor por instagram o face dejo el pro,https://www.flickr.com/photos/97524111@N00,by-sa 2.0,https://creativecommons.org/licenses/by-sa/2.0/,https://www.flickr.com/photos/97524111@N00/3326824596
https://api.openverse.org/v1/images/902430ae-20ac-45f4-a95c-14ed93cee761/thumb/,Vickers anvil diamons,R. Tanaka,,by 3.0,https://creativecommons.org/licenses/by/3.0/,https://commons.wikimedia.org/w/index.php?curid=18816269
https://api.openverse.org/v1/images/478a9753-b373-4fc3-a991-c0a0b230a87c/thumb/,The Americana Diner,Tony Fischer Photography,https://www.flickr.com/photos/22714323@N06,by 2.0,https://creativecommons.org/licenses/by/2.0/,https://www.flickr.com/photos/22714323@N06/2302712145
https://api.openverse.org/v1/images/146a2019-cafb-406d-ae4d-2e8e91949745/thumb/,Dinosaur,InfoMofo,https://www.flickr.com/photos/40689227@N00,by-sa 2.0,https://creativecommons.org/licenses/by-sa/2.0/,https://www.flickr.com/photos/40689227@N00/154877897
https://api.openverse.org/v1/images/95c21b93-a8f2-4906-ab3f-7e58c8e652c3/thumb/,MRI image of my herniated disc,gogogadgetscott,https://www.flickr.com/photos/44636962@N00,by-sa 2.0,https://creativecommons.org/licenses/by-sa/2.0/,https://www.flickr.com/photos/44636962@N00/2404661787
https://api.openverse.org/v1/images/d84197b1-da39-46dd-9350-61826d77e124/thumb/,Dish and Sky,cogdogblog,https://www.flickr.com/photos/37996646802@N01,cc0 1.0,https://creativecommons.org/publicdomain/zero/1.0/,https://www.flickr.com/photos/37996646802@N01/262446373
https://api.openverse.org/v1/images/e86ee604-f976-4d92-9acb-1a02c02dbcc8/thumb/,Shopping Bag Dispenser,Jay Shouldol,https://www.flickr.com/photos/67113020@N00,by 2.0,https://creativecommons.org/licenses/by/2.0/,https://www.flickr.com/photos/67113020@N00/5324249186
https://api.openverse.org/v1/images/bb8f7f35-2155-4fdf-ac66-96cd98be88ab/thumb/,classroom displays bookstore,LindaH,https://www.flickr.com/photos/25747180@N00,by 2.0,https://creativecommons.org/licenses/by/2.0/,https://www.flickr.com/photos/25747180@N00/229974947
https://api.openverse.org/v1/images/6f68bd5a-f08e-4b24-aa5c-2ae92d3c17b8/thumb/,Disposable blood pressure cuff,quinn.anya,https://www.flickr.com/photos/53326337@N00,by-sa 2.0,https://creativecommons.org/licenses/by-sa/2.0/,https://www.flickr.com/photos/53326337@N00/5645559731
https://api.openverse.org/v1/images/dcef0b54-2338-4141-9be0-1b5bb50fa729/thumb/,"dogs of Iquitos, Peru",iquitos,https://www.flickr.com/photos/35576247@N07,by-nd 2.0,https://creativecommons.org/licenses/by-nd/2.0/,https://www.flickr.com/photos/35576247@N07/3293282517
https://api.openverse.org/v1/images/f81ffa01-2648-4fbe-98bf-37e0b119cb92/thumb/,Doiley Skirt,Annie Mole,https://www.flickr.com/photos/21309047@N00,by 2.0,https://creativecommons.org/licenses/by/2.0/,https://www.flickr.com/photos/21309047@N00/438941632
https://api.openverse.org/v1/images/b5abaf15-1d5a-4fb1-800c-fc9de7255200/thumb/,Vintage doilies & such...,Bellafaye Garden,https://www.flickr.com/photos/51796626@N03,by 2.0,https://creativecommons.org/licenses/by/2.0/,https://www.flickr.com/photos/51796626@N03/6699356865
https://api.openverse.org/v1/images/86785c8f-616f-497d-b6cb-61b50455b84b/thumb/,celebrity dolls,randcrazy66,https://www.flickr.com/photos/35899061@N04,pdm 1.0,https://creativecommons.org/publicdomain/mark/1.0/,https://www.flickr.com/photos/35899061@N04/3514636500
https://api.openverse.org/v1/images/82e2ea9b-9727-485b-931d-778924c84ba6/thumb/,Dolphins,ryn413,https://www.flickr.com/photos/42596236@N07,by 2.0,https://creativecommons.org/licenses/by/2.0/,https://www.flickr.com/photos/42596236@N07/3952952164
https://api.openverse.org/v1/images/55e80174-49bd-4b45-ba4e-4114c0ef0a6d/thumb/,mirrored dome,PinkMoose,https://www.flickr.com/photos/82072056@N00,by 2.0,https://creativecommons.org/licenses/by/2.0/,https://www.flickr.com/photos/82072056@N00/211794992
https://api.openverse.org/v1/images/1b824e38-d2fe-4058-bf14-dfaa9722526d/thumb/,domino carton001,pilllpat (agence eureka),https://www.flickr.com/photos/30533017@N00,by-sa 2.0,https://creativecommons.org/licenses/by-sa/2.0/,https://www.flickr.com/photos/30533017@N00/10863574065
https://api.openverse.org/v1/images/f1e5deb0-058d-401e-ba71-ea388f9454d0/thumb/,Door,sk8geek,https://www.flickr.com/photos/26170836@N05,by-sa 2.0,https://creativecommons.org/licenses/by-sa/2.0/,https://www.flickr.com/photos/26170836@N05/5827246153
https://api.openverse.org/v1/images/c1918960-44f0-4a51-ada4-e2df68ed0e95/thumb/,Screaming Doorbell,barnoid,https://www.flickr.com/photos/50359335@N00,by-sa 2.0,https://creativecommons.org/licenses/by-sa/2.0/,https://www.flickr.com/photos/50359335@N00/1856907257
https://api.openverse.org/v1/images/77d2d7ae-6377-4d7e-b089-818195d89c96/thumb/,Doormats,Clean Wal-Mart,https://www.flickr.com/photos/33677599@N00,by 2.0,https://creativecommons.org/licenses/by/2.0/,https://www.flickr.com/photos/33677599@N00/435996898
https://api.openverse.org/v1/images/5b23e888-c5dc-47bd-8527-e823dd85fbf3/thumb/,City maintenance truck doorsign,loppear,https://www.flickr.com/photos/24062889@N00,by 2.0,https://creativecommons.org/licenses/by/2.0/,https://www.flickr.com/photos/24062889@N00/4765631007
https://api.openverse.org/v1/images/edd89cc9-1a79-4f0a-aaad-a735de7ce10b/thumb/,Cutest doorstop gnome,surtr,https://www.flickr.com/photos/29297680@N00,by-sa 2.0,https://creativecommons.org/licenses/by-sa/2.0/,https://www.flickr.com/photos/29297680@N00/22546363618
https://api.openverse.org/v1/images/acc77974-5e9a-46d3-9dd6-727fb171186a/thumb/,THE DOT MOTORCYCLE.VILLIERS SINGLE CYLINDER TWO STROKE. UK.,ronsaunders47,https://www.flickr.com/photos/46781500@N00,by-sa 2.0,https://creativecommons.org/licenses/by-sa/2.0/,https://www.flickr.com/photos/46781500@N00/3841486391
https://api.openverse.org/v1/images/2299ec19-2fe6-48d6-8ee0-f2d443636c40/thumb/,Double Your Converse !,Orangeya,https://www.flickr.com/photos/9031793@N06,by-nd 2.0,https://creativecommons.org/licenses/by-nd/2.0/,https://www.flickr.com/photos/9031793@N06/2063227222
https://api.openverse.org/v1/images/28938a90-03eb-4804-8873-6ebc4bc7b253/thumb/,Jelly Modern Doughnuts,mastermaq,https://www.flickr.com/photos/24311648@N00,by-sa 2.0,https://creativecommons.org/licenses/by-sa/2.0/,https://www.flickr.com/photos/24311648@N00/6142660833
https://api.openverse.org/v1/images/5de487c5-26a0-4ea2-8977-d6c48f944827/thumb/,dove,ravensong75,https://www.flickr.com/photos/12938199@N00,by 2.0,https://creativecommons.org/licenses/by/2.0/,https://www.flickr.com/photos/12938199@N00/168116799
https://api.openverse.org/v1/images/7b29ce75-5a11-4fa3-904f-57485ad4d089/thumb/,Drawing,JelleS,https://www.flickr.com/photos/12053417@N00,by-sa 2.0,https://creativecommons.org/licenses/by-sa/2.0/,https://www.flickr.com/photos/12053417@N00/1072376914
https://api.openverse.org/v1/images/52ce00df-859b-403a-a6fe-335ea584532e/thumb/,Emptied the Kitchen Junk Drawer,justin,https://www.flickr.com/photos/35034345586@N01,by 2.0,https://creativecommons.org/licenses/by/2.0/,https://www.flickr.com/photos/35034345586@N01/185262165
https://api.openverse.org/v1/images/3a9e320a-5f27-4e60-b2f4-514c63562265/thumb/,"Dresses addict, dresses attic",Paula Satijn,https://www.flickr.com/photos/8457667@N08,by-nd 2.0,https://creativecommons.org/licenses/by-nd/2.0/,https://www.flickr.com/photos/8457667@N08/47326004491
https://api.openverse.org/v1/images/fee2234a-f85a-4a35-a0e6-f1448da6b5c8/thumb/,New Dresser 2,almyki,https://www.flickr.com/photos/86994034@N07,by 2.0,https://creativecommons.org/licenses/by/2.0/,https://www.flickr.com/photos/86994034@N07/12738685913
https://api.openverse.org/v1/images/96cb84ea-9ae8-4727-b362-85ddb485fe0c/thumb/,In Droplet and Bokeh Heaven...,spisharam,https://www.flickr.com/photos/11510574@N02,by-sa 2.0,https://creativecommons.org/licenses/by-sa/2.0/,https://www.flickr.com/photos/11510574@N02/3444975719
https://api.openverse.org/v1/images/adf62fcf-7dc4-4731-addb-d2eea43c801c/thumb/,My First Wood Duck,DaPuglet,https://www.flickr.com/photos/43810158@N07,by-sa 2.0,https://creativecommons.org/licenses/by-sa/2.0/,https://www.flickr.com/photos/43810158@N07/28082250478
https://api.openverse.org/v1/images/eb5baed0-e0ee-4e86-8bf7-607f298c745a/thumb/,Baby's Ear,LisaW123,https://www.flickr.com/photos/32389209@N05,by 2.0,https://creativecommons.org/licenses/by/2.0/,https://www.flickr.com/photos/32389209@N05/4716593694
https://api.openverse.org/v1/images/8c194029-26c7-4fbe-9c35-fff2c4d9cbd6/thumb/,True-Color Image of Southeastern United States from NASA's Newest Earth Observing Satellite Suomi NPP,NASA Goddard Photo and Video,https://www.flickr.com/photos/24662369@N07,by 2.0,https://creativecommons.org/licenses/by/2.0/,https://www.flickr.com/photos/24662369@N07/6760154095
https://api.openverse.org/v1/images/898db304-aff9-48c6-8824-3b90ae048ed8/thumb/,Art Easel Flow Chart Bar Graph Higher,One Way Stock,https://www.flickr.com/photos/60141638@N06,by-nd 2.0,https://creativecommons.org/licenses/by-nd/2.0/,https://www.flickr.com/photos/60141638@N06/9244986340
https://api.openverse.org/v1/images/a3d6b716-b188-48a4-a421-2e7d582c2d64/thumb/,Living on the edge.,Simon Matzinger,https://www.flickr.com/photos/107922203@N04,by 2.0,https://creativecommons.org/licenses/by/2.0/,https://www.flickr.com/photos/107922203@N04/13797009414
https://api.openverse.org/v1/images/39cde11f-d2f5-488a-9a92-e660d8348198/thumb/,Superb Edwardian interior with fireplace and piano,whatsthatpicture,https://www.flickr.com/photos/24469639@N00,pdm 1.0,https://creativecommons.org/publicdomain/mark/1.0/,https://www.flickr.com/photos/24469639@N00/6626882635
https://api.openverse.org/v1/images/9ad156e7-e62e-4afd-b52b-0b4ddfc52bb4/thumb/,Egg,kjetil_r,https://www.flickr.com/photos/63564816@N00,by-sa 2.0,https://creativecommons.org/licenses/by-sa/2.0/,https://www.flickr.com/photos/63564816@N00/5930958714
https://api.openverse.org/v1/images/c80402b0-5aac-4c84-9d0f-524a862a7fcd/thumb/,Feminine elegance,Paula Satijn,https://www.flickr.com/photos/8457667@N08,by-nd 2.0,https://creativecommons.org/licenses/by-nd/2.0/,https://www.flickr.com/photos/8457667@N08/21963408901
https://api.openverse.org/v1/images/146f30d7-823b-40b4-ba51-0724599a01e8/thumb/,Elephant,Noveltyy,https://www.flickr.com/photos/90872331@N05,by 2.0,https://creativecommons.org/licenses/by/2.0/,https://www.flickr.com/photos/90872331@N05/8316352776
https://api.openverse.org/v1/images/f7dc5048-cebc-4cb7-b11e-ce110cf526ff/thumb/,Elixir redefinición rostro y cuello GLOBAL LIFT - Lift contour elixir face & neck GLOBAL LIFT,skeyndor.oficial,https://www.flickr.com/photos/57794015@N05,by-sa 2.0,https://creativecommons.org/licenses/by-sa/2.0/,https://www.flickr.com/photos/57794015@N05/14432735847
https://api.openverse.org/v1/images/793dc26a-119a-4439-97a4-b7161e41e005/thumb/,Elvis,kevin dooley,https://www.flickr.com/photos/12836528@N00,by 2.0,https://creativecommons.org/licenses/by/2.0/,https://www.flickr.com/photos/12836528@N00/4464019859
https://api.openverse.org/v1/images/6720c9c1-d66c-49f0-9c2d-793fc8ebb52b/thumb/,Embossed Leather Design,Calsidyrose,https://www.flickr.com/photos/17557997@N02,by 2.0,https://creativecommons.org/licenses/by/2.0/,https://www.flickr.com/photos/17557997@N02/4855024873
https://api.openverse.org/v1/images/6f65eef0-e910-4ba5-9ec0-827af3943923/thumb/,Emily,robanhk,https://www.flickr.com/photos/35747367@N00,by-sa 2.0,https://creativecommons.org/licenses/by-sa/2.0/,https://www.flickr.com/photos/35747367@N00/14525030512
https://api.openverse.org/v1/images/1edfe1b0-3d26-44e6-8fd2-6a44db87d8a5/thumb/,New York City Skyline from Top of Empire State Building,jody.claborn,https://www.flickr.com/photos/130478877@N02,pdm 1.0,https://creativecommons.org/publicdomain/mark/1.0/,https://www.flickr.com/photos/130478877@N02/23347480891
https://api.openverse.org/v1/images/28ec2148-4548-40a4-955c-2c48a505df22/thumb/,Inde India children enfant,etrenard,https://www.flickr.com/photos/9059498@N06,by-sa 2.0,https://creativecommons.org/licenses/by-sa/2.0/,https://www.flickr.com/photos/9059498@N06/568404659
https://api.openverse.org/v1/images/391828c0-8cb0-495b-a8ab-cda4c0018586/thumb/,"York, England",Lex Kravetski,https://www.flickr.com/photos/126267068@N04,by 2.0,https://creativecommons.org/licenses/by/2.0/,https://www.flickr.com/photos/126267068@N04/14949716569
https://api.openverse.org/v1/images/bf2d5ed1-51a0-4404-9f21-8b272cb14e7e/thumb/,Can You Etch It - Social media refrigerator magnets - Laser engraved,Book Worm Laser & Design,https://www.flickr.com/photos/70385851@N03,by 2.0,https://creativecommons.org/licenses/by/2.0/,https://www.flickr.com/photos/70385851@N03/7600374992
https://api.openverse.org/v1/images/de5f4719-9693-48b0-ba2b-c2187181d3d9/thumb/,MacBook Air in an Envelope,Yutaka Tsutano,https://www.flickr.com/photos/23208360@N07,by 2.0,https://creativecommons.org/licenses/by/2.0/,https://www.flickr.com/photos/23208360@N07/2285537278
https://api.openverse.org/v1/images/b2a74c85-da13-4bc0-ab3d-f25df3d9f54c/thumb/,eraser,Cookieater2009,https://www.flickr.com/photos/42054904@N04,by 2.0,https://creativecommons.org/licenses/by/2.0/,https://www.flickr.com/photos/42054904@N04/4644872599
https://api.openverse.org/v1/images/4d457867-a044-4ebc-8341-836ff69d3469/thumb/,face,maricargacutan,https://www.flickr.com/photos/37563354@N04,by-sa 2.0,https://creativecommons.org/licenses/by-sa/2.0/,https://www.flickr.com/photos/37563354@N04/4362370970
https://api.openverse.org/v1/images/55b5517a-23d9-418d-bfd7-03010483b925/thumb/,Fair Oaks Ranch Texas Usa Single Family Home For Sale,International Real Estate Listings,https://www.flickr.com/photos/59281281@N03,by-sa 2.0,https://creativecommons.org/licenses/by-sa/2.0/,https://www.flickr.com/photos/59281281@N03/8048783494
https://api.openverse.org/v1/images/a57f4802-23be-49ce-b22f-efd61f5f7d96/thumb/,Ass Fairy - back of left hip,Pretty Poo Eater,https://www.flickr.com/photos/7258100@N02,by-sa 2.0,https://creativecommons.org/licenses/by-sa/2.0/,https://www.flickr.com/photos/7258100@N02/2900680436
https://api.openverse.org/v1/images/582db183-fd66-47f5-a685-7c461324fc0f/thumb/,Bahrain Team Fans 1,Ahmed Rabea,https://www.flickr.com/photos/62204521@N00,by-sa 2.0,https://creativecommons.org/licenses/by-sa/2.0/,https://www.flickr.com/photos/62204521@N00/152467049
https://api.openverse.org/v1/images/73bc5b58-7ce1-4e18-a7e9-33661948b3b5/thumb/,Fashion!,cosmicoutlaw,https://www.flickr.com/photos/11311844@N08,by-sa 2.0,https://creativecommons.org/licenses/by-sa/2.0/,https://www.flickr.com/photos/11311844@N08/8456696929
https://api.openverse.org/v1/images/b1d02a31-f95f-4691-a6e6-1d2512602274/thumb/,THE CORKYS Y FAUNA,formatbrain,https://www.flickr.com/photos/7715992@N03,by 2.0,https://creativecommons.org/licenses/by/2.0/,https://www.flickr.com/photos/7715992@N03/2370143108
https://api.openverse.org/v1/images/9d8257f7-d4fc-47fc-9b82-74d3467731df/thumb/,My Favourite Wife - E X P L O R E D,Clint__Budd,https://www.flickr.com/photos/58827557@N06,by 2.0,https://creativecommons.org/licenses/by/2.0/,https://www.flickr.com/photos/58827557@N06/24028860047
https://api.openverse.org/v1/images/70cca4d8-9338-4dd9-83e6-e40fb4da9c92/thumb/,feather,matthewvenn,https://www.flickr.com/photos/85712049@N00,by-sa 2.0,https://creativecommons.org/licenses/by-sa/2.0/,https://www.flickr.com/photos/85712049@N00/366873545
https://api.openverse.org/v1/images/45a08dfa-6e84-4a2c-a09a-c4dae570fab5/thumb/,Humming Bird at Feeder,Martin Cathrae,https://www.flickr.com/photos/34067077@N00,by-sa 2.0,https://creativecommons.org/licenses/by-sa/2.0/,https://www.flickr.com/photos/34067077@N00/15317750
https://api.openverse.org/v1/images/53d9eb8f-c93c-49f6-bc96-796fa6c7482a/thumb/,#Batman #Pillow #kipassusahmati #batman #feltcraft #feltproject #TheSiblingsArt #Mycraft #Diy #Madetoorder Interested please whatsapp me +6011-2864 4538,Iya Yaya.,https://www.flickr.com/photos/73299771@N05,by-sa 2.0,https://creativecommons.org/licenses/by-sa/2.0/,https://www.flickr.com/photos/73299771@N05/8236759893
https://api.openverse.org/v1/images/382b66c7-0d28-43de-8015-969052af6275/thumb/,Fashion Jewelry Designer ~ Starlite Jewelry Designs ~ Vintage Jewelry ~ Lapis Pearls and Jade Necklace and Earrings with Vintage Filigree Accents,Naomi King,https://www.flickr.com/photos/22141297@N06,by 2.0,https://creativecommons.org/licenses/by/2.0/,https://www.flickr.com/photos/22141297@N06/5969459476
https://api.openverse.org/v1/images/0114e422-34da-48d1-a5dc-db7bdfcf9d55/thumb/,Australian Dilute Finch,Charles Patrick Ewing,https://www.flickr.com/photos/132033298@N04,by 2.0,https://creativecommons.org/licenses/by/2.0/,https://www.flickr.com/photos/132033298@N04/20335729114
https://api.openverse.org/v1/images/10d436f7-7103-413b-a484-165d0d286531/thumb/,Mud Run Finish,Martin Cathrae,https://www.flickr.com/photos/34067077@N00,by-sa 2.0,https://creativecommons.org/licenses/by-sa/2.0/,https://www.flickr.com/photos/34067077@N00/19901226
https://api.openverse.org/v1/images/f0f57df5-5840-4116-b32d-3fef21853f8f/thumb/,American Flag,JeepersMedia,https://www.flickr.com/photos/39160147@N03,by 2.0,https://creativecommons.org/licenses/by/2.0/,https://www.flickr.com/photos/39160147@N03/14687804116
https://api.openverse.org/v1/images/0baf14bc-490d-47e6-82bf-62ec3708d848/thumb/,Flannel plaid background,Ember Studio,https://www.flickr.com/photos/48013511@N07,by 2.0,https://creativecommons.org/licenses/by/2.0/,https://www.flickr.com/photos/48013511@N07/12951396883
https://api.openverse.org/v1/images/33868c6b-937c-4432-aaee-c02be0834f5f/thumb/,Pile of culture flask,jepoirrier,https://www.flickr.com/photos/57519914@N00,by-sa 2.0,https://creativecommons.org/licenses/by-sa/2.0/,https://www.flickr.com/photos/57519914@N00/385575937
https://api.openverse.org/v1/images/d01d9b53-6e81-463f-8b2e-4d7040fed418/thumb/,cahier n3 fleurs p0,pilllpat (agence eureka),https://www.flickr.com/photos/30533017@N00,pdm 1.0,https://creativecommons.org/publicdomain/mark/1.0/,https://www.flickr.com/photos/30533017@N00/38052828984
https://api.openverse.org/v1/images/66688a7b-34b1-444e-a6b7-542d31609ad6/thumb/,Œnologie - Floc de Gascogne blanc et rouge,Alliance française de Wuhan,https://commons.wikimedia.org/wiki/User:Alliance_fran%C3%A7aise_de_Wuhan,by-sa 3.0,https://creativecommons.org/licenses/by-sa/3.0/,https://commons.wikimedia.org/w/index.php?curid=23733201
https://api.openverse.org/v1/images/4128e2e3-36b2-4cd6-a822-2c412e298d41/thumb/,bird flock in vedanthangal,VinothChandar,https://www.flickr.com/photos/44345361@N06,by 2.0,https://creativecommons.org/licenses/by/2.0/,https://www.flickr.com/photos/44345361@N06/4329950828
https://api.openverse.org/v1/images/edb04224-982f-4d89-817a-85132d8fd672/thumb/,Flora Women's Mini Marathon In Dublin (2012) - Winner Was Linda Byrne,infomatique,https://www.flickr.com/photos/80824546@N00,by-sa 2.0,https://creativecommons.org/licenses/by-sa/2.0/,https://www.flickr.com/photos/80824546@N00/7338227610
https://api.openverse.org/v1/images/29566434-a463-4899-9a7c-9a9223bd3298/thumb/,Water flows....,Simoubuntu,https://www.flickr.com/photos/54094993@N06,by-sa 2.0,https://creativecommons.org/licenses/by-sa/2.0/,https://www.flickr.com/photos/54094993@N06/6817026221
https://api.openverse.org/v1/images/61419a75-885c-4e6b-bb24-28b68fb5411b/thumb/,Flowers at Kew Gardens,Alexandre Dulaunoy,https://www.flickr.com/photos/31797858@N00,by-sa 2.0,https://creativecommons.org/licenses/by-sa/2.0/,https://www.flickr.com/photos/31797858@N00/8648707725
https://api.openverse.org/v1/images/91b84bf6-bf62-4a22-95a4-5b074cf63a84/thumb/,Flowerpot,halfrain,https://www.flickr.com/photos/54217251@N05,by-sa 2.0,https://creativecommons.org/licenses/by-sa/2.0/,https://www.flickr.com/photos/54217251@N05/14683534985
https://api.openverse.org/v1/images/397baaa3-982a-49ae-8b7a-108fe8bc256c/thumb/,Flutes/recorders & microphone (1960s),doryfour,https://www.flickr.com/photos/28738704@N07,by-sa 2.0,https://creativecommons.org/licenses/by-sa/2.0/,https://www.flickr.com/photos/28738704@N07/7811510234
https://api.openverse.org/v1/images/3aee11f6-bada-4ecd-b943-80f7691e2e8f/thumb/,Folkart 2021,Metuboy,https://commons.wikimedia.org/w/index.php?title=User:Metuboy&action=edit&redlink=1,by-sa 4.0,https://creativecommons.org/licenses/by-sa/4.0/,https://commons.wikimedia.org/w/index.php?curid=110090375
https://api.openverse.org/v1/images/fad72ce9-1f8a-4f5b-89e9-f239851d2778/thumb/,"Insides - Chocolate Fondant with Jones' Vanilla Bean Ice-Cream - baked to order - Jones The Grocer, Chadstone AUD10",avlxyz,https://www.flickr.com/photos/10559879@N00,by-sa 2.0,https://creativecommons.org/licenses/by-sa/2.0/,https://www.flickr.com/photos/10559879@N00/3106837398
https://api.openverse.org/v1/images/5808d7f2-d6e9-4e02-93a5-bcc17458b1f0/thumb/,"Marden, St Michael & All Saints' church Font",Jules & Jenny,https://www.flickr.com/photos/78914786@N06,by 2.0,https://creativecommons.org/licenses/by/2.0/,https://www.flickr.com/photos/78914786@N06/52569548413
https://api.openverse.org/v1/images/7ba872ad-2c27-4d3d-abaa-26ce49a65b2d/thumb/,Bobcat football V's Fostoria 082,rattler97,https://www.flickr.com/photos/17988787@N00,by 2.0,https://creativecommons.org/licenses/by/2.0/,https://www.flickr.com/photos/17988787@N00/1303091734
https://api.openverse.org/v1/images/937a1001-5040-4f05-8c39-76cdd1d0c791/thumb/,Fall-Forest,Chris Sorge,https://www.flickr.com/photos/66070376@N06,by-sa 2.0,https://creativecommons.org/licenses/by-sa/2.0/,https://www.flickr.com/photos/66070376@N06/8425048235
https://api.openverse.org/v1/images/f4fa2c09-f4b7-4561-a898-e2b10d4d4de9/thumb/,Forked/bifid uvula,minor9th,https://www.flickr.com/photos/35237099476@N01,by-nd 2.0,https://creativecommons.org/licenses/by-nd/2.0/,https://www.flickr.com/photos/35237099476@N01/366364225
https://api.openverse.org/v1/images/711baceb-f997-4a32-a208-880d27d291c7/thumb/,"Megachile fortis, U, face, Jackson County, South Dakota_2013-01-29-17.33.29 ZS PMax",Sam Droege,https://www.flickr.com/photos/54563451@N08,pdm 1.0,https://creativecommons.org/publicdomain/mark/1.0/,https://www.flickr.com/photos/54563451@N08/8428002553
https://api.openverse.org/v1/images/65bd3a3b-68e2-4fea-b80f-a0fe353bde8f/thumb/,Thailand-3749 - Four Faces Buddha (Brahma),archer10 (Dennis),https://www.flickr.com/photos/22490717@N02,by-sa 2.0,https://creativecommons.org/licenses/by-sa/2.0/,https://www.flickr.com/photos/22490717@N02/6042345760
https://api.openverse.org/v1/images/3daa541f-b686-4d07-8a36-5f47e042c698/thumb/,DSC_0206_FNAF: FOXY,saikoxix,https://www.flickr.com/photos/80382778@N07,by 2.0,https://creativecommons.org/licenses/by/2.0/,https://www.flickr.com/photos/80382778@N07/17314373491
https://api.openverse.org/v1/images/8ec53748-2acc-4984-8a6f-528cbb3fb3d9/thumb/,6x9 Kodak Tmax100 frame,Nesster,https://www.flickr.com/photos/80682954@N00,by 2.0,https://creativecommons.org/licenses/by/2.0/,https://www.flickr.com/photos/80682954@N00/3582666281
https://api.openverse.org/v1/images/64bc5fb6-c733-49d1-afa9-2199e1628c3e/thumb/,Poppy Air Freshener Logo By Alang7™,Alang7™,https://www.flickr.com/photos/99610616@N02,by 2.0,https://creativecommons.org/licenses/by/2.0/,https://www.flickr.com/photos/99610616@N02/14008292562
https://api.openverse.org/v1/images/7275d520-2a10-4112-8cea-aea579f2e916/thumb/,Friend,be creator,https://www.flickr.com/photos/119678691@N02,by 2.0,https://creativecommons.org/licenses/by/2.0/,https://www.flickr.com/photos/119678691@N02/14573527910
https://api.openverse.org/v1/images/0563f535-40f8-4c09-af13-8838843778a2/thumb/,friendship - IMG_3604,Nicola since 1972,https://www.flickr.com/photos/15216811@N06,by 2.0,https://creativecommons.org/licenses/by/2.0/,https://www.flickr.com/photos/15216811@N06/13495437084
https://api.openverse.org/v1/images/ad12177f-9577-4871-a8fc-3c25f9c0c1d5/thumb/,"Panorama Of George Julian Zolnay's Allegorical 'Academic, Business & Manual Education' Granite Frieze At Francis L. Cardozo High School (Washington, DC)",takomabibelot,https://www.flickr.com/photos/38782010@N00,cc0 1.0,https://creativecommons.org/publicdomain/zero/1.0/,https://www.flickr.com/photos/38782010@N00/1152687773
https://api.openverse.org/v1/images/932b48b5-3e66-443b-8a2e-642f8727a9ec/thumb/,Feminine frills,Paula Satijn,https://www.flickr.com/photos/8457667@N08,by-nd 2.0,https://creativecommons.org/licenses/by-nd/2.0/,https://www.flickr.com/photos/8457667@N08/24792364549
https://api.openverse.org/v1/images/a0c70269-027f-4080-887c-6ff104379fff/thumb/,Frog,Goamick,https://www.flickr.com/photos/24019848@N03,by-sa 2.0,https://creativecommons.org/licenses/by-sa/2.0/,https://www.flickr.com/photos/24019848@N03/5050935678
https://api.openverse.org/v1/images/8fe2528c-f628-4d26-a2fc-bc9beca518f4/thumb/,From my meditation window 17,Guy Tetreault,https://www.flickr.com/photos/8315797@N03,by 2.0,https://creativecommons.org/licenses/by/2.0/,https://www.flickr.com/photos/8315797@N03/1030114969
https://api.openverse.org/v1/images/41539f6a-2913-406c-b1a8-cce7443d5a0a/thumb/,spooky fruitbowl!,ninachildish,https://www.flickr.com/photos/65737797@N00,by-nd 2.0,https://creativecommons.org/licenses/by-nd/2.0/,https://www.flickr.com/photos/65737797@N00/10598946864
https://api.openverse.org/v1/images/c0afdc6f-83b1-4080-8ce0-3fa25e8b8af4/thumb/,fruit,karen H. nickname.{ pooh},https://www.flickr.com/photos/47409110@N07,by 2.0,https://creativecommons.org/licenses/by/2.0/,https://www.flickr.com/photos/47409110@N07/4400379671
https://api.openverse.org/v1/images/ba5c91ba-452d-4ed3-8d50-2ee0cb367630/thumb/,Fuji X100s,Mondo79,https://www.flickr.com/photos/50417570@N06,by 2.0,https://creativecommons.org/licenses/by/2.0/,https://www.flickr.com/photos/50417570@N06/12248359234
https://api.openverse.org/v1/images/e52a7853-5efe-45d4-a59f-35308bfe1fd2/thumb/,Fun in the water - Things to do in Riviera Maya,Grand Velas Riviera Maya,https://www.flickr.com/photos/33887484@N08,by-sa 2.0,https://creativecommons.org/licenses/by-sa/2.0/,https://www.flickr.com/photos/33887484@N08/3180221558
https://api.openverse.org/v1/images/219c8156-1e57-4138-a5fe-e84d2666027d/thumb/,Back- Fuschia,ir0cko,https://www.flickr.com/photos/68525400@N00,by 2.0,https://creativecommons.org/licenses/by/2.0/,https://www.flickr.com/photos/68525400@N00/2629628898
https://api.openverse.org/v1/images/95dc3996-449b-49ab-9f78-772218683dbe/thumb/,The social media game,stefanomaggi,https://www.flickr.com/photos/31980599@N07,by-nd 2.0,https://creativecommons.org/licenses/by-nd/2.0/,https://www.flickr.com/photos/31980599@N07/5672548544
https://api.openverse.org/v1/images/713f3673-eb8a-413b-8843-15e41e9e3ee8/thumb/,Garage,tachyondecay,https://www.flickr.com/photos/60206297@N00,by 2.0,https://creativecommons.org/licenses/by/2.0/,https://www.flickr.com/photos/60206297@N00/2068146974
https://api.openverse.org/v1/images/86ec59f2-d0c8-41e9-b1ec-0619170d115f/thumb/,container garden,lemonhalf,https://www.flickr.com/photos/7570076@N04,by-sa 2.0,https://creativecommons.org/licenses/by-sa/2.0/,https://www.flickr.com/photos/7570076@N04/8674089196
https://api.openverse.org/v1/images/a97911af-e24d-4823-8bd3-92fd3af7c472/thumb/,Blason famille fr de Garlande,A.T-2012,https://commons.wikimedia.org/wiki/User:F5JMH,by-sa 3.0,https://creativecommons.org/licenses/by-sa/3.0/,https://commons.wikimedia.org/w/index.php?curid=22893599
https://api.openverse.org/v1/images/42564487-6320-4a50-87c5-548a759a2859/thumb/,Gulf Sunset Beyond the Gazebo,Charles Patrick Ewing,https://www.flickr.com/photos/132033298@N04,by 2.0,https://creativecommons.org/licenses/by/2.0/,https://www.flickr.com/photos/132033298@N04/24873546867
https://api.openverse.org/v1/images/3b36d657-4ee4-4358-8e98-e4c3ec871a6d/thumb/,Gebras Sassenberg,Elektroll,https://commons.wikimedia.org/w/index.php?title=User:Elektroll&action=edit&redlink=1,cc0 1.0,https://creativecommons.org/publicdomain/zero/1.0/deed.en/,https://commons.wikimedia.org/w/index.php?curid=27155493
https://api.openverse.org/v1/images/99a922b6-ff31-4223-9f2d-51185d46f16a/thumb/,"Gent, Belgium",Lex Kravetski,https://www.flickr.com/photos/126267068@N04,by 2.0,https://creativecommons.org/licenses/by/2.0/,https://www.flickr.com/photos/126267068@N04/15530866609
https://api.openverse.org/v1/images/ab776d0c-8cbf-413d-8e3c-87696fc291df/thumb/,Yoga in King George Square Brisbane-05=,Sheba Also 18 Million Views,https://www.flickr.com/photos/34534185@N00,by-sa 2.0,https://creativecommons.org/licenses/by-sa/2.0/,https://www.flickr.com/photos/34534185@N00/9324618017
https://api.openverse.org/v1/images/e0ac4847-5e04-4efa-a718-89c39677b352/thumb/,Strathalbyn Post Office was buit in Revial Georgian style in 1911. Note the GR on the facade for King George Fifth of England who was only ascended the crown in 1910.,denisbin,https://www.flickr.com/photos/82134796@N03,by-nd 2.0,https://creativecommons.org/licenses/by-nd/2.0/,https://www.flickr.com/photos/82134796@N03/12096758754
https://api.openverse.org/v1/images/6760dd66-c96f-4e74-ba1f-1e6edee77d72/thumb/,Gingham Paper Texture,Calsidyrose,https://www.flickr.com/photos/17557997@N02,by 2.0,https://creativecommons.org/licenses/by/2.0/,https://www.flickr.com/photos/17557997@N02/4607001901
https://api.openverse.org/v1/images/42478b17-1ad0-447a-ac75-3dfa6b7e5e18/thumb/,girl,zhaohui008008,https://www.flickr.com/photos/120866016@N08,by-sa 2.0,https://creativecommons.org/licenses/by-sa/2.0/,https://www.flickr.com/photos/120866016@N08/22786530241
https://api.openverse.org/v1/images/c1a152e7-2213-4639-96e5-51db56ea4724/thumb/,LR Glamor Shoot 1 (I didn't pose her),marcalandavis,https://www.flickr.com/photos/74161230@N00,by 2.0,https://creativecommons.org/licenses/by/2.0/,https://www.flickr.com/photos/74161230@N00/65250040
https://api.openverse.org/v1/images/34ed04b6-47dd-4c59-9dc0-16d1ba594364/thumb/,Resume - Glasses,flazingo_photos,https://www.flickr.com/photos/124247024@N07,by-sa 2.0,https://creativecommons.org/licenses/by-sa/2.0/,https://www.flickr.com/photos/124247024@N07/13903383190
https://api.openverse.org/v1/images/22aa7c8c-a228-40ca-8ae7-c1e6f27751fc/thumb/,Glazed Marble,places_lost,https://www.flickr.com/photos/138895397@N03,by 2.0,https://creativecommons.org/licenses/by/2.0/,https://www.flickr.com/photos/138895397@N03/33830232391
https://api.openverse.org/v1/images/1519da5f-834e-4df6-ab1e-225e14845df0/thumb/,topless glitter wrestling,olliethebastard,https://www.flickr.com/photos/77133620@N00,by 2.0,https://creativecommons.org/licenses/by/2.0/,https://www.flickr.com/photos/77133620@N00/247613894
https://api.openverse.org/v1/images/95ae6d34-5ea7-46ac-9ae3-bd585872c763/thumb/,photos globe,Sean MacEntee,https://www.flickr.com/photos/18090920@N07,by 2.0,https://creativecommons.org/licenses/by/2.0/,https://www.flickr.com/photos/18090920@N07/5303903135
https://api.openverse.org/v1/images/21e9854c-8501-47eb-9f37-4193205981e1/thumb/,"Glossed Gospels, Decorated initial L, Walters Manuscript W.15, fol. 5v",Walters Art Museum Illuminated Manuscripts,https://www.flickr.com/photos/39699193@N03,cc0 1.0,https://creativecommons.org/publicdomain/zero/1.0/,https://www.flickr.com/photos/39699193@N03/8816659782
https://api.openverse.org/v1/images/829b34ac-e094-4745-ad21-86d40a4a70a0/thumb/,baseball glove,theseanster93,https://www.flickr.com/photos/7912605@N08,by-sa 2.0,https://creativecommons.org/licenses/by-sa/2.0/,https://www.flickr.com/photos/7912605@N08/861124921
https://api.openverse.org/v1/images/59d438d0-857d-426e-8e31-2fdf1c3f27e9/thumb/,Gnome Colors,okubax,https://www.flickr.com/photos/9933931@N05,by 2.0,https://creativecommons.org/licenses/by/2.0/,https://www.flickr.com/photos/9933931@N05/12135127104
https://api.openverse.org/v1/images/f9c7fb67-2d80-4524-bbde-929f3f61e638/thumb/,A couple swan goblets,eastfallsglass,https://www.flickr.com/photos/31412097@N00,by-nd 2.0,https://creativecommons.org/licenses/by-nd/2.0/,https://www.flickr.com/photos/31412097@N00/169691957
https://api.openverse.org/v1/images/25e343dd-69d0-4252-94fd-ba3183976994/thumb/,Ickle baby goldfish,threefingeredlord,https://www.flickr.com/photos/12568296@N06,by-sa 2.0,https://creativecommons.org/licenses/by-sa/2.0/,https://www.flickr.com/photos/12568296@N06/3894650658
https://api.openverse.org/v1/images/bc1d923c-44fb-4d5f-8bcb-e761b73efad7/thumb/,Flesh Gordon,Patrick_Gug,https://www.flickr.com/photos/72176181@N00,by 2.0,https://creativecommons.org/licenses/by/2.0/,https://www.flickr.com/photos/72176181@N00/496500897
https://api.openverse.org/v1/images/5b554e94-7c05-4dd7-a478-19ffdc3d4675/thumb/,Graphic design is a universal language.,kasrak,https://www.flickr.com/photos/76417507@N00,by 2.0,https://creativecommons.org/licenses/by/2.0/,https://www.flickr.com/photos/76417507@N00/2251758502
https://api.openverse.org/v1/images/ff326610-af42-49d3-88bf-13526ab62d6c/thumb/,Grow Wallpaper,follow777,https://www.flickr.com/photos/16927987@N06,by 2.0,https://creativecommons.org/licenses/by/2.0/,https://www.flickr.com/photos/16927987@N06/2941860083
https://api.openverse.org/v1/images/5dab2326-a4fc-43c8-9d8e-4429f5f69769/thumb/,"GUM, Moscow, 1980",CeriC,https://www.flickr.com/photos/63114989@N00,by 2.0,https://creativecommons.org/licenses/by/2.0/,https://www.flickr.com/photos/63114989@N00/18268720894
https://api.openverse.org/v1/images/68609e31-7794-422c-bad9-8db73823924e/thumb/,Gymkhana madrid 2013,ricardoabengozahernandez,https://www.flickr.com/photos/98077383@N02,by 2.0,https://creativecommons.org/licenses/by/2.0/,https://www.flickr.com/photos/98077383@N02/10675549936
https://api.openverse.org/v1/images/f92d6dc3-421f-4c58-a509-0c7b258682c5/thumb/,"Girls Flower Pink + Blue Roses Flower Crown / Hairband Accessory Antique Button, Bridal Headpiece, Flower Girl Crown, Woodland Fairy",AtelierGwendolyne,https://www.flickr.com/photos/37467629@N00,by-nd 2.0,https://creativecommons.org/licenses/by-nd/2.0/,https://www.flickr.com/photos/37467629@N00/15288423975
https://api.openverse.org/v1/images/6cc10279-dba9-4892-a482-1d54378fbdfb/thumb/,Boy 1 styles Girl 1's hair with oodles of hairclips..,lupinoduck,https://www.flickr.com/photos/56459230@N00,by-nd 2.0,https://creativecommons.org/licenses/by-nd/2.0/,https://www.flickr.com/photos/56459230@N00/5908415075
https://api.openverse.org/v1/images/b58db34e-8442-4a07-ad6b-c3680049c0f3/thumb/,Hairslides,-hollycore,https://www.flickr.com/photos/49988506@N08,by-nd 2.0,https://creativecommons.org/licenses/by-nd/2.0/,https://www.flickr.com/photos/49988506@N08/8707592152
https://api.openverse.org/v1/images/0d453b0c-9380-4997-bceb-b898700bd878/thumb/,Methodist Hall and Sunday School in Mt Gambier. Built in 1903 with a Victorian classical facade. Now professional offices.,denisbin,https://www.flickr.com/photos/82134796@N03,by-nd 2.0,https://creativecommons.org/licenses/by-nd/2.0/,https://www.flickr.com/photos/82134796@N03/10603466106
https://api.openverse.org/v1/images/fc2269af-d5bc-4cb0-8ad9-816a280fa424/thumb/,Got Hammock?,slgckgc,https://www.flickr.com/photos/14771153@N04,by 2.0,https://creativecommons.org/licenses/by/2.0/,https://www.flickr.com/photos/14771153@N04/7433810112
https://api.openverse.org/v1/images/ee400ae7-0790-45b3-a484-0ab01cd9f49b/thumb/,Kim and Khloe Kardashian Handbag,Eva Rinaldi Celebrity Photographer,https://www.flickr.com/photos/58820009@N05,by-sa 2.0,https://creativecommons.org/licenses/by-sa/2.0/,https://www.flickr.com/photos/58820009@N05/6307601553
https://api.openverse.org/v1/images/50ee06b0-7dd9-4055-b0b6-c94d112f05bd/thumb/,Wrapping the Oar Handles,Chris Hunkeler,https://www.flickr.com/photos/14913305@N00,by-sa 2.0,https://creativecommons.org/licenses/by-sa/2.0/,https://www.flickr.com/photos/14913305@N00/9612959682
https://api.openverse.org/v1/images/b984bec7-0df5-47f0-b8d7-d6c67685f1e1/thumb/,Bat Hanger,Ian Sane,https://www.flickr.com/photos/31246066@N04,by 2.0,https://creativecommons.org/licenses/by/2.0/,https://www.flickr.com/photos/31246066@N04/6365253017
https://api.openverse.org/v1/images/6b0aa342-64cb-4ce1-bb05-afa0f5b864a2/thumb/,Happiness Statistics,Andrew Tarvin,https://www.flickr.com/photos/57527432@N04,by 2.0,https://creativecommons.org/licenses/by/2.0/,https://www.flickr.com/photos/57527432@N04/10845547513
https://api.openverse.org/v1/images/668fdc34-0336-4cb9-8dc4-b4ebec059cd8/thumb/,Haring Garden,Chris Hunkeler,https://www.flickr.com/photos/14913305@N00,by-sa 2.0,https://creativecommons.org/licenses/by-sa/2.0/,https://www.flickr.com/photos/14913305@N00/14280140685
https://api.openverse.org/v1/images/71fc2e32-e419-4c0b-b8cf-b1eadc114835/thumb/,New Haven Connecticut - Romanesque - Richardsonian Architecture - College Town,Onasill - Bill Badzo - 149 Million Views - Thank Y,https://www.flickr.com/photos/7156765@N05,by-sa 2.0,https://creativecommons.org/licenses/by-sa/2.0/,https://www.flickr.com/photos/7156765@N05/51368894708
https://api.openverse.org/v1/images/e3248609-1108-4b39-89c9-877e97d926f9/thumb/,Cool Blog Sociale - 15 July 2008 - Homer Simpson's head through X-ray,SOCIALisBETTER,https://www.flickr.com/photos/27620885@N02,by 2.0,https://creativecommons.org/licenses/by/2.0/,https://www.flickr.com/photos/27620885@N02/2671077524
https://api.openverse.org/v1/images/43a141c2-6487-4745-8676-c49ceadf41d1/thumb/,'he loves me - he loves me not' necklace,Fordos,https://www.flickr.com/photos/32603557@N05,by-sa 2.0,https://creativecommons.org/licenses/by-sa/2.0/,https://www.flickr.com/photos/32603557@N05/4351981792
https://api.openverse.org/v1/images/4b56ac14-c109-43db-a3b8-6f8491648aef/thumb/,Paragon Leasing Sign,pixeljones,https://www.flickr.com/photos/82862615@N00,by-sa 2.0,https://creativecommons.org/licenses/by-sa/2.0/,https://www.flickr.com/photos/82862615@N00/24563730
https://api.openverse.org/v1/images/5f490aab-714a-4ab0-ba1c-65035a8ab4fb/thumb/,New Mug Bodies,Martin Cathrae,https://www.flickr.com/photos/34067077@N00,by-sa 2.0,https://creativecommons.org/licenses/by-sa/2.0/,https://www.flickr.com/photos/34067077@N00/4013841245
https://api.openverse.org/v1/images/39e17456-3795-4ef9-9fba-143906935f6f/thumb/,Diamond Ring,Jeffrey Beall,https://www.flickr.com/photos/31437555@N00,by-sa 2.0,https://creativecommons.org/licenses/by-sa/2.0/,https://www.flickr.com/photos/31437555@N00/8476801743
https://api.openverse.org/v1/images/765d9a44-9ba5-4ac3-bde1-9dc9a7eb2770/thumb/,Lights,Masa T.,https://www.flickr.com/photos/17670003@N05,by 2.0,https://creativecommons.org/licenses/by/2.0/,https://www.flickr.com/photos/17670003@N05/2994128239
https://api.openverse.org/v1/images/50a14bda-9275-4685-ae87-7dd051c3a213/thumb/,mirror,dottieg2007,https://www.flickr.com/photos/7241709@N06,by 2.0,https://creativecommons.org/licenses/by/2.0/,https://www.flickr.com/photos/7241709@N06/7019555347
https://api.openverse.org/v1/images/d224c01b-ea04-4ba0-abfa-30a0b719aa66/thumb/,Birch Trees,saaby,https://www.flickr.com/photos/12247281@N00,by-sa 2.0,https://creativecommons.org/licenses/by-sa/2.0/,https://www.flickr.com/photos/12247281@N00/23358350
https://api.openverse.org/v1/images/1fc08491-7c6e-4183-be28-60a2ca87c2b7/thumb/,Unknown lady - Hook family album,whatsthatpicture,https://www.flickr.com/photos/24469639@N00,pdm 1.0,https://creativecommons.org/publicdomain/mark/1.0/,https://www.flickr.com/photos/24469639@N00/6877845273
https://api.openverse.org/v1/images/6dbda933-025f-41ea-8e49-85fe18db9274/thumb/,Nu Skin Building Wrap,debaird™,https://www.flickr.com/photos/48889107219@N01,by-sa 2.0,https://creativecommons.org/licenses/by-sa/2.0/,https://www.flickr.com/photos/48889107219@N01/182025
https://api.openverse.org/v1/images/f2e4e7aa-e3d0-4c0d-b59a-e717dd128a65/thumb/,"Keep smiling, even when you fall backwards with a tray of glasses in your hand",www.ralfsteinberger.com,https://www.flickr.com/photos/145472109@N04,by 2.0,https://creativecommons.org/licenses/by/2.0/,https://www.flickr.com/photos/145472109@N04/27094762307
https://api.openverse.org/v1/images/c7a32cc5-3e99-4b9a-95cd-f5828f50ea34/thumb/,Mama Ferret Counts her Kits,USFWS Mountain Prairie,https://www.flickr.com/photos/51986662@N05,by 2.0,https://creativecommons.org/licenses/by/2.0/,https://www.flickr.com/photos/51986662@N05/7537056038
https://api.openverse.org/v1/images/348bc62a-d0d7-4ac6-be4f-77ebbd27b328/thumb/,TIN TAN,LALO VAZQUEZ,https://www.flickr.com/photos/30993853@N06,by-sa 2.0,https://creativecommons.org/licenses/by-sa/2.0/,https://www.flickr.com/photos/30993853@N06/3326591958
https://api.openverse.org/v1/images/bc534457-cd5d-4887-ad2c-f42c33344be5/thumb/,173-365 (Year 7) My notebook,♔ Georgie R,https://www.flickr.com/photos/19396658@N00,by-nd 2.0,https://creativecommons.org/licenses/by-nd/2.0/,https://www.flickr.com/photos/19396658@N00/10188453483
https://api.openverse.org/v1/images/c81a5b8f-093c-46bd-8753-50cdb2af7378/thumb/,Cthulhu License Plate,sigsegv,https://www.flickr.com/photos/94949976@N00,by-sa 2.0,https://creativecommons.org/licenses/by-sa/2.0/,https://www.flickr.com/photos/94949976@N00/40492213
https://api.openverse.org/v1/images/1c805922-fd5f-49af-9cb5-f438ca31390b/thumb/,Make an iPad Stand from its own Packaging Materials,3n,https://www.flickr.com/photos/52179512@N00,by-nd 2.0,https://creativecommons.org/licenses/by-nd/2.0/,https://www.flickr.com/photos/52179512@N00/4537456110
https://api.openverse.org/v1/images/713edf7e-d3be-4993-b671-7372c1d675fa/thumb/,moo cards stickers party london,osde8info,https://www.flickr.com/photos/8764442@N07,by-sa 2.0,https://creativecommons.org/licenses/by-sa/2.0/,https://www.flickr.com/photos/8764442@N07/912457716
https://api.openverse.org/v1/images/1f375716-64cb-4fea-942c-2c5a440cd9ed/thumb/,Rose,DBduo Photography,https://www.flickr.com/photos/61926883@N00,by-sa 2.0,https://creativecommons.org/licenses/by-sa/2.0/,https://www.flickr.com/photos/61926883@N00/594943423
https://api.openverse.org/v1/images/81ab0a1d-2964-4a2f-a4fe-7f105e59de40/thumb/,Purse with Money,401(K) 2013,https://www.flickr.com/photos/68751915@N05,by-sa 2.0,https://creativecommons.org/licenses/by-sa/2.0/,https://www.flickr.com/photos/68751915@N05/6722570555
https://api.openverse.org/v1/images/c1db1cee-90fe-4859-bbfc-8ab207962756/thumb/,Magnetic Fields - 14,oskay,https://www.flickr.com/photos/17425845@N00,by 2.0,https://creativecommons.org/licenses/by/2.0/,https://www.flickr.com/photos/17425845@N00/4581193346
